dataset,train_ratio,seed,model,index,val_score,y_val,test_score,y_test
streamspot,0.8,42,graphcl,0,0.10665309429168701,0,0.046704500913619995,0
streamspot,0.8,42,graphcl,1,0.05195435509085655,0,0.32631731033325195,1
streamspot,0.8,42,graphcl,2,0.08204629272222519,0,0.09098906069993973,0
streamspot,0.8,42,graphcl,3,0.05371514707803726,0,0.06898489594459534,0
streamspot,0.8,42,graphcl,4,0.06890267133712769,0,0.08210157603025436,0
streamspot,0.8,42,graphcl,5,0.06275271624326706,0,0.05393674597144127,0
streamspot,0.8,42,graphcl,6,0.3534482419490814,1,0.3484727144241333,1
streamspot,0.8,42,graphcl,7,0.33321699500083923,1,0.07644734531641006,0
streamspot,0.8,42,graphcl,8,0.06559209525585175,0,0.04839892312884331,0
streamspot,0.8,42,graphcl,9,0.05151492357254028,0,0.05815404653549194,0
streamspot,0.8,42,graphcl,10,0.06452594697475433,0,0.055244989693164825,0
streamspot,0.8,42,graphcl,11,0.06510227173566818,0,0.3670344054698944,1
streamspot,0.8,42,graphcl,12,0.31838950514793396,1,0.10196536034345627,0
streamspot,0.8,42,graphcl,13,0.0930958241224289,0,0.04580463841557503,0
streamspot,0.8,42,graphcl,14,0.050006479024887085,0,0.08921144902706146,0
streamspot,0.8,42,graphcl,15,0.07523228973150253,0,0.3046133816242218,1
streamspot,0.8,42,graphcl,16,0.06701957434415817,0,0.09383276849985123,0
streamspot,0.8,42,graphcl,17,0.04165369272232056,0,0.06338842958211899,0
streamspot,0.8,42,graphcl,18,0.11141091585159302,0,0.16993756592273712,0
streamspot,0.8,42,graphcl,19,0.3116658627986908,1,0.1052897721529007,0
streamspot,0.8,42,graphcl,20,0.07238767296075821,0,0.07186048477888107,0
streamspot,0.8,42,graphcl,21,0.06994890421628952,0,0.06527433544397354,0
streamspot,0.8,42,graphcl,22,0.062154579907655716,0,0.3294605314731598,1
streamspot,0.8,42,graphcl,23,0.12730710208415985,0,0.08308090269565582,0
streamspot,0.8,42,graphcl,24,0.03704674541950226,0,0.052417900413274765,0
streamspot,0.8,42,graphcl,25,0.3474271595478058,1,0.07048442214727402,0
streamspot,0.8,42,graphcl,26,0.04939403757452965,0,0.05510777235031128,0
streamspot,0.8,42,graphcl,27,0.07876291126012802,0,0.05732691287994385,0
streamspot,0.8,42,graphcl,28,0.11558779329061508,0,0.0649721622467041,0
streamspot,0.8,42,graphcl,29,0.06599410623311996,0,0.06427982449531555,0
streamspot,0.8,42,graphcl,30,0.20974436402320862,0,0.06769414246082306,0
streamspot,0.8,42,graphcl,31,0.1023411974310875,0,0.04901967570185661,0
streamspot,0.8,42,graphcl,32,0.14777110517024994,0,0.14156171679496765,0
streamspot,0.8,42,graphcl,33,0.15216679871082306,0,0.047476936131715775,0
streamspot,0.8,42,graphcl,34,0.04067337512969971,0,0.06423390656709671,0
streamspot,0.8,42,graphcl,35,0.07590882480144501,0,0.08690844476222992,0
streamspot,0.8,42,graphcl,36,0.14851246774196625,0,0.35795825719833374,1
streamspot,0.8,42,graphcl,37,0.054952990263700485,0,0.06626048684120178,0
streamspot,0.8,42,graphcl,38,0.3700418472290039,1,0.32480332255363464,1
streamspot,0.8,42,graphcl,39,0.04632128030061722,0,0.07520408928394318,0
streamspot,0.8,42,graphcl,40,0.06166111305356026,0,0.2751637101173401,1
streamspot,0.8,42,graphcl,41,0.06035733222961426,0,0.07282636314630508,0
streamspot,0.8,42,graphcl,42,0.07656583935022354,0,0.061251748353242874,0
streamspot,0.8,42,graphcl,43,0.04771026596426964,0,0.09903138875961304,0
streamspot,0.8,42,graphcl,44,0.05063728615641594,0,0.07267575711011887,0
streamspot,0.8,42,graphcl,45,0.05768110230565071,0,0.055046286433935165,0
streamspot,0.8,42,graphcl,46,0.10822353512048721,0,0.08287198096513748,0
streamspot,0.8,42,graphcl,47,0.3147900700569153,1,0.04825554043054581,0
streamspot,0.8,42,graphcl,48,0.3418062627315521,1,0.05921384319663048,0
streamspot,0.8,42,graphcl,49,0.04552316665649414,0,0.09121271967887878,0
streamspot,0.8,42,graphcl,50,0.3157685399055481,1,0.06335398554801941,0
streamspot,0.8,42,graphcl,51,0.06980179250240326,0,0.10367298126220703,0
streamspot,0.8,42,graphcl,52,0.05432324483990669,0,0.08941234648227692,0
streamspot,0.8,42,graphcl,53,0.10256128758192062,0,0.055963944643735886,0
streamspot,0.8,42,graphcl,54,0.08379971235990524,0,0.05347677692770958,0
streamspot,0.8,42,graphcl,55,0.06108565255999565,0,0.07179344445466995,0
streamspot,0.8,42,graphcl,56,0.13036715984344482,0,0.14208924770355225,0
streamspot,0.8,42,graphcl,57,0.1103929802775383,0,0.06086965277791023,0
streamspot,0.8,42,graphcl,58,0.07618419826030731,0,0.3366645276546478,1
streamspot,0.8,42,graphcl,59,0.3181687891483307,1,0.3360110819339752,1
streamspot,0.8,43,graphcl,0,0.05852925777435303,0,0.06730838119983673,0
streamspot,0.8,43,graphcl,1,0.052172549068927765,0,0.07713627815246582,0
streamspot,0.8,43,graphcl,2,0.3778919279575348,1,0.05769729241728783,0
streamspot,0.8,43,graphcl,3,0.044077105820178986,0,0.45744457840919495,1
streamspot,0.8,43,graphcl,4,0.07902222871780396,0,0.0577244870364666,0
streamspot,0.8,43,graphcl,5,0.4605119824409485,1,0.459881067276001,1
streamspot,0.8,43,graphcl,6,0.04586926847696304,0,0.04707043245434761,0
streamspot,0.8,43,graphcl,7,0.04869958013296127,0,0.08565551042556763,0
streamspot,0.8,43,graphcl,8,0.04669029638171196,0,0.10924549400806427,0
streamspot,0.8,43,graphcl,9,0.3635033071041107,1,0.25186887383461,1
streamspot,0.8,43,graphcl,10,0.07770729064941406,0,0.09457982331514359,0
streamspot,0.8,43,graphcl,11,0.05410392954945564,0,0.05354953557252884,0
streamspot,0.8,43,graphcl,12,0.17711876332759857,0,0.062102675437927246,0
streamspot,0.8,43,graphcl,13,0.06827496737241745,0,0.05814533308148384,0
streamspot,0.8,43,graphcl,14,0.09827373176813126,0,0.4605565071105957,1
streamspot,0.8,43,graphcl,15,0.05201415345072746,0,0.052484769374132156,0
streamspot,0.8,43,graphcl,16,0.045136284083127975,0,0.06302399188280106,0
streamspot,0.8,43,graphcl,17,0.07506618648767471,0,0.03735784813761711,0
streamspot,0.8,43,graphcl,18,0.06978239864110947,0,0.0880855917930603,0
streamspot,0.8,43,graphcl,19,0.08182527869939804,0,0.05998415872454643,0
streamspot,0.8,43,graphcl,20,0.16527323424816132,0,0.11557543277740479,0
streamspot,0.8,43,graphcl,21,0.05011714622378349,0,0.038550592958927155,0
streamspot,0.8,43,graphcl,22,0.07802493870258331,0,0.12122764438390732,0
streamspot,0.8,43,graphcl,23,0.044725991785526276,0,0.1168377548456192,0
streamspot,0.8,43,graphcl,24,0.0739738792181015,0,0.051020242273807526,0
streamspot,0.8,43,graphcl,25,0.47752857208251953,1,0.07652270793914795,0
streamspot,0.8,43,graphcl,26,0.13994735479354858,0,0.0736640989780426,0
streamspot,0.8,43,graphcl,27,0.04224749282002449,0,0.10358589142560959,0
streamspot,0.8,43,graphcl,28,0.0500241219997406,0,0.06320574134588242,0
streamspot,0.8,43,graphcl,29,0.2634483277797699,0,0.07534601539373398,0
streamspot,0.8,43,graphcl,30,0.08960973471403122,0,0.04994969069957733,0
streamspot,0.8,43,graphcl,31,0.08567630499601364,0,0.07670967280864716,0
streamspot,0.8,43,graphcl,32,0.06091519072651863,0,0.06937944144010544,0
streamspot,0.8,43,graphcl,33,0.04219767078757286,0,0.1530143767595291,0
streamspot,0.8,43,graphcl,34,0.03962581977248192,0,0.11146904528141022,0
streamspot,0.8,43,graphcl,35,0.06025954708456993,0,0.04402007535099983,0
streamspot,0.8,43,graphcl,36,0.053161442279815674,0,0.04407813772559166,0
streamspot,0.8,43,graphcl,37,0.051445215940475464,0,0.05214790254831314,0
streamspot,0.8,43,graphcl,38,0.049273815006017685,0,0.060008835047483444,0
streamspot,0.8,43,graphcl,39,0.05945394188165665,0,0.4609346091747284,1
streamspot,0.8,43,graphcl,40,0.04120782017707825,0,0.05929933860898018,0
streamspot,0.8,43,graphcl,41,0.04262808710336685,0,0.051612164825201035,0
streamspot,0.8,43,graphcl,42,0.4766291081905365,1,0.0788612961769104,0
streamspot,0.8,43,graphcl,43,0.11583814769983292,0,0.037922587245702744,0
streamspot,0.8,43,graphcl,44,0.484246164560318,1,0.15593934059143066,0
streamspot,0.8,43,graphcl,45,0.04531100392341614,0,0.051407959312200546,0
streamspot,0.8,43,graphcl,46,0.42335042357444763,1,0.05008009821176529,0
streamspot,0.8,43,graphcl,47,0.06143162399530411,0,0.051432568579912186,0
streamspot,0.8,43,graphcl,48,0.05570637062191963,0,0.42183706164360046,1
streamspot,0.8,43,graphcl,49,0.10306680202484131,0,0.21082870662212372,1
streamspot,0.8,43,graphcl,50,0.07509176433086395,0,0.45250603556632996,1
streamspot,0.8,43,graphcl,51,0.08685656636953354,0,0.04916466400027275,0
streamspot,0.8,43,graphcl,52,0.06217663362622261,0,0.1623382419347763,0
streamspot,0.8,43,graphcl,53,0.37621748447418213,1,0.042955655604600906,0
streamspot,0.8,43,graphcl,54,0.04255696013569832,0,0.09036295861005783,0
streamspot,0.8,43,graphcl,55,0.03588398918509483,0,0.043365512043237686,0
streamspot,0.8,43,graphcl,56,0.3920494019985199,1,0.45499467849731445,1
streamspot,0.8,43,graphcl,57,0.3737354278564453,1,0.08419758081436157,0
streamspot,0.8,43,graphcl,58,0.04395407810807228,0,0.3638964593410492,1
streamspot,0.8,43,graphcl,59,0.08490174263715744,0,0.0743328332901001,0
streamspot,0.8,44,graphcl,0,0.09722695499658585,0,0.14557193219661713,0
streamspot,0.8,44,graphcl,1,0.09438778460025787,0,0.16336673498153687,0
streamspot,0.8,44,graphcl,2,0.11788509041070938,0,0.1237577348947525,0
streamspot,0.8,44,graphcl,3,0.08736517280340195,0,0.35280442237854004,1
streamspot,0.8,44,graphcl,4,0.06028028950095177,0,0.11887522041797638,0
streamspot,0.8,44,graphcl,5,0.194197416305542,0,0.12847471237182617,0
streamspot,0.8,44,graphcl,6,0.11436767876148224,0,0.09865619987249374,0
streamspot,0.8,44,graphcl,7,0.15048670768737793,0,0.11380124092102051,0
streamspot,0.8,44,graphcl,8,0.09669481962919235,0,0.3814767003059387,1
streamspot,0.8,44,graphcl,9,0.11534126102924347,0,0.4313060939311981,1
streamspot,0.8,44,graphcl,10,0.09910137206315994,0,0.20162558555603027,0
streamspot,0.8,44,graphcl,11,0.09093635529279709,0,0.4089607298374176,1
streamspot,0.8,44,graphcl,12,0.12620992958545685,0,0.1142585501074791,0
streamspot,0.8,44,graphcl,13,0.2593328356742859,1,0.11543136090040207,0
streamspot,0.8,44,graphcl,14,0.10351798683404922,0,0.2750577926635742,1
streamspot,0.8,44,graphcl,15,0.14934208989143372,0,0.07503506541252136,0
streamspot,0.8,44,graphcl,16,0.118998222053051,0,0.1437951922416687,0
streamspot,0.8,44,graphcl,17,0.1187666803598404,0,0.18095111846923828,0
streamspot,0.8,44,graphcl,18,0.10037412494421005,0,0.08867458999156952,0
streamspot,0.8,44,graphcl,19,0.07705014199018478,0,0.23628179728984833,0
streamspot,0.8,44,graphcl,20,0.12226631492376328,0,0.10211696475744247,0
streamspot,0.8,44,graphcl,21,0.20701022446155548,0,0.10913702100515366,0
streamspot,0.8,44,graphcl,22,0.15383495390415192,0,0.1588483303785324,0
streamspot,0.8,44,graphcl,23,0.13375884294509888,0,0.19370804727077484,0
streamspot,0.8,44,graphcl,24,0.11291611194610596,0,0.11515414714813232,0
streamspot,0.8,44,graphcl,25,0.12179484218358994,0,0.1248263269662857,0
streamspot,0.8,44,graphcl,26,0.11669086664915085,0,0.1543053388595581,0
streamspot,0.8,44,graphcl,27,0.13884004950523376,0,0.1150074228644371,0
streamspot,0.8,44,graphcl,28,0.1174432560801506,0,0.21161174774169922,0
streamspot,0.8,44,graphcl,29,0.3758407533168793,1,0.15277957916259766,0
streamspot,0.8,44,graphcl,30,0.1009182557463646,0,0.10322126001119614,0
streamspot,0.8,44,graphcl,31,0.10069137066602707,0,0.3390679359436035,1
streamspot,0.8,44,graphcl,32,0.12858667969703674,0,0.18005751073360443,0
streamspot,0.8,44,graphcl,33,0.11010382324457169,0,0.11103760451078415,0
streamspot,0.8,44,graphcl,34,0.4146346151828766,1,0.10317102819681168,0
streamspot,0.8,44,graphcl,35,0.1391036957502365,0,0.13374808430671692,0
streamspot,0.8,44,graphcl,36,0.08255461603403091,0,0.28695422410964966,1
streamspot,0.8,44,graphcl,37,0.4028548300266266,1,0.09414133429527283,0
streamspot,0.8,44,graphcl,38,0.18585096299648285,0,0.09201528131961823,0
streamspot,0.8,44,graphcl,39,0.10901036113500595,0,0.10458173602819443,0
streamspot,0.8,44,graphcl,40,0.11230964958667755,0,0.10738898813724518,0
streamspot,0.8,44,graphcl,41,0.3529278635978699,1,0.1550736427307129,0
streamspot,0.8,44,graphcl,42,0.09935952723026276,0,0.11721798032522202,0
streamspot,0.8,44,graphcl,43,0.3771340847015381,1,0.1947014331817627,0
streamspot,0.8,44,graphcl,44,0.205912783741951,0,0.12821167707443237,0
streamspot,0.8,44,graphcl,45,0.20961041748523712,0,0.13320137560367584,0
streamspot,0.8,44,graphcl,46,0.40381261706352234,1,0.11104559153318405,0
streamspot,0.8,44,graphcl,47,0.08296862244606018,0,0.12357249110937119,0
streamspot,0.8,44,graphcl,48,0.10420937836170197,0,0.17879843711853027,0
streamspot,0.8,44,graphcl,49,0.13826489448547363,0,0.09335661679506302,0
streamspot,0.8,44,graphcl,50,0.1781281679868698,0,0.1637391299009323,0
streamspot,0.8,44,graphcl,51,0.11526203155517578,0,0.11008834093809128,0
streamspot,0.8,44,graphcl,52,0.2178843766450882,0,0.11708720773458481,0
streamspot,0.8,44,graphcl,53,0.3504077196121216,1,0.4032820761203766,1
streamspot,0.8,44,graphcl,54,0.3882804811000824,1,0.4174819886684418,1
streamspot,0.8,44,graphcl,55,0.11757031828165054,0,0.07918205112218857,0
streamspot,0.8,44,graphcl,56,0.09934178739786148,0,0.09238498657941818,0
streamspot,0.8,44,graphcl,57,0.0712629109621048,0,0.11999814957380295,0
streamspot,0.8,44,graphcl,58,0.10551144182682037,0,0.40643826127052307,1
streamspot,0.8,44,graphcl,59,0.33936023712158203,1,0.1572825163602829,0
grasec,0.8,42,graphcl,0,0.5447409152984619,1,1.1959543228149414,1
grasec,0.8,42,graphcl,1,2.1583893299102783,1,1.7440906763076782,1
grasec,0.8,42,graphcl,2,1.8821271657943726,1,1.8616535663604736,1
grasec,0.8,42,graphcl,3,1.80147385597229,1,1.7052115201950073,1
grasec,0.8,42,graphcl,4,1.2448903322219849,1,1.3173178434371948,1
grasec,0.8,42,graphcl,5,2.2118988037109375,1,2.248569965362549,1
grasec,0.8,42,graphcl,6,0.6995446681976318,1,1.2832084894180298,1
grasec,0.8,42,graphcl,7,2.1448235511779785,1,1.6716073751449585,1
grasec,0.8,42,graphcl,8,1.2945231199264526,1,0.7580999135971069,1
grasec,0.8,42,graphcl,9,2.4541995525360107,1,1.9931566715240479,1
grasec,0.8,42,graphcl,10,1.295114278793335,1,0.5643909573554993,1
grasec,0.8,42,graphcl,11,1.7709416151046753,1,2.582986831665039,1
grasec,0.8,42,graphcl,12,0.8583660125732422,1,2.0232932567596436,1
grasec,0.8,42,graphcl,13,1.3406826257705688,1,1.9073790311813354,1
grasec,0.8,42,graphcl,14,0.43444713950157166,1,2.2205119132995605,1
grasec,0.8,42,graphcl,15,2.0372586250305176,1,0.25736162066459656,0
grasec,0.8,42,graphcl,16,0.7240518927574158,1,1.8478654623031616,1
grasec,0.8,42,graphcl,17,1.334083914756775,1,2.6558120250701904,1
grasec,0.8,42,graphcl,18,1.282515525817871,1,1.8102762699127197,1
grasec,0.8,42,graphcl,19,0.8733526468276978,1,1.6391792297363281,1
grasec,0.8,42,graphcl,20,1.2499598264694214,1,1.318203330039978,1
grasec,0.8,42,graphcl,21,1.034183382987976,1,1.3908895254135132,1
grasec,0.8,42,graphcl,22,2.300694465637207,1,1.8185455799102783,1
grasec,0.8,42,graphcl,23,0.7340238690376282,1,2.0456619262695312,1
grasec,0.8,42,graphcl,24,2.683424711227417,1,2.3384995460510254,1
grasec,0.8,42,graphcl,25,1.5732139348983765,1,2.466505765914917,1
grasec,0.8,42,graphcl,26,0.47785982489585876,0,2.412609100341797,1
grasec,0.8,42,graphcl,27,1.3731462955474854,1,1.7653980255126953,1
grasec,0.8,42,graphcl,28,1.2264301776885986,1,1.2882354259490967,1
grasec,0.8,42,graphcl,29,0.859735906124115,1,1.193623661994934,1
grasec,0.8,42,graphcl,30,2.037130117416382,1,0.681239902973175,1
grasec,0.8,42,graphcl,31,2.0074048042297363,1,2.551704168319702,1
grasec,0.8,42,graphcl,32,1.7117727994918823,1,2.4652464389801025,1
grasec,0.8,42,graphcl,33,0.7917689085006714,1,1.2884418964385986,1
grasec,0.8,42,graphcl,34,0.45479756593704224,1,1.3875010013580322,1
grasec,0.8,42,graphcl,35,1.125922441482544,1,0.46814918518066406,1
grasec,0.8,42,graphcl,36,0.2698383033275604,0,2.4174435138702393,1
grasec,0.8,42,graphcl,37,0.25294598937034607,0,1.2058261632919312,1
grasec,0.8,42,graphcl,38,0.5597190260887146,1,2.4522757530212402,1
grasec,0.8,42,graphcl,39,2.4045679569244385,1,2.4552230834960938,1
grasec,0.8,42,graphcl,40,0.7253419756889343,1,1.1155986785888672,1
grasec,0.8,42,graphcl,41,1.5536495447158813,1,0.9509381651878357,1
grasec,0.8,42,graphcl,42,1.078489899635315,1,2.355318784713745,1
grasec,0.8,42,graphcl,43,2.2295682430267334,1,0.8315609097480774,1
grasec,0.8,42,graphcl,44,0.19230268895626068,0,1.6677452325820923,1
grasec,0.8,42,graphcl,45,0.795548141002655,1,1.3411067724227905,1
grasec,0.8,42,graphcl,46,0.17869697511196136,0,1.2542855739593506,1
grasec,0.8,42,graphcl,47,2.117248296737671,1,1.2913920879364014,1
grasec,0.8,42,graphcl,48,2.214718818664551,1,1.505555272102356,1
grasec,0.8,42,graphcl,49,0.9143314361572266,1,1.983446478843689,1
grasec,0.8,42,graphcl,50,1.1498268842697144,1,2.2821977138519287,1
grasec,0.8,42,graphcl,51,1.6852344274520874,1,0.7322267889976501,1
grasec,0.8,42,graphcl,52,1.3598297834396362,1,1.323521375656128,1
grasec,0.8,42,graphcl,53,2.233203411102295,1,0.49231767654418945,1
grasec,0.8,42,graphcl,54,0.6725430488586426,1,2.0431649684906006,1
grasec,0.8,42,graphcl,55,1.2170536518096924,1,1.0746710300445557,1
grasec,0.8,42,graphcl,56,2.438016176223755,1,1.8941662311553955,1
grasec,0.8,42,graphcl,57,0.9448546767234802,1,1.7024635076522827,1
grasec,0.8,42,graphcl,58,2.005396604537964,1,2.291327714920044,1
grasec,0.8,42,graphcl,59,0.8652213215827942,1,1.6246570348739624,1
grasec,0.8,42,graphcl,60,2.308983564376831,1,1.1627838611602783,1
grasec,0.8,42,graphcl,61,0.566412627696991,1,1.7205736637115479,1
grasec,0.8,42,graphcl,62,1.9485431909561157,1,1.2344660758972168,1
grasec,0.8,42,graphcl,63,1.088465929031372,1,0.871455192565918,1
grasec,0.8,42,graphcl,64,0.5725246071815491,0,2.346989631652832,1
grasec,0.8,42,graphcl,65,1.3483799695968628,1,0.8082559704780579,1
grasec,0.8,42,graphcl,66,0.5374829769134521,1,0.7447488903999329,1
grasec,0.8,42,graphcl,67,1.1900684833526611,1,1.3229944705963135,1
grasec,0.8,42,graphcl,68,0.566974937915802,1,1.9754713773727417,1
grasec,0.8,42,graphcl,69,1.8357521295547485,1,1.0646246671676636,1
grasec,0.8,42,graphcl,70,0.7574590444564819,1,0.31356707215309143,0
grasec,0.8,42,graphcl,71,1.7556971311569214,1,0.40011683106422424,1
grasec,0.8,42,graphcl,72,1.2041863203048706,1,2.3869035243988037,1
grasec,0.8,42,graphcl,73,1.9343299865722656,1,0.5419529676437378,1
grasec,0.8,42,graphcl,74,0.7598289847373962,1,2.263051748275757,1
grasec,0.8,42,graphcl,75,1.1427654027938843,1,2.442819118499756,1
grasec,0.8,42,graphcl,76,0.4282747209072113,1,0.4338652789592743,0
grasec,0.8,42,graphcl,77,2.0301225185394287,1,1.123261570930481,1
grasec,0.8,42,graphcl,78,0.7559598684310913,1,2.424048662185669,1
grasec,0.8,42,graphcl,79,1.3473323583602905,1,1.3333324193954468,1
grasec,0.8,42,graphcl,80,1.26083242893219,1,2.391188859939575,1
grasec,0.8,42,graphcl,81,1.3302183151245117,1,0.7672671675682068,1
grasec,0.8,42,graphcl,82,2.126558542251587,1,1.470310091972351,1
grasec,0.8,42,graphcl,83,1.6879037618637085,1,1.260095477104187,1
grasec,0.8,42,graphcl,84,1.1843153238296509,1,2.534137487411499,1
grasec,0.8,42,graphcl,85,1.3114820718765259,1,0.5037855505943298,1
grasec,0.8,42,graphcl,86,2.5930747985839844,1,2.245819091796875,1
grasec,0.8,42,graphcl,87,2.462547540664673,1,1.430019497871399,1
grasec,0.8,42,graphcl,88,1.3164513111114502,1,0.348324716091156,0
grasec,0.8,42,graphcl,89,2.514216423034668,1,1.2462342977523804,1
grasec,0.8,42,graphcl,90,1.4251182079315186,1,0.2707231044769287,0
grasec,0.8,42,graphcl,91,1.8750534057617188,1,0.45631060004234314,0
grasec,0.8,42,graphcl,92,0.4683407247066498,1,1.3724693059921265,1
grasec,0.8,42,graphcl,93,0.858005702495575,1,1.7266854047775269,1
grasec,0.8,42,graphcl,94,0.5769173502922058,1,1.5055803060531616,1
grasec,0.8,42,graphcl,95,1.4464315176010132,1,1.3940320014953613,1
grasec,0.8,42,graphcl,96,0.43826332688331604,0,0.8773309588432312,1
grasec,0.8,42,graphcl,97,1.0377763509750366,1,1.7004520893096924,1
grasec,0.8,42,graphcl,98,0.38737019896507263,1,1.2230278253555298,1
grasec,0.8,42,graphcl,99,2.7213685512542725,1,1.9299319982528687,1
grasec,0.8,42,graphcl,100,1.7743240594863892,1,1.7771672010421753,1
grasec,0.8,42,graphcl,101,2.188364028930664,1,0.6317450404167175,1
grasec,0.8,42,graphcl,102,1.2794045209884644,1,1.0536941289901733,1
grasec,0.8,42,graphcl,103,2.394768238067627,1,1.9184118509292603,1
grasec,0.8,42,graphcl,104,2.1202874183654785,1,1.1191142797470093,1
grasec,0.8,42,graphcl,105,0.7663028240203857,1,0.3402371406555176,0
grasec,0.8,42,graphcl,106,1.857751727104187,1,2.1612930297851562,1
grasec,0.8,42,graphcl,107,0.8191532492637634,1,0.2284635603427887,0
grasec,0.8,42,graphcl,108,0.7756263017654419,1,1.2377270460128784,1
grasec,0.8,42,graphcl,109,1.0761902332305908,1,1.1795116662979126,1
grasec,0.8,42,graphcl,110,0.794209361076355,1,0.8202255368232727,1
grasec,0.8,42,graphcl,111,2.0562405586242676,1,2.2520267963409424,1
grasec,0.8,42,graphcl,112,2.3693904876708984,1,1.114709734916687,1
grasec,0.8,42,graphcl,113,0.7883644104003906,1,0.24344196915626526,0
grasec,0.8,42,graphcl,114,1.1526774168014526,1,1.3644555807113647,1
grasec,0.8,42,graphcl,115,2.057196617126465,1,0.38884851336479187,1
grasec,0.8,42,graphcl,116,1.958621621131897,1,0.5443472862243652,1
grasec,0.8,42,graphcl,117,2.018343925476074,1,1.9529666900634766,1
grasec,0.8,42,graphcl,118,1.429343819618225,1,0.6752815246582031,1
grasec,0.8,42,graphcl,119,2.440958023071289,1,1.365533471107483,1
grasec,0.8,42,graphcl,120,2.649895429611206,1,1.2659729719161987,1
grasec,0.8,42,graphcl,121,0.5271535515785217,1,1.2721067667007446,1
grasec,0.8,42,graphcl,122,1.2315192222595215,1,0.6554262042045593,1
grasec,0.8,42,graphcl,123,1.761496901512146,1,1.454964280128479,1
grasec,0.8,42,graphcl,124,1.9506276845932007,1,1.1941497325897217,1
grasec,0.8,42,graphcl,125,1.6319950819015503,1,1.960532546043396,1
grasec,0.8,42,graphcl,126,2.079622745513916,1,1.268973708152771,1
grasec,0.8,42,graphcl,127,1.8238705396652222,1,1.260640263557434,1
grasec,0.8,42,graphcl,128,1.3461159467697144,1,2.560490131378174,1
grasec,0.8,42,graphcl,129,2.2233409881591797,1,0.24079246819019318,0
grasec,0.8,42,graphcl,130,2.537083387374878,1,1.188875436782837,1
grasec,0.8,42,graphcl,131,1.8672775030136108,1,2.3814697265625,1
grasec,0.8,42,graphcl,132,0.19492237269878387,1,2.363698959350586,1
grasec,0.8,42,graphcl,133,0.7461482882499695,1,1.3187553882598877,1
grasec,0.8,42,graphcl,134,0.6461271047592163,1,2.3381271362304688,1
grasec,0.8,42,graphcl,135,2.5887439250946045,1,2.521427631378174,1
grasec,0.8,42,graphcl,136,0.4865547716617584,1,0.3319556713104248,0
grasec,0.8,42,graphcl,137,2.0843639373779297,1,1.9358516931533813,1
grasec,0.8,42,graphcl,138,1.209377646446228,1,2.27592134475708,1
grasec,0.8,42,graphcl,139,1.9093621969223022,1,2.251530885696411,1
grasec,0.8,42,graphcl,140,1.2623103857040405,1,1.590920329093933,1
grasec,0.8,42,graphcl,141,2.010073184967041,1,1.8674366474151611,1
grasec,0.8,42,graphcl,142,0.7916416525840759,1,2.2589166164398193,1
grasec,0.8,42,graphcl,143,1.213796854019165,1,1.4693812131881714,1
grasec,0.8,42,graphcl,144,1.2831815481185913,1,1.180838704109192,1
grasec,0.8,42,graphcl,145,2.515345811843872,1,0.5038558840751648,1
grasec,0.8,42,graphcl,146,1.054991602897644,1,2.416569948196411,1
grasec,0.8,42,graphcl,147,1.3696961402893066,1,2.3676135540008545,1
grasec,0.8,42,graphcl,148,2.396749496459961,1,0.8958987593650818,1
grasec,0.8,42,graphcl,149,1.7755879163742065,1,0.4496311843395233,1
grasec,0.8,42,graphcl,150,1.25172758102417,1,0.5548015236854553,1
grasec,0.8,42,graphcl,151,0.5116872191429138,1,1.4578800201416016,1
grasec,0.8,42,graphcl,152,0.6768632531166077,1,2.4768621921539307,1
grasec,0.8,42,graphcl,153,0.5597326159477234,1,0.3999304175376892,1
grasec,0.8,42,graphcl,154,0.7245036959648132,1,2.006791830062866,1
grasec,0.8,42,graphcl,155,0.4101034104824066,0,1.434914469718933,1
grasec,0.8,42,graphcl,156,1.3193740844726562,1,2.1606252193450928,1
grasec,0.8,42,graphcl,157,1.335858702659607,1,0.8766965866088867,1
grasec,0.8,42,graphcl,158,0.49264994263648987,1,2.085020065307617,1
grasec,0.8,42,graphcl,159,0.8608375787734985,1,2.5214829444885254,1
grasec,0.8,42,graphcl,160,0.7696508765220642,1,1.8070720434188843,1
grasec,0.8,42,graphcl,161,2.597963333129883,1,1.8469501733779907,1
grasec,0.8,42,graphcl,162,1.2145183086395264,1,1.1822230815887451,1
grasec,0.8,42,graphcl,163,0.8864446878433228,1,2.6334595680236816,1
grasec,0.8,42,graphcl,164,1.1158162355422974,1,1.2834261655807495,1
grasec,0.8,42,graphcl,165,2.348271131515503,1,2.4826226234436035,1
grasec,0.8,42,graphcl,166,1.3331011533737183,1,2.2207083702087402,1
grasec,0.8,42,graphcl,167,2.528203248977661,1,0.8306862711906433,1
grasec,0.8,42,graphcl,168,2.259554624557495,1,0.8291768431663513,1
grasec,0.8,42,graphcl,169,1.295502781867981,1,2.6493210792541504,1
grasec,0.8,42,graphcl,170,1.5658817291259766,1,1.8040450811386108,1
grasec,0.8,42,graphcl,171,0.5108429789543152,1,2.6308963298797607,1
grasec,0.8,42,graphcl,172,0.5963299870491028,1,0.6581746935844421,0
grasec,0.8,42,graphcl,173,2.2469656467437744,1,0.28369709849357605,0
grasec,0.8,42,graphcl,174,0.7132835984230042,1,2.4711382389068604,1
grasec,0.8,42,graphcl,175,1.2878473997116089,1,0.7730058431625366,1
grasec,0.8,42,graphcl,176,0.6635264158248901,1,0.978882908821106,1
grasec,0.8,42,graphcl,177,1.6241928339004517,1,1.7457252740859985,1
grasec,0.8,42,graphcl,178,1.1954511404037476,1,0.7208045125007629,1
grasec,0.8,42,graphcl,179,1.1023005247116089,1,2.344372510910034,1
grasec,0.8,42,graphcl,180,1.6283607482910156,1,0.8142847418785095,1
grasec,0.8,42,graphcl,181,1.9096907377243042,1,2.40867018699646,1
grasec,0.8,42,graphcl,182,2.315464735031128,1,1.7092903852462769,1
grasec,0.8,42,graphcl,183,0.6972758173942566,1,2.553013801574707,1
grasec,0.8,42,graphcl,184,0.5982607007026672,0,1.275549054145813,1
grasec,0.8,42,graphcl,185,1.4887945652008057,1,2.7545738220214844,1
grasec,0.8,42,graphcl,186,1.5360321998596191,1,0.27538833022117615,0
grasec,0.8,42,graphcl,187,2.4968154430389404,1,0.6899243593215942,1
grasec,0.8,42,graphcl,188,2.544748306274414,1,1.190511703491211,1
grasec,0.8,42,graphcl,189,1.590765118598938,1,2.4723222255706787,1
grasec,0.8,42,graphcl,190,0.7933619618415833,1,2.2573490142822266,1
grasec,0.8,42,graphcl,191,0.45050010085105896,0,0.5399155020713806,1
grasec,0.8,42,graphcl,192,1.8843320608139038,1,0.20854854583740234,0
grasec,0.8,42,graphcl,193,1.2494126558303833,1,2.3743691444396973,1
grasec,0.8,42,graphcl,194,0.6806317567825317,1,1.9223610162734985,1
grasec,0.8,42,graphcl,195,1.8556326627731323,1,1.59475839138031,1
grasec,0.8,42,graphcl,196,1.1127663850784302,1,2.5309689044952393,1
grasec,0.8,42,graphcl,197,0.4225336015224457,1,2.4242050647735596,1
grasec,0.8,42,graphcl,198,1.7656116485595703,1,2.6430060863494873,1
grasec,0.8,42,graphcl,199,2.7469611167907715,1,1.5098670721054077,1
grasec,0.8,42,graphcl,200,2.245668411254883,1,1.2527306079864502,1
grasec,0.8,42,graphcl,201,2.1008903980255127,1,2.645434617996216,1
grasec,0.8,42,graphcl,202,1.9219019412994385,1,2.4148480892181396,1
grasec,0.8,42,graphcl,203,1.4447802305221558,1,0.6638749837875366,1
grasec,0.8,42,graphcl,204,0.3529248535633087,1,1.0476020574569702,1
grasec,0.8,42,graphcl,205,1.670100450515747,1,2.4383749961853027,1
grasec,0.8,42,graphcl,206,1.3488781452178955,1,1.554603934288025,1
grasec,0.8,42,graphcl,207,2.5463016033172607,1,1.6307392120361328,1
grasec,0.8,42,graphcl,208,0.4673331379890442,0,2.0697109699249268,1
grasec,0.8,42,graphcl,209,0.30156955122947693,0,2.1775434017181396,1
grasec,0.8,42,graphcl,210,0.8485319018363953,1,1.3366138935089111,1
grasec,0.8,42,graphcl,211,2.439016342163086,1,1.8273357152938843,1
grasec,0.8,42,graphcl,212,2.164919137954712,1,1.250878930091858,1
grasec,0.8,42,graphcl,213,1.8091102838516235,1,2.0655574798583984,1
grasec,0.8,42,graphcl,214,1.2204898595809937,1,1.174793004989624,1
grasec,0.8,42,graphcl,215,1.264479398727417,1,1.8254508972167969,1
grasec,0.8,42,graphcl,216,0.9314058423042297,1,0.7167674899101257,1
grasec,0.8,42,graphcl,217,1.851416826248169,1,2.4189231395721436,1
grasec,0.8,42,graphcl,218,0.6527202725410461,1,1.2934150695800781,1
grasec,0.8,42,graphcl,219,1.1674082279205322,1,1.3270759582519531,1
grasec,0.8,42,graphcl,220,1.711927056312561,1,2.182115316390991,1
grasec,0.8,42,graphcl,221,0.4336252808570862,1,0.9288403391838074,1
grasec,0.8,42,graphcl,222,1.9775924682617188,1,0.5175895094871521,1
grasec,0.8,42,graphcl,223,0.9974004626274109,1,1.3473331928253174,1
grasec,0.8,42,graphcl,224,1.726416826248169,1,2.155033826828003,1
grasec,0.8,42,graphcl,225,0.5402778387069702,1,0.5843102335929871,1
grasec,0.8,42,graphcl,226,1.1917533874511719,1,0.4243117868900299,1
grasec,0.8,42,graphcl,227,2.3469393253326416,1,2.090423345565796,1
grasec,0.8,42,graphcl,228,1.5839378833770752,1,1.0902349948883057,1
grasec,0.8,42,graphcl,229,2.1724870204925537,1,1.2514642477035522,1
grasec,0.8,42,graphcl,230,2.5345003604888916,1,1.2667592763900757,1
grasec,0.8,42,graphcl,231,2.0669727325439453,1,1.1228145360946655,1
grasec,0.8,42,graphcl,232,2.4136245250701904,1,1.5663927793502808,1
grasec,0.8,42,graphcl,233,0.993415355682373,1,1.5203832387924194,1
grasec,0.8,42,graphcl,234,1.5223301649093628,1,2.1315741539001465,1
grasec,0.8,42,graphcl,235,1.9097410440444946,1,0.46819859743118286,1
grasec,0.8,42,graphcl,236,1.2763102054595947,1,2.24652099609375,1
grasec,0.8,42,graphcl,237,2.4095120429992676,1,1.2942756414413452,1
grasec,0.8,42,graphcl,238,0.7472582459449768,1,1.7156776189804077,1
grasec,0.8,42,graphcl,239,0.6838176846504211,1,1.2737048864364624,1
grasec,0.8,42,graphcl,240,2.5659520626068115,1,1.2237465381622314,1
grasec,0.8,42,graphcl,241,2.2762722969055176,1,0.7257000207901001,1
grasec,0.8,42,graphcl,242,0.4413931965827942,1,2.3026247024536133,1
grasec,0.8,42,graphcl,243,0.8900472521781921,1,1.9014300107955933,1
grasec,0.8,42,graphcl,244,2.164379119873047,1,1.3005964756011963,1
grasec,0.8,42,graphcl,245,0.740312397480011,1,0.5801227688789368,1
grasec,0.8,42,graphcl,246,1.4781938791275024,1,0.7943478226661682,1
grasec,0.8,42,graphcl,247,2.2721922397613525,1,0.8113343119621277,1
grasec,0.8,42,graphcl,248,0.7812573313713074,1,0.3308609426021576,0
grasec,0.8,42,graphcl,249,1.5972751379013062,1,1.8345012664794922,1
grasec,0.8,42,graphcl,250,2.268594741821289,1,2.121304750442505,1
grasec,0.8,42,graphcl,251,0.7737701535224915,1,1.223001480102539,1
grasec,0.8,42,graphcl,252,1.137441635131836,1,1.8348010778427124,1
grasec,0.8,42,graphcl,253,1.0988715887069702,1,2.1334197521209717,1
grasec,0.8,42,graphcl,254,2.39328670501709,1,2.0216116905212402,1
grasec,0.8,42,graphcl,255,0.6303969621658325,1,0.7787300944328308,1
grasec,0.8,42,graphcl,256,1.9531992673873901,1,0.788074791431427,1
grasec,0.8,42,graphcl,257,2.111788749694824,1,0.9386294484138489,1
grasec,0.8,42,graphcl,258,0.6990033388137817,1,1.319869041442871,1
grasec,0.8,42,graphcl,259,0.22347216308116913,0,2.0316150188446045,1
grasec,0.8,42,graphcl,260,0.769087553024292,1,0.5703467726707458,1
grasec,0.8,42,graphcl,261,1.4159305095672607,1,2.0015363693237305,1
grasec,0.8,42,graphcl,262,1.4982751607894897,1,2.5885169506073,1
grasec,0.8,42,graphcl,263,1.8320610523223877,1,0.5953859686851501,0
grasec,0.8,42,graphcl,264,2.0474441051483154,1,1.3371164798736572,1
grasec,0.8,42,graphcl,265,1.5243076086044312,1,1.5494731664657593,1
grasec,0.8,42,graphcl,266,1.6027735471725464,1,0.22055701911449432,0
grasec,0.8,42,graphcl,267,0.5668550729751587,1,1.4695736169815063,1
grasec,0.8,42,graphcl,268,1.6116424798965454,1,1.4138373136520386,1
grasec,0.8,42,graphcl,269,1.9835033416748047,1,1.1398600339889526,1
grasec,0.8,42,graphcl,270,2.5410754680633545,1,1.3375614881515503,1
grasec,0.8,42,graphcl,271,1.4379092454910278,1,0.48664218187332153,1
grasec,0.8,42,graphcl,272,2.2216012477874756,1,1.222019076347351,1
grasec,0.8,42,graphcl,273,1.6340761184692383,1,0.6163924336433411,1
grasec,0.8,42,graphcl,274,2.3839783668518066,1,2.2574496269226074,1
grasec,0.8,42,graphcl,275,0.592662513256073,1,1.2313426733016968,1
grasec,0.8,42,graphcl,276,2.088831663131714,1,1.891464114189148,1
grasec,0.8,42,graphcl,277,1.9027031660079956,1,1.5167666673660278,1
grasec,0.8,42,graphcl,278,0.4147610366344452,1,1.8267513513565063,1
grasec,0.8,42,graphcl,279,0.4971287250518799,1,1.8168331384658813,1
grasec,0.8,42,graphcl,280,2.3041980266571045,1,0.7615370154380798,1
grasec,0.8,42,graphcl,281,1.1470566987991333,1,0.7996816039085388,1
grasec,0.8,42,graphcl,282,2.6821601390838623,1,2.2614805698394775,1
grasec,0.8,42,graphcl,283,0.6798338890075684,1,0.6099633574485779,0
grasec,0.8,42,graphcl,284,2.3493611812591553,1,1.9651249647140503,1
grasec,0.8,42,graphcl,285,0.5194050073623657,0,0.7956691980361938,1
grasec,0.8,42,graphcl,286,0.9878353476524353,1,1.275382161140442,1
grasec,0.8,42,graphcl,287,1.7445255517959595,1,1.1678208112716675,1
grasec,0.8,42,graphcl,288,1.6005653142929077,1,1.689602255821228,1
grasec,0.8,42,graphcl,289,2.0131356716156006,1,1.2808295488357544,1
grasec,0.8,42,graphcl,290,1.9546409845352173,1,1.9049217700958252,1
grasec,0.8,42,graphcl,291,1.685370683670044,1,1.6678135395050049,1
grasec,0.8,42,graphcl,292,1.8846629858016968,1,0.9785280227661133,1
grasec,0.8,42,graphcl,293,1.4083285331726074,1,1.957482933998108,1
grasec,0.8,42,graphcl,294,0.5746725797653198,0,1.2042334079742432,1
grasec,0.8,42,graphcl,295,1.966383934020996,1,1.1241098642349243,1
grasec,0.8,42,graphcl,296,1.3495367765426636,1,1.321751356124878,1
grasec,0.8,42,graphcl,297,2.3639817237854004,1,2.2620599269866943,1
grasec,0.8,42,graphcl,298,2.022679090499878,1,0.8041203618049622,1
grasec,0.8,42,graphcl,299,2.5420570373535156,1,0.39459043741226196,1
grasec,0.8,42,graphcl,300,2.616499423980713,1,0.7831489443778992,1
grasec,0.8,42,graphcl,301,1.4939991235733032,1,1.2641241550445557,1
grasec,0.8,42,graphcl,302,0.757005512714386,1,0.3806666433811188,1
grasec,0.8,42,graphcl,303,2.269768714904785,1,2.474210739135742,1
grasec,0.8,42,graphcl,304,1.306037425994873,1,0.7142011523246765,1
grasec,0.8,42,graphcl,305,1.3531551361083984,1,2.3100831508636475,1
grasec,0.8,42,graphcl,306,2.2705135345458984,1,2.5837700366973877,1
grasec,0.8,42,graphcl,307,1.9675663709640503,1,1.354340672492981,1
grasec,0.8,42,graphcl,308,0.7080271244049072,1,1.2746413946151733,1
grasec,0.8,42,graphcl,309,0.5601882934570312,1,2.3286967277526855,1
grasec,0.8,42,graphcl,310,1.4249604940414429,1,1.6771633625030518,1
grasec,0.8,42,graphcl,311,2.183042287826538,1,0.5950918197631836,1
grasec,0.8,42,graphcl,312,1.83385169506073,1,1.0107160806655884,1
grasec,0.8,42,graphcl,313,1.7796562910079956,1,2.0549275875091553,1
grasec,0.8,42,graphcl,314,2.549588203430176,1,2.2427289485931396,1
grasec,0.8,42,graphcl,315,1.2573696374893188,1,0.44218167662620544,1
grasec,0.8,42,graphcl,316,1.5895562171936035,1,2.3211543560028076,1
grasec,0.8,42,graphcl,317,0.44451600313186646,1,2.3268344402313232,1
grasec,0.8,42,graphcl,318,0.6449453234672546,1,1.4777041673660278,1
grasec,0.8,42,graphcl,319,1.9458070993423462,1,1.527124285697937,1
grasec,0.8,42,graphcl,320,2.027064085006714,1,1.1837676763534546,1
grasec,0.8,42,graphcl,321,1.692893624305725,1,0.932673454284668,1
grasec,0.8,42,graphcl,322,2.0001680850982666,1,0.7756404280662537,1
grasec,0.8,42,graphcl,323,1.5093761682510376,1,2.345627546310425,1
grasec,0.8,42,graphcl,324,1.5944427251815796,1,1.4794596433639526,1
grasec,0.8,42,graphcl,325,0.8787310719490051,1,2.1781461238861084,1
grasec,0.8,42,graphcl,326,2.208707571029663,1,0.7070762515068054,1
grasec,0.8,42,graphcl,327,2.0712220668792725,1,1.61640202999115,1
grasec,0.8,42,graphcl,328,1.262961745262146,1,1.5703644752502441,1
grasec,0.8,42,graphcl,329,2.541480779647827,1,0.8858205080032349,1
grasec,0.8,42,graphcl,330,1.3400204181671143,1,2.191472053527832,1
grasec,0.8,42,graphcl,331,0.7354904413223267,1,2.0346481800079346,1
grasec,0.8,42,graphcl,332,0.6126770973205566,1,0.694972813129425,1
grasec,0.8,42,graphcl,333,0.848432719707489,1,1.9064044952392578,1
grasec,0.8,42,graphcl,334,1.4430999755859375,1,2.660130739212036,1
grasec,0.8,42,graphcl,335,0.7244989275932312,1,1.3242830038070679,1
grasec,0.8,42,graphcl,336,2.4338066577911377,1,2.407684326171875,1
grasec,0.8,42,graphcl,337,1.7745780944824219,1,1.2799752950668335,1
grasec,0.8,42,graphcl,338,0.37409183382987976,0,0.8771696090698242,1
grasec,0.8,42,graphcl,339,0.7317070364952087,1,0.6730536222457886,1
grasec,0.8,42,graphcl,340,1.6081360578536987,1,2.0549910068511963,1
grasec,0.8,42,graphcl,341,0.6153106093406677,1,2.3078017234802246,1
grasec,0.8,42,graphcl,342,0.9107049107551575,1,2.122842788696289,1
grasec,0.8,42,graphcl,343,2.668917417526245,1,1.1478984355926514,1
grasec,0.8,42,graphcl,344,1.2350376844406128,1,0.7628682255744934,1
grasec,0.8,42,graphcl,345,1.1121350526809692,1,1.9432296752929688,1
grasec,0.8,42,graphcl,346,1.5088961124420166,1,2.4399938583374023,1
grasec,0.8,42,graphcl,347,0.5717032551765442,1,1.6045143604278564,1
grasec,0.8,42,graphcl,348,0.8559331893920898,1,0.2953661382198334,0
grasec,0.8,42,graphcl,349,0.18473081290721893,0,2.5173099040985107,1
grasec,0.8,42,graphcl,350,2.397749900817871,1,1.6094907522201538,1
grasec,0.8,42,graphcl,351,2.399099111557007,1,1.3540476560592651,1
grasec,0.8,42,graphcl,352,1.3185768127441406,1,0.3235853314399719,1
grasec,0.8,42,graphcl,353,2.571049451828003,1,1.2997448444366455,1
grasec,0.8,42,graphcl,354,0.5179046988487244,1,1.9922878742218018,1
grasec,0.8,42,graphcl,355,1.5991135835647583,1,2.1543686389923096,1
grasec,0.8,42,graphcl,356,1.5015912055969238,1,0.1020624190568924,0
grasec,0.8,42,graphcl,357,1.1243880987167358,1,0.4408455491065979,1
grasec,0.8,42,graphcl,358,1.2318048477172852,1,0.39775171875953674,1
grasec,0.8,42,graphcl,359,1.344241738319397,1,2.452148914337158,1
grasec,0.8,42,graphcl,360,1.303705096244812,1,0.7115451693534851,1
grasec,0.8,42,graphcl,361,1.8830879926681519,1,1.2552388906478882,1
grasec,0.8,42,graphcl,362,0.800563633441925,1,2.4127984046936035,1
grasec,0.8,42,graphcl,363,0.2921324670314789,0,0.21014724671840668,0
grasec,0.8,42,graphcl,364,0.778864324092865,1,1.8131039142608643,1
grasec,0.8,42,graphcl,365,0.5154001116752625,1,2.3672497272491455,1
grasec,0.8,42,graphcl,366,1.507576823234558,1,2.002553939819336,1
grasec,0.8,42,graphcl,367,0.819615364074707,1,1.076632022857666,1
grasec,0.8,42,graphcl,368,0.7021757960319519,1,0.804516613483429,1
grasec,0.8,42,graphcl,369,1.022212028503418,1,0.9967195391654968,1
grasec,0.8,42,graphcl,370,0.8208684921264648,1,0.4398086667060852,1
grasec,0.8,42,graphcl,371,2.37949538230896,1,0.8471572995185852,1
grasec,0.8,42,graphcl,372,0.2862018346786499,0,2.5656991004943848,1
grasec,0.8,42,graphcl,373,2.5150914192199707,1,1.1922556161880493,1
grasec,0.8,42,graphcl,374,1.692082405090332,1,0.8589311838150024,1
grasec,0.8,42,graphcl,375,1.2283475399017334,1,2.582643508911133,1
grasec,0.8,42,graphcl,376,1.6846500635147095,1,0.3946692943572998,0
grasec,0.8,42,graphcl,377,2.271477222442627,1,0.670795202255249,1
grasec,0.8,42,graphcl,378,1.3321642875671387,1,1.5842206478118896,1
grasec,0.8,42,graphcl,379,0.7319211363792419,1,0.4130164086818695,0
grasec,0.8,42,graphcl,380,1.301202654838562,1,0.6845588684082031,1
grasec,0.8,42,graphcl,381,0.9358837008476257,1,2.0083248615264893,1
grasec,0.8,42,graphcl,382,2.5148110389709473,1,1.2456600666046143,1
grasec,0.8,42,graphcl,383,1.1618479490280151,1,1.9883804321289062,1
grasec,0.8,42,graphcl,384,1.9309028387069702,1,2.8347580432891846,1
grasec,0.8,42,graphcl,385,0.8307525515556335,1,0.5875399708747864,1
grasec,0.8,42,graphcl,386,1.179582953453064,1,0.6903880834579468,1
grasec,0.8,42,graphcl,387,0.47458773851394653,1,0.49962374567985535,1
grasec,0.8,42,graphcl,388,1.5902141332626343,1,0.7411841750144958,1
grasec,0.8,42,graphcl,389,1.913198471069336,1,2.3440635204315186,1
grasec,0.8,42,graphcl,390,0.6815683841705322,1,1.2625783681869507,1
grasec,0.8,42,graphcl,391,1.3828800916671753,1,1.252199411392212,1
grasec,0.8,42,graphcl,392,0.7562733292579651,1,2.458918333053589,1
grasec,0.8,42,graphcl,393,0.8405777215957642,1,2.2276666164398193,1
grasec,0.8,42,graphcl,394,2.3526599407196045,1,1.2569624185562134,1
grasec,0.8,42,graphcl,395,1.315216064453125,1,1.526033639907837,1
grasec,0.8,42,graphcl,396,0.25819578766822815,0,2.203583240509033,1
grasec,0.8,42,graphcl,397,1.6233090162277222,1,1.9737036228179932,1
grasec,0.8,42,graphcl,398,2.6351802349090576,1,1.8868213891983032,1
grasec,0.8,42,graphcl,399,2.1681554317474365,1,2.4681458473205566,1
grasec,0.8,42,graphcl,400,0.6412496566772461,1,1.2737112045288086,1
grasec,0.8,42,graphcl,401,0.7964370846748352,1,1.2998589277267456,1
grasec,0.8,42,graphcl,402,0.6764994859695435,1,0.7182971835136414,1
grasec,0.8,42,graphcl,403,0.2101857215166092,0,2.1025733947753906,1
grasec,0.8,42,graphcl,404,0.7881443500518799,1,1.681433916091919,1
grasec,0.8,42,graphcl,405,1.4448257684707642,1,1.2861460447311401,1
grasec,0.8,42,graphcl,406,2.3704795837402344,1,0.8061303496360779,1
grasec,0.8,42,graphcl,407,1.9936310052871704,1,1.1431964635849,1
grasec,0.8,42,graphcl,408,2.563239574432373,1,1.5655723810195923,1
grasec,0.8,42,graphcl,409,1.1238430738449097,1,1.1770880222320557,1
grasec,0.8,42,graphcl,410,1.1262491941452026,1,1.2676641941070557,1
grasec,0.8,42,graphcl,411,2.6544792652130127,1,2.6157751083374023,1
grasec,0.8,42,graphcl,412,0.8026917576789856,1,1.354745626449585,1
grasec,0.8,42,graphcl,413,2.4016735553741455,1,1.1309064626693726,1
grasec,0.8,42,graphcl,414,2.3572471141815186,1,1.9208641052246094,1
grasec,0.8,42,graphcl,415,1.6370786428451538,1,1.9249012470245361,1
grasec,0.8,42,graphcl,416,1.687164306640625,1,1.9521480798721313,1
grasec,0.8,42,graphcl,417,1.3378561735153198,1,0.3634403347969055,0
grasec,0.8,42,graphcl,418,1.9870185852050781,1,2.6532082557678223,1
grasec,0.8,42,graphcl,419,2.6252567768096924,1,0.4668145179748535,0
grasec,0.8,42,graphcl,420,1.5242154598236084,1,0.2884015738964081,0
grasec,0.8,42,graphcl,421,1.2306221723556519,1,0.8615375757217407,1
grasec,0.8,42,graphcl,422,2.0722928047180176,1,1.3821614980697632,1
grasec,0.8,42,graphcl,423,1.0068142414093018,1,0.5670225024223328,0
grasec,0.8,42,graphcl,424,0.8022947311401367,1,1.5253978967666626,1
grasec,0.8,42,graphcl,425,1.2708908319473267,1,2.515554666519165,1
grasec,0.8,42,graphcl,426,0.5127093195915222,0,1.3581827878952026,1
grasec,0.8,42,graphcl,427,1.1749347448349,1,2.118624210357666,1
grasec,0.8,42,graphcl,428,1.3407014608383179,1,0.43366190791130066,1
grasec,0.8,42,graphcl,429,2.4735469818115234,1,0.7823628783226013,1
grasec,0.8,42,graphcl,430,0.5913285613059998,0,0.547589123249054,0
grasec,0.8,42,graphcl,431,2.5695934295654297,1,0.6565982699394226,1
grasec,0.8,42,graphcl,432,2.524277925491333,1,2.041167736053467,1
grasec,0.8,42,graphcl,433,0.3057442903518677,0,2.2581615447998047,1
grasec,0.8,42,graphcl,434,1.4700030088424683,1,2.002855062484741,1
grasec,0.8,42,graphcl,435,1.6019645929336548,1,2.269439697265625,1
grasec,0.8,42,graphcl,436,1.9356507062911987,1,0.7356536388397217,1
grasec,0.8,42,graphcl,437,1.3288614749908447,1,2.496607542037964,1
grasec,0.8,42,graphcl,438,1.3801697492599487,1,1.5560880899429321,1
grasec,0.8,42,graphcl,439,0.41375502943992615,1,1.4923508167266846,1
grasec,0.8,42,graphcl,440,2.293358325958252,1,1.173029899597168,1
grasec,0.8,42,graphcl,441,2.250734567642212,1,2.6030519008636475,1
grasec,0.8,42,graphcl,442,1.2241730690002441,1,2.665602445602417,1
grasec,0.8,42,graphcl,443,0.7218946218490601,1,0.3355294466018677,0
grasec,0.8,42,graphcl,444,0.25584766268730164,0,0.5048379302024841,1
grasec,0.8,42,graphcl,445,1.2293951511383057,1,1.1910463571548462,1
grasec,0.8,42,graphcl,446,2.5960116386413574,1,2.166248321533203,1
grasec,0.8,42,graphcl,447,0.6329131126403809,1,1.308761715888977,1
grasec,0.8,42,graphcl,448,0.5262951254844666,1,1.4683889150619507,1
grasec,0.8,42,graphcl,449,1.6983540058135986,1,0.7813054323196411,1
grasec,0.8,42,graphcl,450,2.4035825729370117,1,2.5902061462402344,1
grasec,0.8,42,graphcl,451,1.6516541242599487,1,1.2149550914764404,1
grasec,0.8,42,graphcl,452,1.2911056280136108,1,1.5962488651275635,1
grasec,0.8,42,graphcl,453,1.7246640920639038,1,2.229818820953369,1
grasec,0.8,42,graphcl,454,2.5594303607940674,1,1.5900938510894775,1
grasec,0.8,42,graphcl,455,1.4046058654785156,1,1.5203865766525269,1
grasec,0.8,42,graphcl,456,1.336375117301941,1,2.5232157707214355,1
grasec,0.8,42,graphcl,457,1.2000690698623657,1,2.427724599838257,1
grasec,0.8,42,graphcl,458,2.392139196395874,1,0.5448223948478699,1
grasec,0.8,42,graphcl,459,2.2426223754882812,1,1.3172558546066284,1
grasec,0.8,42,graphcl,460,1.481026291847229,1,2.4823169708251953,1
grasec,0.8,42,graphcl,461,2.4581680297851562,1,1.6383438110351562,1
grasec,0.8,42,graphcl,462,2.578819751739502,1,0.20434041321277618,0
grasec,0.8,42,graphcl,463,2.1999566555023193,1,1.2756596803665161,1
grasec,0.8,42,graphcl,464,2.4924025535583496,1,0.8892043232917786,1
grasec,0.8,42,graphcl,465,1.9761196374893188,1,1.185516357421875,1
grasec,0.8,42,graphcl,466,0.6344038248062134,1,0.2867843806743622,0
grasec,0.8,42,graphcl,467,0.7890612483024597,1,2.060746908187866,1
grasec,0.8,42,graphcl,468,2.0030152797698975,1,0.5313836932182312,1
grasec,0.8,42,graphcl,469,0.759483277797699,1,0.16504551470279694,0
grasec,0.8,42,graphcl,470,0.44248315691947937,1,1.7583473920822144,1
grasec,0.8,42,graphcl,471,1.4474786520004272,1,2.36662220954895,1
grasec,0.8,42,graphcl,472,1.8357051610946655,1,0.3108047544956207,1
grasec,0.8,42,graphcl,473,1.6191856861114502,1,1.2751678228378296,1
grasec,0.8,42,graphcl,474,2.339043378829956,1,0.8380452990531921,1
grasec,0.8,42,graphcl,475,0.4061829745769501,0,1.3215417861938477,1
grasec,0.8,42,graphcl,476,2.22810959815979,1,1.6009594202041626,1
grasec,0.8,42,graphcl,477,1.3182066679000854,1,1.9437370300292969,1
grasec,0.8,42,graphcl,478,2.617907762527466,1,2.478654384613037,1
grasec,0.8,42,graphcl,479,0.23300690948963165,0,1.8831201791763306,1
grasec,0.8,42,graphcl,480,2.0325927734375,1,1.3379114866256714,1
grasec,0.8,42,graphcl,481,0.6596366763114929,1,1.2568880319595337,1
grasec,0.8,42,graphcl,482,0.20027990639209747,0,1.702406883239746,1
grasec,0.8,42,graphcl,483,1.4961941242218018,1,2.39920973777771,1
grasec,0.8,42,graphcl,484,1.283747673034668,1,1.2509649991989136,1
grasec,0.8,42,graphcl,485,1.578547716140747,1,1.6768516302108765,1
grasec,0.8,42,graphcl,486,1.5599333047866821,1,2.5395665168762207,1
grasec,0.8,42,graphcl,487,2.498401641845703,1,2.597642183303833,1
grasec,0.8,42,graphcl,488,1.7152076959609985,1,2.309818983078003,1
grasec,0.8,42,graphcl,489,0.5903336405754089,1,1.3210430145263672,1
grasec,0.8,42,graphcl,490,0.9821155667304993,1,2.6589529514312744,1
grasec,0.8,42,graphcl,491,2.640643358230591,1,2.738927125930786,1
grasec,0.8,42,graphcl,492,1.0258492231369019,1,1.653746485710144,1
grasec,0.8,42,graphcl,493,2.394805669784546,1,1.9540379047393799,1
grasec,0.8,42,graphcl,494,1.3684005737304688,1,2.1271259784698486,1
grasec,0.8,42,graphcl,495,2.0628178119659424,1,1.164964199066162,1
grasec,0.8,42,graphcl,496,2.3384087085723877,1,0.28384023904800415,0
grasec,0.8,42,graphcl,497,2.59201979637146,1,0.8068028688430786,1
grasec,0.8,42,graphcl,498,0.6778501868247986,1,2.0580337047576904,1
grasec,0.8,42,graphcl,499,2.456712245941162,1,1.7278196811676025,1
grasec,0.8,42,graphcl,500,0.5944878458976746,1,2.350003957748413,1
grasec,0.8,42,graphcl,501,0.4496210217475891,1,1.7832822799682617,1
grasec,0.8,42,graphcl,502,2.0151143074035645,1,1.335018515586853,1
grasec,0.8,42,graphcl,503,1.2511504888534546,1,1.7154988050460815,1
grasec,0.8,42,graphcl,504,2.021714925765991,1,1.3187836408615112,1
grasec,0.8,42,graphcl,505,0.5349774360656738,1,1.0199190378189087,1
grasec,0.8,42,graphcl,506,0.8986949324607849,1,2.182440757751465,1
grasec,0.8,42,graphcl,507,2.5146572589874268,1,1.0053337812423706,1
grasec,0.8,42,graphcl,508,1.6045860052108765,1,1.6895900964736938,1
grasec,0.8,42,graphcl,509,2.404715061187744,1,0.7416496276855469,1
grasec,0.8,42,graphcl,510,0.18257394433021545,0,0.774269163608551,1
grasec,0.8,42,graphcl,511,1.419120192527771,1,1.5506685972213745,1
grasec,0.8,42,graphcl,512,1.9500805139541626,1,1.2577078342437744,1
grasec,0.8,42,graphcl,513,2.363534688949585,1,1.9933958053588867,1
grasec,0.8,42,graphcl,514,2.089061737060547,1,2.0460684299468994,1
grasec,0.8,42,graphcl,515,0.42428532242774963,0,1.3001489639282227,1
grasec,0.8,42,graphcl,516,1.3266960382461548,1,0.7202089428901672,1
grasec,0.8,42,graphcl,517,1.9643789529800415,1,2.383742094039917,1
grasec,0.8,42,graphcl,518,1.3943673372268677,1,2.6115825176239014,1
grasec,0.8,42,graphcl,519,0.48197945952415466,1,2.3442609310150146,1
grasec,0.8,42,graphcl,520,1.4915361404418945,1,0.7307347655296326,1
grasec,0.8,42,graphcl,521,2.0204062461853027,1,0.5274511575698853,1
grasec,0.8,42,graphcl,522,2.615670919418335,1,2.356496572494507,1
grasec,0.8,42,graphcl,523,2.3720738887786865,1,2.3419349193573,1
grasec,0.8,42,graphcl,524,0.7529610991477966,1,1.5550035238265991,1
grasec,0.8,42,graphcl,525,2.4768550395965576,1,1.922873854637146,1
grasec,0.8,42,graphcl,526,1.952936053276062,1,2.0094988346099854,1
grasec,0.8,42,graphcl,527,0.9363439679145813,1,1.783638834953308,1
grasec,0.8,42,graphcl,528,0.38995492458343506,0,2.4068825244903564,1
grasec,0.8,42,graphcl,529,1.3402613401412964,1,2.3854260444641113,1
grasec,0.8,42,graphcl,530,0.49805185198783875,1,0.8120779395103455,1
grasec,0.8,42,graphcl,531,1.920570731163025,1,2.5605549812316895,1
grasec,0.8,42,graphcl,532,1.333477258682251,1,2.621260404586792,1
grasec,0.8,42,graphcl,533,1.287604808807373,1,0.4543983042240143,1
grasec,0.8,42,graphcl,534,2.4766194820404053,1,2.5597736835479736,1
grasec,0.8,42,graphcl,535,2.340358018875122,1,0.8548989295959473,1
grasec,0.8,42,graphcl,536,0.6050546765327454,1,2.04473614692688,1
grasec,0.8,42,graphcl,537,2.2407891750335693,1,1.264438509941101,1
grasec,0.8,42,graphcl,538,2.2557830810546875,1,0.8466269373893738,1
grasec,0.8,42,graphcl,539,1.1278307437896729,1,0.9544562697410583,1
grasec,0.8,42,graphcl,540,2.1163787841796875,1,0.7123656868934631,1
grasec,0.8,42,graphcl,541,2.2283480167388916,1,0.9911062121391296,1
grasec,0.8,42,graphcl,542,0.13340167701244354,0,0.4651513993740082,1
grasec,0.8,42,graphcl,543,1.9200260639190674,1,1.4517990350723267,1
grasec,0.8,42,graphcl,544,0.4376164376735687,1,1.314115047454834,1
grasec,0.8,42,graphcl,545,1.5145280361175537,1,2.3775150775909424,1
grasec,0.8,42,graphcl,546,0.5560269355773926,1,1.7873611450195312,1
grasec,0.8,42,graphcl,547,2.445714235305786,1,0.766808807849884,1
grasec,0.8,42,graphcl,548,0.7260097861289978,1,0.7772313356399536,1
grasec,0.8,42,graphcl,549,1.205379843711853,1,0.7186779975891113,1
grasec,0.8,42,graphcl,550,2.6685893535614014,1,1.3034398555755615,1
grasec,0.8,42,graphcl,551,1.2714756727218628,1,2.0482325553894043,1
grasec,0.8,42,graphcl,552,1.8553813695907593,1,1.3978666067123413,1
grasec,0.8,42,graphcl,553,1.2957290410995483,1,0.8128116726875305,1
grasec,0.8,42,graphcl,554,1.6774243116378784,1,0.16452188789844513,0
grasec,0.8,42,graphcl,555,1.0870418548583984,1,0.4297492206096649,1
grasec,0.8,42,graphcl,556,1.687219500541687,1,1.2424544095993042,1
grasec,0.8,42,graphcl,557,0.7907888889312744,1,1.8140090703964233,1
grasec,0.8,42,graphcl,558,2.630176305770874,1,1.2695343494415283,1
grasec,0.8,42,graphcl,559,1.8873599767684937,1,0.8291704058647156,1
grasec,0.8,42,graphcl,560,0.7986143231391907,1,0.9096628427505493,1
grasec,0.8,42,graphcl,561,1.2262424230575562,1,2.5010287761688232,1
grasec,0.8,42,graphcl,562,0.5151702761650085,1,1.1952418088912964,1
grasec,0.8,42,graphcl,563,0.7797793745994568,1,1.1991039514541626,1
grasec,0.8,42,graphcl,564,1.5830433368682861,1,0.7442226409912109,1
grasec,0.8,42,graphcl,565,1.3383171558380127,1,1.172831416130066,1
grasec,0.8,42,graphcl,566,1.5293707847595215,1,0.35201555490493774,0
grasec,0.8,42,graphcl,567,1.2914937734603882,1,0.7735959887504578,1
grasec,0.8,42,graphcl,568,2.046466827392578,1,0.35066115856170654,0
grasec,0.8,42,graphcl,569,1.153979778289795,1,1.2573727369308472,1
grasec,0.8,42,graphcl,570,2.404728651046753,1,1.9350957870483398,1
grasec,0.8,42,graphcl,571,0.26570770144462585,0,1.9007911682128906,1
grasec,0.8,42,graphcl,572,0.5867400169372559,1,1.2699166536331177,1
grasec,0.8,42,graphcl,573,1.3047752380371094,1,1.3474042415618896,1
grasec,0.8,42,graphcl,574,0.8127752542495728,1,1.7710514068603516,1
grasec,0.8,42,graphcl,575,0.7508019804954529,1,0.29116153717041016,0
grasec,0.8,42,graphcl,576,1.7168840169906616,1,0.749182403087616,1
grasec,0.8,42,graphcl,577,1.8971179723739624,1,1.493134617805481,1
grasec,0.8,42,graphcl,578,2.1007344722747803,1,2.3022258281707764,1
grasec,0.8,42,graphcl,579,0.5992662310600281,1,2.194669485092163,1
grasec,0.8,42,graphcl,580,0.674682080745697,1,0.22320114076137543,0
grasec,0.8,42,graphcl,581,1.2637628316879272,1,1.1120686531066895,1
grasec,0.8,42,graphcl,582,1.9360958337783813,1,2.3055667877197266,1
grasec,0.8,42,graphcl,583,0.7097729444503784,1,0.6425549983978271,1
grasec,0.8,42,graphcl,584,2.130969285964966,1,2.558194637298584,1
grasec,0.8,42,graphcl,585,1.494654655456543,1,1.1383695602416992,1
grasec,0.8,42,graphcl,586,0.7653506398200989,1,0.8283668756484985,1
grasec,0.8,42,graphcl,587,1.5115857124328613,1,1.2804268598556519,1
grasec,0.8,42,graphcl,588,0.7543532252311707,1,2.5379714965820312,1
grasec,0.8,42,graphcl,589,1.3461430072784424,1,1.907362937927246,1
grasec,0.8,42,graphcl,590,0.7964158058166504,1,2.3129374980926514,1
grasec,0.8,42,graphcl,591,0.5336742401123047,0,0.39290475845336914,1
grasec,0.8,42,graphcl,592,1.9328869581222534,1,2.148104190826416,1
grasec,0.8,42,graphcl,593,1.2794374227523804,1,0.7606987953186035,1
grasec,0.8,42,graphcl,594,2.484950304031372,1,1.2612460851669312,1
grasec,0.8,42,graphcl,595,1.2173715829849243,1,0.4830141067504883,1
grasec,0.8,42,graphcl,596,1.183610200881958,1,0.5412824749946594,1
grasec,0.8,42,graphcl,597,1.3227037191390991,1,2.3775227069854736,1
grasec,0.8,42,graphcl,598,1.241129994392395,1,1.9835323095321655,1
grasec,0.8,42,graphcl,599,0.6684533357620239,1,2.6129157543182373,1
grasec,0.8,42,graphcl,600,0.3940467834472656,1,0.49879488348960876,0
grasec,0.8,42,graphcl,601,2.611983299255371,1,0.8657142519950867,1
grasec,0.8,42,graphcl,602,0.521206796169281,0,2.003263235092163,1
grasec,0.8,42,graphcl,603,2.3363239765167236,1,1.8338969945907593,1
grasec,0.8,42,graphcl,604,2.304555892944336,1,1.2479676008224487,1
grasec,0.8,42,graphcl,605,1.8082001209259033,1,1.2901735305786133,1
grasec,0.8,42,graphcl,606,2.012667417526245,1,1.139447569847107,1
grasec,0.8,42,graphcl,607,1.606911063194275,1,1.0222097635269165,1
grasec,0.8,42,graphcl,608,0.4869583547115326,1,0.793815553188324,1
grasec,0.8,42,graphcl,609,1.6179580688476562,1,1.8052200078964233,1
grasec,0.8,42,graphcl,610,0.5956679582595825,1,0.7722616195678711,1
grasec,0.8,42,graphcl,611,0.5977497100830078,1,1.5009208917617798,1
grasec,0.8,42,graphcl,612,0.8197660446166992,1,0.7233874201774597,1
grasec,0.8,42,graphcl,613,2.022545337677002,1,1.4434446096420288,1
grasec,0.8,42,graphcl,614,0.5402594804763794,0,0.7713451981544495,1
grasec,0.8,42,graphcl,615,0.29069605469703674,0,2.0157268047332764,1
grasec,0.8,42,graphcl,616,0.7950595617294312,1,2.3370044231414795,1
grasec,0.8,42,graphcl,617,2.3905205726623535,1,0.7433802485466003,1
grasec,0.8,42,graphcl,618,2.3730645179748535,1,2.494054079055786,1
grasec,0.8,42,graphcl,619,0.5016298890113831,1,2.3433499336242676,1
grasec,0.8,42,graphcl,620,0.8943756222724915,1,1.271570086479187,1
grasec,0.8,42,graphcl,621,0.43132615089416504,1,1.6746338605880737,1
grasec,0.8,42,graphcl,622,2.176699161529541,1,0.7440302968025208,1
grasec,0.8,42,graphcl,623,0.4434296786785126,1,1.2870254516601562,1
grasec,0.8,42,graphcl,624,0.4732634127140045,1,0.7949248552322388,1
grasec,0.8,42,graphcl,625,1.422929048538208,1,0.7740756869316101,1
grasec,0.8,42,graphcl,626,0.33459651470184326,0,1.2189480066299438,1
grasec,0.8,42,graphcl,627,1.2747434377670288,1,0.8031461834907532,1
grasec,0.8,42,graphcl,628,2.4446847438812256,1,1.6732511520385742,1
grasec,0.8,42,graphcl,629,2.444182872772217,1,1.07809317111969,1
grasec,0.8,42,graphcl,630,2.423854112625122,1,2.688222885131836,1
grasec,0.8,42,graphcl,631,0.7916883826255798,1,1.4442033767700195,1
grasec,0.8,42,graphcl,632,2.302023410797119,1,0.720135509967804,1
grasec,0.8,42,graphcl,633,0.800914466381073,1,1.3589977025985718,1
grasec,0.8,42,graphcl,634,2.381211042404175,1,2.5502452850341797,1
grasec,0.8,42,graphcl,635,2.346492052078247,1,0.9997029304504395,1
grasec,0.8,42,graphcl,636,1.1058237552642822,1,0.7811048626899719,1
grasec,0.8,42,graphcl,637,0.5733973383903503,1,2.337806463241577,1
grasec,0.8,42,graphcl,638,2.5642249584198,1,0.8495956659317017,1
grasec,0.8,42,graphcl,639,2.553976058959961,1,1.9386719465255737,1
grasec,0.8,42,graphcl,640,0.4458587169647217,1,0.529426634311676,1
grasec,0.8,42,graphcl,641,1.5084964036941528,1,1.653577208518982,1
grasec,0.8,42,graphcl,642,1.4520291090011597,1,1.536607027053833,1
grasec,0.8,42,graphcl,643,0.43957099318504333,1,2.2650468349456787,1
grasec,0.8,42,graphcl,644,2.3021602630615234,1,0.7828063368797302,1
grasec,0.8,42,graphcl,645,2.3571784496307373,1,1.3875315189361572,1
grasec,0.8,42,graphcl,646,0.5719472765922546,1,1.3364428281784058,1
grasec,0.8,42,graphcl,647,0.9084635972976685,1,0.7405614852905273,1
grasec,0.8,42,graphcl,648,0.8905870318412781,1,1.2609776258468628,1
grasec,0.8,42,graphcl,649,2.5984418392181396,1,0.6701223254203796,1
grasec,0.8,42,graphcl,650,2.2898671627044678,1,1.293225884437561,1
grasec,0.8,42,graphcl,651,1.2733275890350342,1,1.2869770526885986,1
grasec,0.8,42,graphcl,652,0.5756960511207581,0,2.181918144226074,1
grasec,0.8,42,graphcl,653,2.4512860774993896,1,2.267855167388916,1
grasec,0.8,42,graphcl,654,0.6592580676078796,1,1.7410452365875244,1
grasec,0.8,42,graphcl,655,1.447274923324585,1,1.3949905633926392,1
grasec,0.8,42,graphcl,656,2.240493059158325,1,1.9661998748779297,1
grasec,0.8,42,graphcl,657,0.6026992797851562,1,0.43366310000419617,0
grasec,0.8,42,graphcl,658,1.6529743671417236,1,1.3545453548431396,1
grasec,0.8,42,graphcl,659,1.969966173171997,1,0.5413224101066589,1
grasec,0.8,42,graphcl,660,1.308197021484375,1,1.3154642581939697,1
grasec,0.8,42,graphcl,661,2.035452127456665,1,2.0252416133880615,1
grasec,0.8,42,graphcl,662,1.464855670928955,1,2.3658812046051025,1
grasec,0.8,42,graphcl,663,2.202556610107422,1,2.025153875350952,1
grasec,0.8,42,graphcl,664,1.6917059421539307,1,2.0945074558258057,1
grasec,0.8,42,graphcl,665,0.6185576915740967,1,0.43583574891090393,1
grasec,0.8,42,graphcl,666,2.392822027206421,1,0.5757724046707153,1
grasec,0.8,42,graphcl,667,2.0816705226898193,1,0.8057047128677368,1
grasec,0.8,42,graphcl,668,0.6763591766357422,1,2.599529981613159,1
grasec,0.8,42,graphcl,669,0.9048208594322205,1,0.6872448325157166,1
grasec,0.8,42,graphcl,670,0.2934814989566803,0,2.233243227005005,1
grasec,0.8,42,graphcl,671,2.5006682872772217,1,1.8132696151733398,1
grasec,0.8,42,graphcl,672,1.5867403745651245,1,1.964585304260254,1
grasec,0.8,42,graphcl,673,0.5284019708633423,0,0.6674761176109314,1
grasec,0.8,42,graphcl,674,1.2595322132110596,1,1.3968322277069092,1
grasec,0.8,42,graphcl,675,2.5283257961273193,1,1.3897571563720703,1
grasec,0.8,42,graphcl,676,0.6277045011520386,1,0.2800160348415375,0
grasec,0.8,42,graphcl,677,0.5805928111076355,1,2.5985727310180664,1
grasec,0.8,42,graphcl,678,0.6070414781570435,1,1.7090206146240234,1
grasec,0.8,42,graphcl,679,1.1687406301498413,1,2.3375136852264404,1
grasec,0.8,42,graphcl,680,0.6950969099998474,1,1.2123316526412964,1
grasec,0.8,42,graphcl,681,2.567857027053833,1,2.0163910388946533,1
grasec,0.8,42,graphcl,682,0.45880961418151855,1,2.0981953144073486,1
grasec,0.8,42,graphcl,683,2.048710584640503,1,2.2193009853363037,1
grasec,0.8,42,graphcl,684,0.8997058868408203,1,1.6457855701446533,1
grasec,0.8,42,graphcl,685,0.3737677335739136,1,2.647883653640747,1
grasec,0.8,42,graphcl,686,1.283361792564392,1,1.5611790418624878,1
grasec,0.8,42,graphcl,687,1.2638788223266602,1,0.5338514447212219,1
grasec,0.8,42,graphcl,688,1.2782267332077026,1,1.2525323629379272,1
grasec,0.8,42,graphcl,689,0.7496737241744995,1,0.7224024534225464,1
grasec,0.8,42,graphcl,690,1.2736109495162964,1,0.5296286940574646,1
grasec,0.8,42,graphcl,691,2.293386220932007,1,2.0216164588928223,1
grasec,0.8,42,graphcl,692,2.1975820064544678,1,2.3605964183807373,1
grasec,0.8,42,graphcl,693,2.317638635635376,1,0.5379080176353455,1
grasec,0.8,42,graphcl,694,1.8130601644515991,1,1.2779675722122192,1
grasec,0.8,42,graphcl,695,1.921555519104004,1,2.436457872390747,1
grasec,0.8,42,graphcl,696,2.208606004714966,1,1.3467867374420166,1
grasec,0.8,42,graphcl,697,2.017695188522339,1,1.3560703992843628,1
grasec,0.8,42,graphcl,698,1.2986290454864502,1,0.3113821744918823,0
grasec,0.8,42,graphcl,699,0.7036685943603516,1,1.9632914066314697,1
grasec,0.8,42,graphcl,700,2.6179282665252686,1,1.8236839771270752,1
grasec,0.8,42,graphcl,701,2.446063756942749,1,2.201500654220581,1
grasec,0.8,42,graphcl,702,1.1293256282806396,1,2.0309627056121826,1
grasec,0.8,42,graphcl,703,0.6122167110443115,1,1.8729158639907837,1
grasec,0.8,42,graphcl,704,0.884387195110321,1,1.2846583127975464,1
grasec,0.8,42,graphcl,705,1.0152696371078491,1,1.3147255182266235,1
grasec,0.8,42,graphcl,706,1.298221468925476,1,0.4746533930301666,1
grasec,0.8,42,graphcl,707,1.1636608839035034,1,1.9440033435821533,1
grasec,0.8,42,graphcl,708,0.311965674161911,0,0.20099475979804993,0
grasec,0.8,42,graphcl,709,1.9539545774459839,1,0.36520782113075256,1
grasec,0.8,42,graphcl,710,1.4125927686691284,1,1.2209317684173584,1
grasec,0.8,42,graphcl,711,1.9806585311889648,1,0.6653362512588501,0
grasec,0.8,42,graphcl,712,1.4696502685546875,1,2.3917956352233887,1
grasec,0.8,42,graphcl,713,2.513716220855713,1,1.3245309591293335,1
grasec,0.8,42,graphcl,714,0.27208802103996277,0,1.5641582012176514,1
grasec,0.8,42,graphcl,715,2.2861697673797607,1,2.0282037258148193,1
grasec,0.8,42,graphcl,716,2.4132602214813232,1,0.3806554973125458,1
grasec,0.8,42,graphcl,717,2.290527820587158,1,2.680292844772339,1
grasec,0.8,42,graphcl,718,1.2142291069030762,1,1.4172991514205933,1
grasec,0.8,42,graphcl,719,1.4625780582427979,1,0.622383713722229,1
grasec,0.8,42,graphcl,720,0.34151074290275574,0,1.1025457382202148,1
grasec,0.8,42,graphcl,721,1.187075138092041,1,2.0705955028533936,1
grasec,0.8,42,graphcl,722,2.4240520000457764,1,2.3329243659973145,1
grasec,0.8,42,graphcl,723,1.1810280084609985,1,1.9570482969284058,1
grasec,0.8,42,graphcl,724,2.0093915462493896,1,2.18623423576355,1
grasec,0.8,42,graphcl,725,1.6288942098617554,1,2.1334640979766846,1
grasec,0.8,42,graphcl,726,1.2118014097213745,1,0.6803666949272156,1
grasec,0.8,42,graphcl,727,2.1379027366638184,1,0.6922012567520142,1
grasec,0.8,42,graphcl,728,1.1761507987976074,1,0.6229082942008972,1
grasec,0.8,42,graphcl,729,0.7730436325073242,1,2.108069658279419,1
grasec,0.8,42,graphcl,730,1.777509331703186,1,1.201898217201233,1
grasec,0.8,42,graphcl,731,0.868865430355072,1,0.5429956316947937,1
grasec,0.8,42,graphcl,732,0.7290562987327576,1,1.9247902631759644,1
grasec,0.8,42,graphcl,733,2.3535382747650146,1,1.1691116094589233,1
grasec,0.8,42,graphcl,734,1.0843594074249268,1,2.567643880844116,1
grasec,0.8,42,graphcl,735,2.6429836750030518,1,1.2204498052597046,1
grasec,0.8,42,graphcl,736,1.3245939016342163,1,2.432260274887085,1
grasec,0.8,42,graphcl,737,0.9932888150215149,1,1.3223391771316528,1
grasec,0.8,42,graphcl,738,0.5770541429519653,1,0.4269234836101532,1
grasec,0.8,42,graphcl,739,1.7164782285690308,1,0.3419029712677002,1
grasec,0.8,42,graphcl,740,0.3826962411403656,0,2.3499345779418945,1
grasec,0.8,42,graphcl,741,1.489690899848938,1,2.3365373611450195,1
grasec,0.8,42,graphcl,742,2.697821617126465,1,1.2773278951644897,1
grasec,0.8,42,graphcl,743,2.3876209259033203,1,0.5368747711181641,1
grasec,0.8,42,graphcl,744,,,2.0954437255859375,1
grasec,0.8,43,graphcl,0,0.8061713576316833,1,1.1741451025009155,1
grasec,0.8,43,graphcl,1,1.276439905166626,1,0.23006319999694824,0
grasec,0.8,43,graphcl,2,0.9503791928291321,1,1.5792468786239624,1
grasec,0.8,43,graphcl,3,0.9410749673843384,1,1.2706851959228516,1
grasec,0.8,43,graphcl,4,1.2681893110275269,1,1.216583490371704,1
grasec,0.8,43,graphcl,5,1.5710257291793823,1,0.9613710641860962,1
grasec,0.8,43,graphcl,6,1.7969410419464111,1,0.5013584494590759,1
grasec,0.8,43,graphcl,7,1.3374385833740234,1,1.2030550241470337,1
grasec,0.8,43,graphcl,8,0.9133354425430298,1,0.8103537559509277,1
grasec,0.8,43,graphcl,9,0.663020133972168,1,1.2213176488876343,1
grasec,0.8,43,graphcl,10,0.5430989861488342,1,0.5329846739768982,1
grasec,0.8,43,graphcl,11,1.2482924461364746,1,0.9080820083618164,1
grasec,0.8,43,graphcl,12,0.844721257686615,1,1.4626033306121826,1
grasec,0.8,43,graphcl,13,0.9815793037414551,1,1.4656606912612915,1
grasec,0.8,43,graphcl,14,0.8494669795036316,1,0.3854805827140808,1
grasec,0.8,43,graphcl,15,1.5586494207382202,1,1.231239914894104,1
grasec,0.8,43,graphcl,16,0.45030727982521057,1,1.243204951286316,1
grasec,0.8,43,graphcl,17,1.2041841745376587,1,0.27571040391921997,0
grasec,0.8,43,graphcl,18,1.2656916379928589,1,0.735743522644043,1
grasec,0.8,43,graphcl,19,1.341723084449768,1,0.12148477882146835,1
grasec,0.8,43,graphcl,20,1.2401970624923706,1,0.6407763957977295,1
grasec,0.8,43,graphcl,21,0.6426994204521179,1,0.7341499924659729,1
grasec,0.8,43,graphcl,22,0.8576223254203796,1,1.3199752569198608,1
grasec,0.8,43,graphcl,23,0.7554351687431335,1,0.8856409192085266,1
grasec,0.8,43,graphcl,24,0.32972240447998047,1,0.5961591005325317,1
grasec,0.8,43,graphcl,25,1.174916386604309,1,1.4514877796173096,1
grasec,0.8,43,graphcl,26,0.8418038487434387,1,0.8064274191856384,1
grasec,0.8,43,graphcl,27,1.4066094160079956,1,0.9331286549568176,1
grasec,0.8,43,graphcl,28,0.5034560561180115,1,0.945406436920166,1
grasec,0.8,43,graphcl,29,0.8412593007087708,1,1.2390800714492798,1
grasec,0.8,43,graphcl,30,1.222992181777954,1,1.5489933490753174,1
grasec,0.8,43,graphcl,31,1.5319361686706543,1,1.0081149339675903,1
grasec,0.8,43,graphcl,32,1.591925859451294,1,0.7624083757400513,1
grasec,0.8,43,graphcl,33,1.4567844867706299,1,1.167941927909851,1
grasec,0.8,43,graphcl,34,1.259476661682129,1,1.7573471069335938,1
grasec,0.8,43,graphcl,35,1.0640232563018799,1,0.8982484936714172,1
grasec,0.8,43,graphcl,36,0.9712583422660828,1,0.2698691785335541,0
grasec,0.8,43,graphcl,37,1.0889776945114136,1,1.1325398683547974,1
grasec,0.8,43,graphcl,38,0.5589520335197449,1,0.8955316543579102,1
grasec,0.8,43,graphcl,39,1.2014713287353516,1,1.338728427886963,1
grasec,0.8,43,graphcl,40,1.2175623178482056,1,1.1183900833129883,1
grasec,0.8,43,graphcl,41,0.9954126477241516,1,0.9410373568534851,1
grasec,0.8,43,graphcl,42,0.9415010809898376,1,1.3922849893569946,1
grasec,0.8,43,graphcl,43,1.0849751234054565,1,0.9312790036201477,1
grasec,0.8,43,graphcl,44,1.6223090887069702,1,1.6388294696807861,1
grasec,0.8,43,graphcl,45,1.2234636545181274,1,1.5264171361923218,1
grasec,0.8,43,graphcl,46,0.25884878635406494,0,1.1562246084213257,1
grasec,0.8,43,graphcl,47,1.7760117053985596,1,0.7438859939575195,1
grasec,0.8,43,graphcl,48,1.3391212224960327,1,1.1639187335968018,1
grasec,0.8,43,graphcl,49,0.5687748789787292,1,1.1425222158432007,1
grasec,0.8,43,graphcl,50,1.2276006937026978,1,0.8292118310928345,1
grasec,0.8,43,graphcl,51,0.944776177406311,1,0.8176593780517578,1
grasec,0.8,43,graphcl,52,0.8181654214859009,1,1.0447789430618286,1
grasec,0.8,43,graphcl,53,0.5210739374160767,1,1.677255630493164,1
grasec,0.8,43,graphcl,54,1.811491847038269,1,1.4515444040298462,1
grasec,0.8,43,graphcl,55,1.168739676475525,1,1.8376520872116089,1
grasec,0.8,43,graphcl,56,0.8028114438056946,1,2.0109174251556396,1
grasec,0.8,43,graphcl,57,1.3922890424728394,1,0.7547405362129211,1
grasec,0.8,43,graphcl,58,1.2610691785812378,1,1.7840149402618408,1
grasec,0.8,43,graphcl,59,1.6054340600967407,1,0.5456026196479797,1
grasec,0.8,43,graphcl,60,1.9235447645187378,1,0.17052848637104034,0
grasec,0.8,43,graphcl,61,1.5283845663070679,1,0.7519631385803223,1
grasec,0.8,43,graphcl,62,1.3455220460891724,1,0.774896502494812,1
grasec,0.8,43,graphcl,63,1.2229188680648804,1,1.6736942529678345,1
grasec,0.8,43,graphcl,64,0.35500961542129517,1,1.2553635835647583,1
grasec,0.8,43,graphcl,65,0.5554038286209106,1,0.26383182406425476,0
grasec,0.8,43,graphcl,66,1.1672461032867432,1,0.8762245178222656,1
grasec,0.8,43,graphcl,67,1.2348695993423462,1,0.911587655544281,1
grasec,0.8,43,graphcl,68,1.4245744943618774,1,0.7509506940841675,1
grasec,0.8,43,graphcl,69,0.991551399230957,1,0.6840662360191345,1
grasec,0.8,43,graphcl,70,0.9828893542289734,1,0.9804702997207642,1
grasec,0.8,43,graphcl,71,0.6534331440925598,1,1.3765192031860352,1
grasec,0.8,43,graphcl,72,1.246019721031189,1,0.509411633014679,1
grasec,0.8,43,graphcl,73,0.8617145419120789,1,1.1507853269577026,1
grasec,0.8,43,graphcl,74,0.7035512924194336,1,0.799167275428772,1
grasec,0.8,43,graphcl,75,1.330940842628479,1,0.3539837598800659,0
grasec,0.8,43,graphcl,76,1.2728643417358398,1,0.8631221652030945,1
grasec,0.8,43,graphcl,77,0.5739545822143555,1,1.284379243850708,1
grasec,0.8,43,graphcl,78,1.527739405632019,1,1.667272925376892,1
grasec,0.8,43,graphcl,79,1.1631220579147339,1,1.74504816532135,1
grasec,0.8,43,graphcl,80,1.323228120803833,1,0.6096623539924622,1
grasec,0.8,43,graphcl,81,0.3788325786590576,0,1.2302634716033936,1
grasec,0.8,43,graphcl,82,0.8105374574661255,1,1.2896747589111328,1
grasec,0.8,43,graphcl,83,1.245857834815979,1,0.2673642635345459,0
grasec,0.8,43,graphcl,84,0.8154431581497192,1,1.5920860767364502,1
grasec,0.8,43,graphcl,85,1.1318315267562866,1,1.1418938636779785,1
grasec,0.8,43,graphcl,86,1.8596867322921753,1,0.7664024233818054,1
grasec,0.8,43,graphcl,87,1.3471812009811401,1,1.2517257928848267,1
grasec,0.8,43,graphcl,88,0.316816508769989,0,1.2686876058578491,1
grasec,0.8,43,graphcl,89,1.801020860671997,1,1.4046396017074585,1
grasec,0.8,43,graphcl,90,0.9020528197288513,1,1.2089132070541382,1
grasec,0.8,43,graphcl,91,0.8081655502319336,1,1.2389333248138428,1
grasec,0.8,43,graphcl,92,0.6177427172660828,1,1.2256330251693726,1
grasec,0.8,43,graphcl,93,0.6354029178619385,1,0.6636733412742615,1
grasec,0.8,43,graphcl,94,0.90654057264328,1,0.5932624340057373,0
grasec,0.8,43,graphcl,95,0.3848247826099396,1,0.6039090156555176,1
grasec,0.8,43,graphcl,96,1.5831713676452637,1,1.4997422695159912,1
grasec,0.8,43,graphcl,97,1.503122091293335,1,1.4062508344650269,1
grasec,0.8,43,graphcl,98,0.9353391528129578,1,1.2180256843566895,1
grasec,0.8,43,graphcl,99,1.2178796529769897,1,0.4016970694065094,1
grasec,0.8,43,graphcl,100,1.842502236366272,1,0.7725348472595215,1
grasec,0.8,43,graphcl,101,0.8616922497749329,1,0.3586418926715851,0
grasec,0.8,43,graphcl,102,1.6820461750030518,1,0.987475574016571,1
grasec,0.8,43,graphcl,103,1.4235754013061523,1,0.5276980400085449,1
grasec,0.8,43,graphcl,104,0.5706667304039001,1,1.2988704442977905,1
grasec,0.8,43,graphcl,105,0.9433448910713196,1,1.099655032157898,1
grasec,0.8,43,graphcl,106,1.2570852041244507,1,1.2525365352630615,1
grasec,0.8,43,graphcl,107,1.2198668718338013,1,0.5730968713760376,1
grasec,0.8,43,graphcl,108,0.6072324514389038,1,0.5286499261856079,1
grasec,0.8,43,graphcl,109,1.2684863805770874,1,1.424935221672058,1
grasec,0.8,43,graphcl,110,1.2422312498092651,1,1.1724797487258911,1
grasec,0.8,43,graphcl,111,0.2982780635356903,0,1.089512825012207,1
grasec,0.8,43,graphcl,112,0.83470219373703,1,0.6122938990592957,1
grasec,0.8,43,graphcl,113,0.4276924133300781,1,0.6754452586174011,1
grasec,0.8,43,graphcl,114,0.37721961736679077,1,0.9799144864082336,1
grasec,0.8,43,graphcl,115,0.2236015796661377,0,1.8240152597427368,1
grasec,0.8,43,graphcl,116,1.5620980262756348,1,1.3673745393753052,1
grasec,0.8,43,graphcl,117,1.4965444803237915,1,1.2606838941574097,1
grasec,0.8,43,graphcl,118,1.7790440320968628,1,1.2768194675445557,1
grasec,0.8,43,graphcl,119,1.7869226932525635,1,1.1909704208374023,1
grasec,0.8,43,graphcl,120,0.3934069573879242,1,1.4440068006515503,1
grasec,0.8,43,graphcl,121,0.29529595375061035,0,1.178139090538025,1
grasec,0.8,43,graphcl,122,0.5122249722480774,0,0.914132297039032,1
grasec,0.8,43,graphcl,123,1.1544517278671265,1,1.5959922075271606,1
grasec,0.8,43,graphcl,124,0.6636363863945007,1,1.3920153379440308,1
grasec,0.8,43,graphcl,125,1.6007226705551147,1,0.32672905921936035,1
grasec,0.8,43,graphcl,126,1.201003074645996,1,1.136096715927124,1
grasec,0.8,43,graphcl,127,0.4791673719882965,1,1.284757137298584,1
grasec,0.8,43,graphcl,128,1.1958664655685425,1,0.397452175617218,1
grasec,0.8,43,graphcl,129,0.379258394241333,1,0.9334247708320618,1
grasec,0.8,43,graphcl,130,1.0208643674850464,1,0.8042135238647461,1
grasec,0.8,43,graphcl,131,0.5409848093986511,1,0.9815196394920349,1
grasec,0.8,43,graphcl,132,0.8107223510742188,1,1.1250271797180176,1
grasec,0.8,43,graphcl,133,1.7729095220565796,1,1.2156543731689453,1
grasec,0.8,43,graphcl,134,0.5802909731864929,1,1.1964085102081299,1
grasec,0.8,43,graphcl,135,1.2498013973236084,1,1.1956743001937866,1
grasec,0.8,43,graphcl,136,1.0916780233383179,1,0.8367544412612915,1
grasec,0.8,43,graphcl,137,0.38661643862724304,0,1.5258387327194214,1
grasec,0.8,43,graphcl,138,1.7394256591796875,1,0.5226191878318787,1
grasec,0.8,43,graphcl,139,1.2681902647018433,1,1.5934537649154663,1
grasec,0.8,43,graphcl,140,0.8662697076797485,1,0.9474607706069946,1
grasec,0.8,43,graphcl,141,0.8745076060295105,1,1.5849899053573608,1
grasec,0.8,43,graphcl,142,0.8688001036643982,1,1.2653735876083374,1
grasec,0.8,43,graphcl,143,1.2083022594451904,1,1.556040644645691,1
grasec,0.8,43,graphcl,144,1.1822786331176758,1,1.2147009372711182,1
grasec,0.8,43,graphcl,145,1.2681725025177002,1,0.29661795496940613,0
grasec,0.8,43,graphcl,146,0.7584235072135925,1,0.9457494616508484,1
grasec,0.8,43,graphcl,147,1.5514118671417236,1,1.2254996299743652,1
grasec,0.8,43,graphcl,148,1.1566282510757446,1,1.1550205945968628,1
grasec,0.8,43,graphcl,149,0.30892282724380493,0,1.2266716957092285,1
grasec,0.8,43,graphcl,150,1.7155287265777588,1,1.2159676551818848,1
grasec,0.8,43,graphcl,151,1.417065978050232,1,1.2902008295059204,1
grasec,0.8,43,graphcl,152,1.5530245304107666,1,1.7082099914550781,1
grasec,0.8,43,graphcl,153,1.216394305229187,1,1.4870280027389526,1
grasec,0.8,43,graphcl,154,1.055453896522522,1,1.4309550523757935,1
grasec,0.8,43,graphcl,155,1.230267882347107,1,1.5798530578613281,1
grasec,0.8,43,graphcl,156,0.9832002520561218,1,1.3786958456039429,1
grasec,0.8,43,graphcl,157,0.17220976948738098,0,1.1647270917892456,1
grasec,0.8,43,graphcl,158,0.8835372924804688,1,1.2182693481445312,1
grasec,0.8,43,graphcl,159,1.8289623260498047,1,0.9799087643623352,1
grasec,0.8,43,graphcl,160,1.0758270025253296,1,1.148556113243103,1
grasec,0.8,43,graphcl,161,0.8412548303604126,1,1.2354000806808472,1
grasec,0.8,43,graphcl,162,1.2595717906951904,1,0.763836145401001,1
grasec,0.8,43,graphcl,163,1.7716608047485352,1,0.28638216853141785,0
grasec,0.8,43,graphcl,164,0.6179978847503662,1,1.166571021080017,1
grasec,0.8,43,graphcl,165,0.9176422357559204,1,1.275950312614441,1
grasec,0.8,43,graphcl,166,0.7397209405899048,1,1.193331003189087,1
grasec,0.8,43,graphcl,167,0.8787501454353333,1,0.8537147641181946,1
grasec,0.8,43,graphcl,168,1.2216650247573853,1,0.5798291563987732,1
grasec,0.8,43,graphcl,169,1.1116608381271362,1,0.4635472893714905,1
grasec,0.8,43,graphcl,170,1.1323375701904297,1,1.7162479162216187,1
grasec,0.8,43,graphcl,171,0.5865873694419861,1,1.0007174015045166,1
grasec,0.8,43,graphcl,172,0.7957292199134827,1,1.2504494190216064,1
grasec,0.8,43,graphcl,173,0.8856198191642761,1,1.2249423265457153,1
grasec,0.8,43,graphcl,174,0.31197547912597656,0,0.8286404013633728,1
grasec,0.8,43,graphcl,175,0.28320762515068054,0,0.24635545909404755,0
grasec,0.8,43,graphcl,176,1.4871305227279663,1,0.380305677652359,1
grasec,0.8,43,graphcl,177,0.741945207118988,1,1.30591881275177,1
grasec,0.8,43,graphcl,178,1.272364854812622,1,0.8840345740318298,1
grasec,0.8,43,graphcl,179,1.2174211740493774,1,1.3043535947799683,1
grasec,0.8,43,graphcl,180,0.41989269852638245,1,0.3108244836330414,0
grasec,0.8,43,graphcl,181,1.1634520292282104,1,1.0481728315353394,1
grasec,0.8,43,graphcl,182,1.1464582681655884,1,1.1851999759674072,1
grasec,0.8,43,graphcl,183,1.5976511240005493,1,1.0859266519546509,1
grasec,0.8,43,graphcl,184,0.19790200889110565,0,1.7201865911483765,1
grasec,0.8,43,graphcl,185,1.2191647291183472,1,0.46403375267982483,1
grasec,0.8,43,graphcl,186,0.8275535702705383,1,1.2639168500900269,1
grasec,0.8,43,graphcl,187,0.8923736810684204,1,0.6006633043289185,1
grasec,0.8,43,graphcl,188,0.671937882900238,1,1.242334246635437,1
grasec,0.8,43,graphcl,189,1.3697623014450073,1,1.0325192213058472,1
grasec,0.8,43,graphcl,190,1.2940027713775635,1,1.5287809371948242,1
grasec,0.8,43,graphcl,191,1.2597408294677734,1,0.751318633556366,1
grasec,0.8,43,graphcl,192,1.390094518661499,1,1.282059907913208,1
grasec,0.8,43,graphcl,193,1.2162532806396484,1,1.5761460065841675,1
grasec,0.8,43,graphcl,194,0.8101757168769836,1,0.8239801526069641,1
grasec,0.8,43,graphcl,195,1.269442081451416,1,1.1103373765945435,1
grasec,0.8,43,graphcl,196,1.3445367813110352,1,0.9377617835998535,1
grasec,0.8,43,graphcl,197,0.2258879393339157,0,0.5596486330032349,1
grasec,0.8,43,graphcl,198,1.123625636100769,1,0.6708117723464966,1
grasec,0.8,43,graphcl,199,1.0480939149856567,1,0.4450445771217346,1
grasec,0.8,43,graphcl,200,0.3912854790687561,0,1.022363543510437,1
grasec,0.8,43,graphcl,201,1.4307225942611694,1,0.8355830311775208,1
grasec,0.8,43,graphcl,202,0.8062015771865845,1,1.0837364196777344,1
grasec,0.8,43,graphcl,203,0.6601996421813965,1,0.7398879528045654,1
grasec,0.8,43,graphcl,204,0.47743088006973267,1,1.088771939277649,1
grasec,0.8,43,graphcl,205,1.1816447973251343,1,1.3226945400238037,1
grasec,0.8,43,graphcl,206,1.2077487707138062,1,1.197116494178772,1
grasec,0.8,43,graphcl,207,1.010858178138733,1,0.6314741373062134,1
grasec,0.8,43,graphcl,208,0.9536470770835876,1,0.4500539302825928,1
grasec,0.8,43,graphcl,209,0.7161074876785278,1,1.1068443059921265,1
grasec,0.8,43,graphcl,210,0.9238327145576477,1,1.1295593976974487,1
grasec,0.8,43,graphcl,211,0.3777899444103241,1,0.6129153370857239,1
grasec,0.8,43,graphcl,212,1.3554928302764893,1,1.2192555665969849,1
grasec,0.8,43,graphcl,213,1.2687253952026367,1,0.3423866331577301,1
grasec,0.8,43,graphcl,214,1.1739975214004517,1,1.282973051071167,1
grasec,0.8,43,graphcl,215,1.1808770895004272,1,1.081476092338562,1
grasec,0.8,43,graphcl,216,0.39960813522338867,1,1.8144515752792358,1
grasec,0.8,43,graphcl,217,1.220018982887268,1,1.744439721107483,1
grasec,0.8,43,graphcl,218,0.7126490473747253,1,0.3195454776287079,0
grasec,0.8,43,graphcl,219,1.2761648893356323,1,0.8468502163887024,1
grasec,0.8,43,graphcl,220,0.7223402857780457,1,0.5963064432144165,1
grasec,0.8,43,graphcl,221,1.2831271886825562,1,0.6149418950080872,1
grasec,0.8,43,graphcl,222,1.1093236207962036,1,1.282362461090088,1
grasec,0.8,43,graphcl,223,1.2020081281661987,1,1.3956892490386963,1
grasec,0.8,43,graphcl,224,1.1990864276885986,1,1.2878718376159668,1
grasec,0.8,43,graphcl,225,1.2091931104660034,1,1.2131494283676147,1
grasec,0.8,43,graphcl,226,0.45079872012138367,1,0.15986120700836182,0
grasec,0.8,43,graphcl,227,1.163143515586853,1,0.37912631034851074,1
grasec,0.8,43,graphcl,228,0.5778377056121826,0,0.9826436042785645,1
grasec,0.8,43,graphcl,229,1.3389145135879517,1,0.39548254013061523,1
grasec,0.8,43,graphcl,230,0.910637378692627,1,1.299881935119629,1
grasec,0.8,43,graphcl,231,0.9145500063896179,1,1.7318066358566284,1
grasec,0.8,43,graphcl,232,0.783250629901886,1,1.1725404262542725,1
grasec,0.8,43,graphcl,233,0.4440391957759857,1,1.6479377746582031,1
grasec,0.8,43,graphcl,234,0.8249991536140442,1,1.2613115310668945,1
grasec,0.8,43,graphcl,235,0.597276508808136,1,0.2705880105495453,0
grasec,0.8,43,graphcl,236,1.1591627597808838,1,1.2590197324752808,1
grasec,0.8,43,graphcl,237,0.8718509078025818,1,0.3966005742549896,1
grasec,0.8,43,graphcl,238,1.1130880117416382,1,1.2890851497650146,1
grasec,0.8,43,graphcl,239,1.122326135635376,1,1.1072546243667603,1
grasec,0.8,43,graphcl,240,1.0002344846725464,1,1.054990530014038,1
grasec,0.8,43,graphcl,241,1.3507272005081177,1,1.198581337928772,1
grasec,0.8,43,graphcl,242,1.5651671886444092,1,1.501917839050293,1
grasec,0.8,43,graphcl,243,0.576339066028595,1,1.4102188348770142,1
grasec,0.8,43,graphcl,244,0.6185539364814758,1,0.4269048869609833,0
grasec,0.8,43,graphcl,245,0.34369251132011414,0,1.2642779350280762,1
grasec,0.8,43,graphcl,246,0.6323254704475403,1,1.1787171363830566,1
grasec,0.8,43,graphcl,247,1.219394564628601,1,1.3568872213363647,1
grasec,0.8,43,graphcl,248,1.733768105506897,1,1.1703979969024658,1
grasec,0.8,43,graphcl,249,0.8111802339553833,1,0.4276118278503418,1
grasec,0.8,43,graphcl,250,1.2221978902816772,1,1.6026750802993774,1
grasec,0.8,43,graphcl,251,0.7088074088096619,1,0.8943807482719421,1
grasec,0.8,43,graphcl,252,0.3292575776576996,1,1.1492027044296265,1
grasec,0.8,43,graphcl,253,1.4036474227905273,1,1.5270302295684814,1
grasec,0.8,43,graphcl,254,0.7805174589157104,1,0.4272204339504242,1
grasec,0.8,43,graphcl,255,1.289681315422058,1,1.2902586460113525,1
grasec,0.8,43,graphcl,256,1.357505202293396,1,0.8665632605552673,1
grasec,0.8,43,graphcl,257,0.3351861536502838,0,1.1165775060653687,1
grasec,0.8,43,graphcl,258,0.8031057715415955,1,0.6099363565444946,1
grasec,0.8,43,graphcl,259,0.13670387864112854,0,0.32635897397994995,1
grasec,0.8,43,graphcl,260,1.8611611127853394,1,0.7538646459579468,1
grasec,0.8,43,graphcl,261,0.8681141138076782,1,0.8528987169265747,1
grasec,0.8,43,graphcl,262,1.3881709575653076,1,0.22754807770252228,0
grasec,0.8,43,graphcl,263,0.5631328821182251,1,0.53343665599823,1
grasec,0.8,43,graphcl,264,1.6860843896865845,1,1.7128009796142578,1
grasec,0.8,43,graphcl,265,0.828941285610199,1,1.6126207113265991,1
grasec,0.8,43,graphcl,266,1.1102267503738403,1,1.0395689010620117,1
grasec,0.8,43,graphcl,267,1.6503804922103882,1,1.2157553434371948,1
grasec,0.8,43,graphcl,268,1.2625296115875244,1,0.8730270266532898,1
grasec,0.8,43,graphcl,269,1.0599545240402222,1,1.2355045080184937,1
grasec,0.8,43,graphcl,270,0.20561504364013672,0,0.4948504567146301,1
grasec,0.8,43,graphcl,271,1.2869738340377808,1,0.7516326904296875,1
grasec,0.8,43,graphcl,272,0.9008851051330566,1,1.5536354780197144,1
grasec,0.8,43,graphcl,273,0.9534160494804382,1,1.7271606922149658,1
grasec,0.8,43,graphcl,274,1.2765467166900635,1,0.4920387268066406,1
grasec,0.8,43,graphcl,275,0.7686131596565247,1,1.6306103467941284,1
grasec,0.8,43,graphcl,276,0.35828277468681335,1,1.2745860815048218,1
grasec,0.8,43,graphcl,277,1.2280694246292114,1,0.7220006585121155,1
grasec,0.8,43,graphcl,278,1.8450393676757812,1,0.7706736326217651,1
grasec,0.8,43,graphcl,279,0.3380133807659149,1,1.2541931867599487,1
grasec,0.8,43,graphcl,280,1.26340913772583,1,0.18340633809566498,1
grasec,0.8,43,graphcl,281,1.8271983861923218,1,0.5615126490592957,1
grasec,0.8,43,graphcl,282,0.7678462862968445,1,0.7961487770080566,1
grasec,0.8,43,graphcl,283,0.8796680569648743,1,0.3565807342529297,0
grasec,0.8,43,graphcl,284,0.36303383111953735,1,1.5385164022445679,1
grasec,0.8,43,graphcl,285,0.738230288028717,1,0.3882288634777069,1
grasec,0.8,43,graphcl,286,1.7532442808151245,1,1.304561972618103,1
grasec,0.8,43,graphcl,287,0.6921189427375793,1,1.2017639875411987,1
grasec,0.8,43,graphcl,288,1.1981172561645508,1,1.2634265422821045,1
grasec,0.8,43,graphcl,289,1.6009384393692017,1,1.832201361656189,1
grasec,0.8,43,graphcl,290,1.6456819772720337,1,1.5411977767944336,1
grasec,0.8,43,graphcl,291,1.2638338804244995,1,0.880950391292572,1
grasec,0.8,43,graphcl,292,0.9856729507446289,1,1.820261001586914,1
grasec,0.8,43,graphcl,293,1.024734377861023,1,0.39314764738082886,1
grasec,0.8,43,graphcl,294,1.2580368518829346,1,1.1229199171066284,1
grasec,0.8,43,graphcl,295,1.2632254362106323,1,1.356855034828186,1
grasec,0.8,43,graphcl,296,1.0574238300323486,1,0.9184629321098328,1
grasec,0.8,43,graphcl,297,0.9773128628730774,1,0.24331045150756836,0
grasec,0.8,43,graphcl,298,1.2637073993682861,1,1.6937649250030518,1
grasec,0.8,43,graphcl,299,0.6608027815818787,1,0.8099603652954102,1
grasec,0.8,43,graphcl,300,0.7700207233428955,1,0.35324418544769287,0
grasec,0.8,43,graphcl,301,0.889168918132782,1,0.9239107370376587,1
grasec,0.8,43,graphcl,302,1.304068922996521,1,1.2116202116012573,1
grasec,0.8,43,graphcl,303,1.260410189628601,1,0.7740672826766968,1
grasec,0.8,43,graphcl,304,1.270304560661316,1,0.8406120538711548,1
grasec,0.8,43,graphcl,305,0.9851431250572205,1,1.2507864236831665,1
grasec,0.8,43,graphcl,306,1.334287166595459,1,1.2066147327423096,1
grasec,0.8,43,graphcl,307,0.8658987283706665,1,0.2513997554779053,0
grasec,0.8,43,graphcl,308,1.5112169981002808,1,1.415765404701233,1
grasec,0.8,43,graphcl,309,1.1318262815475464,1,1.256466269493103,1
grasec,0.8,43,graphcl,310,1.4344571828842163,1,1.501851201057434,1
grasec,0.8,43,graphcl,311,0.13847307860851288,0,0.9758947491645813,1
grasec,0.8,43,graphcl,312,1.8232182264328003,1,1.3437954187393188,1
grasec,0.8,43,graphcl,313,0.9367967844009399,1,1.5043948888778687,1
grasec,0.8,43,graphcl,314,1.1519969701766968,1,1.5094202756881714,1
grasec,0.8,43,graphcl,315,0.817173182964325,1,1.2846242189407349,1
grasec,0.8,43,graphcl,316,1.3534365892410278,1,0.7553007006645203,1
grasec,0.8,43,graphcl,317,1.5498121976852417,1,0.7819302678108215,1
grasec,0.8,43,graphcl,318,1.3790009021759033,1,0.4584880769252777,1
grasec,0.8,43,graphcl,319,0.37565553188323975,1,1.3873322010040283,1
grasec,0.8,43,graphcl,320,0.8416957855224609,1,1.499071717262268,1
grasec,0.8,43,graphcl,321,0.6838597655296326,1,0.7050839066505432,1
grasec,0.8,43,graphcl,322,1.463207721710205,1,0.866308331489563,1
grasec,0.8,43,graphcl,323,1.4709665775299072,1,0.4300108551979065,1
grasec,0.8,43,graphcl,324,1.2047909498214722,1,1.5739039182662964,1
grasec,0.8,43,graphcl,325,0.836342990398407,1,0.8580271005630493,1
grasec,0.8,43,graphcl,326,1.6815643310546875,1,1.2671689987182617,1
grasec,0.8,43,graphcl,327,1.0366376638412476,1,0.967040479183197,1
grasec,0.8,43,graphcl,328,1.1695449352264404,1,1.2883055210113525,1
grasec,0.8,43,graphcl,329,1.320011019706726,1,1.8907016515731812,1
grasec,0.8,43,graphcl,330,0.6935960650444031,1,0.9079241752624512,1
grasec,0.8,43,graphcl,331,1.2808858156204224,1,0.38691478967666626,1
grasec,0.8,43,graphcl,332,0.8705234527587891,1,0.7783493995666504,1
grasec,0.8,43,graphcl,333,1.2488021850585938,1,0.45148715376853943,0
grasec,0.8,43,graphcl,334,1.259149193763733,1,0.7781211733818054,1
grasec,0.8,43,graphcl,335,0.5641591548919678,1,0.1766156256198883,0
grasec,0.8,43,graphcl,336,1.0886257886886597,1,0.5440675616264343,1
grasec,0.8,43,graphcl,337,0.16801010072231293,0,0.9624283909797668,1
grasec,0.8,43,graphcl,338,1.0970102548599243,1,1.2492140531539917,1
grasec,0.8,43,graphcl,339,1.4524444341659546,1,0.8301385045051575,1
grasec,0.8,43,graphcl,340,1.5843029022216797,1,0.7545341849327087,1
grasec,0.8,43,graphcl,341,1.2006875276565552,1,1.8447465896606445,1
grasec,0.8,43,graphcl,342,0.8425264358520508,1,1.4314773082733154,1
grasec,0.8,43,graphcl,343,1.0961889028549194,1,1.209092617034912,1
grasec,0.8,43,graphcl,344,0.5422976613044739,1,0.44975540041923523,1
grasec,0.8,43,graphcl,345,1.2998117208480835,1,1.7105779647827148,1
grasec,0.8,43,graphcl,346,1.3089061975479126,1,0.974421501159668,1
grasec,0.8,43,graphcl,347,1.5507992506027222,1,1.7590640783309937,1
grasec,0.8,43,graphcl,348,1.0324982404708862,1,1.369185209274292,1
grasec,0.8,43,graphcl,349,1.223048210144043,1,0.7559630274772644,1
grasec,0.8,43,graphcl,350,1.0112645626068115,1,0.9416214227676392,1
grasec,0.8,43,graphcl,351,1.6482813358306885,1,1.2466226816177368,1
grasec,0.8,43,graphcl,352,1.4708819389343262,1,0.33955201506614685,0
grasec,0.8,43,graphcl,353,1.573795199394226,1,0.9798868298530579,1
grasec,0.8,43,graphcl,354,1.1346269845962524,1,1.2456763982772827,1
grasec,0.8,43,graphcl,355,1.2511738538742065,1,1.3127650022506714,1
grasec,0.8,43,graphcl,356,1.3403352499008179,1,1.060364007949829,1
grasec,0.8,43,graphcl,357,0.8298580050468445,1,1.2435827255249023,1
grasec,0.8,43,graphcl,358,1.373033881187439,1,1.1955617666244507,1
grasec,0.8,43,graphcl,359,1.140921950340271,1,0.7818916440010071,1
grasec,0.8,43,graphcl,360,1.1511526107788086,1,1.0166590213775635,1
grasec,0.8,43,graphcl,361,0.5964196920394897,1,1.0924044847488403,1
grasec,0.8,43,graphcl,362,1.2270363569259644,1,0.4830673336982727,1
grasec,0.8,43,graphcl,363,1.2939859628677368,1,1.2209190130233765,1
grasec,0.8,43,graphcl,364,0.3915335237979889,1,1.2582327127456665,1
grasec,0.8,43,graphcl,365,1.4033540487289429,1,1.1632860898971558,1
grasec,0.8,43,graphcl,366,1.1222342252731323,1,0.43867841362953186,1
grasec,0.8,43,graphcl,367,1.109169363975525,1,1.0167577266693115,1
grasec,0.8,43,graphcl,368,1.25393545627594,1,0.8617518544197083,1
grasec,0.8,43,graphcl,369,1.1680716276168823,1,1.2473235130310059,1
grasec,0.8,43,graphcl,370,1.596152424812317,1,0.9749388694763184,1
grasec,0.8,43,graphcl,371,1.6071611642837524,1,0.8078425526618958,1
grasec,0.8,43,graphcl,372,1.7558530569076538,1,1.5063440799713135,1
grasec,0.8,43,graphcl,373,1.4113743305206299,1,1.3215696811676025,1
grasec,0.8,43,graphcl,374,0.8450531363487244,1,1.4860420227050781,1
grasec,0.8,43,graphcl,375,0.5228034257888794,0,0.6262912154197693,1
grasec,0.8,43,graphcl,376,1.2650312185287476,1,1.210770845413208,1
grasec,0.8,43,graphcl,377,1.705820083618164,1,1.2659109830856323,1
grasec,0.8,43,graphcl,378,1.1054973602294922,1,1.2706812620162964,1
grasec,0.8,43,graphcl,379,1.0936675071716309,1,1.5173828601837158,1
grasec,0.8,43,graphcl,380,0.8708576560020447,1,1.3843058347702026,1
grasec,0.8,43,graphcl,381,1.4119850397109985,1,0.8942909240722656,1
grasec,0.8,43,graphcl,382,0.9278181195259094,1,1.493708848953247,1
grasec,0.8,43,graphcl,383,0.45090755820274353,1,0.901097297668457,1
grasec,0.8,43,graphcl,384,1.220676064491272,1,1.7846001386642456,1
grasec,0.8,43,graphcl,385,0.9260546565055847,1,0.8287643790245056,1
grasec,0.8,43,graphcl,386,1.4856582880020142,1,1.7261618375778198,1
grasec,0.8,43,graphcl,387,1.1766539812088013,1,1.4973787069320679,1
grasec,0.8,43,graphcl,388,1.2596482038497925,1,0.989828884601593,1
grasec,0.8,43,graphcl,389,1.3204580545425415,1,0.7807588577270508,1
grasec,0.8,43,graphcl,390,1.1914806365966797,1,1.768571138381958,1
grasec,0.8,43,graphcl,391,0.660315990447998,1,1.2354538440704346,1
grasec,0.8,43,graphcl,392,0.8503448367118835,1,1.6815265417099,1
grasec,0.8,43,graphcl,393,1.8807085752487183,1,1.0343981981277466,1
grasec,0.8,43,graphcl,394,0.34137165546417236,0,0.4401520788669586,0
grasec,0.8,43,graphcl,395,0.38227152824401855,0,1.2768213748931885,1
grasec,0.8,43,graphcl,396,1.6451081037521362,1,1.7863819599151611,1
grasec,0.8,43,graphcl,397,1.2277370691299438,1,0.3387819230556488,1
grasec,0.8,43,graphcl,398,1.5621986389160156,1,1.344222068786621,1
grasec,0.8,43,graphcl,399,0.7318302989006042,1,1.1531628370285034,1
grasec,0.8,43,graphcl,400,1.263315200805664,1,1.3088544607162476,1
grasec,0.8,43,graphcl,401,1.0943623781204224,1,0.9685819745063782,1
grasec,0.8,43,graphcl,402,1.142258644104004,1,1.4444893598556519,1
grasec,0.8,43,graphcl,403,1.1659082174301147,1,0.604279100894928,1
grasec,0.8,43,graphcl,404,0.8701352477073669,1,1.2161531448364258,1
grasec,0.8,43,graphcl,405,0.4864174425601959,1,1.0768461227416992,1
grasec,0.8,43,graphcl,406,0.4604785144329071,1,1.3884447813034058,1
grasec,0.8,43,graphcl,407,1.237448811531067,1,1.2451986074447632,1
grasec,0.8,43,graphcl,408,1.207611322402954,1,1.7845369577407837,1
grasec,0.8,43,graphcl,409,0.9589481353759766,1,0.5465192198753357,1
grasec,0.8,43,graphcl,410,0.29635438323020935,1,0.9924867749214172,1
grasec,0.8,43,graphcl,411,1.5793503522872925,1,1.2090916633605957,1
grasec,0.8,43,graphcl,412,1.287632703781128,1,1.722963571548462,1
grasec,0.8,43,graphcl,413,1.6824012994766235,1,1.4260057210922241,1
grasec,0.8,43,graphcl,414,0.3031311333179474,0,1.1550649404525757,1
grasec,0.8,43,graphcl,415,0.4183797538280487,0,1.254378318786621,1
grasec,0.8,43,graphcl,416,1.1598650217056274,1,0.47071877121925354,1
grasec,0.8,43,graphcl,417,0.9804850816726685,1,1.4751969575881958,1
grasec,0.8,43,graphcl,418,1.200912356376648,1,1.2590569257736206,1
grasec,0.8,43,graphcl,419,0.814984917640686,1,1.1954962015151978,1
grasec,0.8,43,graphcl,420,1.4658485651016235,1,1.2519667148590088,1
grasec,0.8,43,graphcl,421,1.1749777793884277,1,1.2029175758361816,1
grasec,0.8,43,graphcl,422,1.1973141431808472,1,1.2536041736602783,1
grasec,0.8,43,graphcl,423,0.6674709916114807,1,1.2943366765975952,1
grasec,0.8,43,graphcl,424,0.49111756682395935,1,0.40775203704833984,1
grasec,0.8,43,graphcl,425,1.309328556060791,1,1.2583955526351929,1
grasec,0.8,43,graphcl,426,1.3050105571746826,1,0.6684833765029907,1
grasec,0.8,43,graphcl,427,0.830917477607727,1,0.5223098397254944,1
grasec,0.8,43,graphcl,428,0.21827439963817596,0,1.339193344116211,1
grasec,0.8,43,graphcl,429,0.5731746554374695,1,1.168703317642212,1
grasec,0.8,43,graphcl,430,1.4318053722381592,1,0.31403788924217224,1
grasec,0.8,43,graphcl,431,0.42354509234428406,1,1.4859646558761597,1
grasec,0.8,43,graphcl,432,1.8506548404693604,1,0.43623629212379456,1
grasec,0.8,43,graphcl,433,1.248639702796936,1,0.8354846835136414,1
grasec,0.8,43,graphcl,434,1.2489994764328003,1,1.1456102132797241,1
grasec,0.8,43,graphcl,435,0.9661543965339661,1,1.2834055423736572,1
grasec,0.8,43,graphcl,436,1.2556854486465454,1,1.5531147718429565,1
grasec,0.8,43,graphcl,437,1.6912742853164673,1,1.310925006866455,1
grasec,0.8,43,graphcl,438,1.7602161169052124,1,0.7702729105949402,1
grasec,0.8,43,graphcl,439,1.2702744007110596,1,0.3877387046813965,0
grasec,0.8,43,graphcl,440,1.2800978422164917,1,0.4202941060066223,1
grasec,0.8,43,graphcl,441,0.46596041321754456,1,1.2171887159347534,1
grasec,0.8,43,graphcl,442,1.0982681512832642,1,1.1214706897735596,1
grasec,0.8,43,graphcl,443,1.2036579847335815,1,1.221333384513855,1
grasec,0.8,43,graphcl,444,1.2655234336853027,1,0.6083137392997742,1
grasec,0.8,43,graphcl,445,0.42274436354637146,0,1.2115695476531982,1
grasec,0.8,43,graphcl,446,0.5815476775169373,1,1.1192716360092163,1
grasec,0.8,43,graphcl,447,0.7756064534187317,1,1.316908359527588,1
grasec,0.8,43,graphcl,448,1.6930668354034424,1,0.5851665735244751,1
grasec,0.8,43,graphcl,449,1.7436752319335938,1,0.27170729637145996,0
grasec,0.8,43,graphcl,450,1.60198974609375,1,1.0968571901321411,1
grasec,0.8,43,graphcl,451,1.2790940999984741,1,1.1297985315322876,1
grasec,0.8,43,graphcl,452,1.6175819635391235,1,1.5262938737869263,1
grasec,0.8,43,graphcl,453,1.1569561958312988,1,0.9027811288833618,1
grasec,0.8,43,graphcl,454,1.2608344554901123,1,1.2341612577438354,1
grasec,0.8,43,graphcl,455,1.3770443201065063,1,1.3714838027954102,1
grasec,0.8,43,graphcl,456,0.4112668037414551,1,0.5921811461448669,1
grasec,0.8,43,graphcl,457,1.794396996498108,1,0.27656516432762146,1
grasec,0.8,43,graphcl,458,0.8256651759147644,1,1.7200745344161987,1
grasec,0.8,43,graphcl,459,1.4566619396209717,1,1.0297049283981323,1
grasec,0.8,43,graphcl,460,1.1003035306930542,1,1.2456645965576172,1
grasec,0.8,43,graphcl,461,0.8015962839126587,1,0.8647487759590149,1
grasec,0.8,43,graphcl,462,1.2180911302566528,1,0.7602893710136414,1
grasec,0.8,43,graphcl,463,1.068963885307312,1,1.2090625762939453,1
grasec,0.8,43,graphcl,464,1.2090219259262085,1,1.2062785625457764,1
grasec,0.8,43,graphcl,465,1.453701376914978,1,1.1883249282836914,1
grasec,0.8,43,graphcl,466,1.0092813968658447,1,1.211328148841858,1
grasec,0.8,43,graphcl,467,0.9862152338027954,1,0.7876309752464294,1
grasec,0.8,43,graphcl,468,1.0628656148910522,1,1.6607105731964111,1
grasec,0.8,43,graphcl,469,0.9531705975532532,1,0.6381608247756958,1
grasec,0.8,43,graphcl,470,0.8368293642997742,1,0.8006775975227356,1
grasec,0.8,43,graphcl,471,1.1636004447937012,1,1.2619898319244385,1
grasec,0.8,43,graphcl,472,1.1944869756698608,1,0.8706216812133789,1
grasec,0.8,43,graphcl,473,1.1017651557922363,1,0.722474992275238,1
grasec,0.8,43,graphcl,474,0.18610548973083496,0,1.213283896446228,1
grasec,0.8,43,graphcl,475,1.9317989349365234,1,1.4048845767974854,1
grasec,0.8,43,graphcl,476,0.6299944519996643,1,1.510270118713379,1
grasec,0.8,43,graphcl,477,1.1394519805908203,1,1.506057620048523,1
grasec,0.8,43,graphcl,478,0.8560312390327454,1,0.8714739084243774,1
grasec,0.8,43,graphcl,479,1.2845536470413208,1,1.256325125694275,1
grasec,0.8,43,graphcl,480,1.2254695892333984,1,1.12138831615448,1
grasec,0.8,43,graphcl,481,1.2120054960250854,1,0.669078528881073,1
grasec,0.8,43,graphcl,482,1.7347923517227173,1,1.7003059387207031,1
grasec,0.8,43,graphcl,483,0.9111663699150085,1,1.2506150007247925,1
grasec,0.8,43,graphcl,484,1.601279854774475,1,1.036682367324829,1
grasec,0.8,43,graphcl,485,1.2012602090835571,1,1.229207992553711,1
grasec,0.8,43,graphcl,486,1.1431301832199097,1,1.241449236869812,1
grasec,0.8,43,graphcl,487,0.6550988554954529,1,1.3940138816833496,1
grasec,0.8,43,graphcl,488,0.6017293334007263,1,0.7437446713447571,1
grasec,0.8,43,graphcl,489,1.1008354425430298,1,1.1740477085113525,1
grasec,0.8,43,graphcl,490,0.38504764437675476,0,1.8237160444259644,1
grasec,0.8,43,graphcl,491,1.1782912015914917,1,1.5219377279281616,1
grasec,0.8,43,graphcl,492,0.6807789206504822,1,0.8590611815452576,1
grasec,0.8,43,graphcl,493,0.8004925847053528,1,1.2081648111343384,1
grasec,0.8,43,graphcl,494,0.490438848733902,1,1.4276036024093628,1
grasec,0.8,43,graphcl,495,0.4469405710697174,1,0.8990753293037415,1
grasec,0.8,43,graphcl,496,0.15201644599437714,0,0.8257690668106079,1
grasec,0.8,43,graphcl,497,1.7131321430206299,1,0.9153904914855957,1
grasec,0.8,43,graphcl,498,1.7326335906982422,1,0.8563763499259949,1
grasec,0.8,43,graphcl,499,1.2048635482788086,1,1.2147787809371948,1
grasec,0.8,43,graphcl,500,1.532814383506775,1,0.8631207346916199,1
grasec,0.8,43,graphcl,501,1.1463420391082764,1,0.931439995765686,1
grasec,0.8,43,graphcl,502,1.3894637823104858,1,1.4398726224899292,1
grasec,0.8,43,graphcl,503,0.8880532383918762,1,0.4282037913799286,1
grasec,0.8,43,graphcl,504,0.5791750550270081,0,1.265089988708496,1
grasec,0.8,43,graphcl,505,1.2797132730484009,1,1.2586040496826172,1
grasec,0.8,43,graphcl,506,0.7888198494911194,1,0.6226197481155396,1
grasec,0.8,43,graphcl,507,0.38124191761016846,1,1.3179681301116943,1
grasec,0.8,43,graphcl,508,0.21268203854560852,0,1.2556977272033691,1
grasec,0.8,43,graphcl,509,0.9531978964805603,1,1.4042385816574097,1
grasec,0.8,43,graphcl,510,1.2096102237701416,1,1.2817209959030151,1
grasec,0.8,43,graphcl,511,0.7020578980445862,1,1.0627896785736084,1
grasec,0.8,43,graphcl,512,0.8381924033164978,1,0.6996898055076599,1
grasec,0.8,43,graphcl,513,1.2327884435653687,1,1.381487488746643,1
grasec,0.8,43,graphcl,514,0.4390853941440582,1,1.1490914821624756,1
grasec,0.8,43,graphcl,515,0.9055371284484863,1,1.2137058973312378,1
grasec,0.8,43,graphcl,516,0.794654130935669,1,0.540233314037323,1
grasec,0.8,43,graphcl,517,0.880496621131897,1,0.4009140133857727,1
grasec,0.8,43,graphcl,518,0.5743652582168579,1,1.238114833831787,1
grasec,0.8,43,graphcl,519,0.8071109056472778,1,1.1467386484146118,1
grasec,0.8,43,graphcl,520,1.2486294507980347,1,1.2220953702926636,1
grasec,0.8,43,graphcl,521,1.0792378187179565,1,1.6781227588653564,1
grasec,0.8,43,graphcl,522,1.2204641103744507,1,1.0547442436218262,1
grasec,0.8,43,graphcl,523,0.7975521087646484,1,0.9150970578193665,1
grasec,0.8,43,graphcl,524,1.359953761100769,1,1.396018147468567,1
grasec,0.8,43,graphcl,525,1.4440703392028809,1,1.6654061079025269,1
grasec,0.8,43,graphcl,526,1.7250111103057861,1,1.3083701133728027,1
grasec,0.8,43,graphcl,527,0.7753050327301025,1,1.0401558876037598,1
grasec,0.8,43,graphcl,528,0.8765217661857605,1,0.4886934459209442,1
grasec,0.8,43,graphcl,529,1.3078498840332031,1,0.4585396349430084,1
grasec,0.8,43,graphcl,530,1.4785035848617554,1,1.2084623575210571,1
grasec,0.8,43,graphcl,531,1.2048139572143555,1,1.5170434713363647,1
grasec,0.8,43,graphcl,532,1.8207813501358032,1,1.1164953708648682,1
grasec,0.8,43,graphcl,533,0.9653884172439575,1,0.6319518089294434,1
grasec,0.8,43,graphcl,534,1.01718270778656,1,0.5147348642349243,1
grasec,0.8,43,graphcl,535,1.295252799987793,1,0.6420037150382996,1
grasec,0.8,43,graphcl,536,0.8160938620567322,1,0.5082049369812012,1
grasec,0.8,43,graphcl,537,1.2275139093399048,1,1.0766061544418335,1
grasec,0.8,43,graphcl,538,0.4575822353363037,1,1.2512702941894531,1
grasec,0.8,43,graphcl,539,1.1666866540908813,1,0.9300981760025024,1
grasec,0.8,43,graphcl,540,1.220297932624817,1,0.5421165227890015,1
grasec,0.8,43,graphcl,541,1.1936854124069214,1,0.9077736139297485,1
grasec,0.8,43,graphcl,542,0.3121379315853119,0,0.41465383768081665,1
grasec,0.8,43,graphcl,543,1.2904980182647705,1,0.9070748686790466,1
grasec,0.8,43,graphcl,544,0.9746484756469727,1,0.572207510471344,1
grasec,0.8,43,graphcl,545,0.8235557675361633,1,1.1932748556137085,1
grasec,0.8,43,graphcl,546,1.3296278715133667,1,1.3775389194488525,1
grasec,0.8,43,graphcl,547,1.0199081897735596,1,0.8064588904380798,1
grasec,0.8,43,graphcl,548,0.8386454582214355,1,1.2542599439620972,1
grasec,0.8,43,graphcl,549,0.5399169325828552,0,0.7560925483703613,1
grasec,0.8,43,graphcl,550,1.1522302627563477,1,1.2500965595245361,1
grasec,0.8,43,graphcl,551,0.8536109328269958,1,1.2349151372909546,1
grasec,0.8,43,graphcl,552,1.3769181966781616,1,0.6460604071617126,1
grasec,0.8,43,graphcl,553,0.7352291941642761,1,1.2305063009262085,1
grasec,0.8,43,graphcl,554,0.4224977493286133,1,0.3636113703250885,0
grasec,0.8,43,graphcl,555,0.9847319722175598,1,0.871677815914154,1
grasec,0.8,43,graphcl,556,1.2740788459777832,1,0.48795801401138306,1
grasec,0.8,43,graphcl,557,0.8957603573799133,1,0.9821529388427734,1
grasec,0.8,43,graphcl,558,1.2511255741119385,1,1.1342337131500244,1
grasec,0.8,43,graphcl,559,0.6375715136528015,1,1.3771244287490845,1
grasec,0.8,43,graphcl,560,1.7300691604614258,1,0.8816106915473938,1
grasec,0.8,43,graphcl,561,0.38918042182922363,1,1.065730094909668,1
grasec,0.8,43,graphcl,562,0.7609176635742188,1,0.807447075843811,1
grasec,0.8,43,graphcl,563,0.5906179547309875,1,0.646691620349884,1
grasec,0.8,43,graphcl,564,1.4016920328140259,1,1.2271078824996948,1
grasec,0.8,43,graphcl,565,1.1002150774002075,1,0.5407163500785828,1
grasec,0.8,43,graphcl,566,1.032366394996643,1,0.8494178652763367,1
grasec,0.8,43,graphcl,567,1.0218842029571533,1,1.426411509513855,1
grasec,0.8,43,graphcl,568,0.8878671526908875,1,1.2966663837432861,1
grasec,0.8,43,graphcl,569,1.5588798522949219,1,0.7952104210853577,1
grasec,0.8,43,graphcl,570,1.4474605321884155,1,1.23786461353302,1
grasec,0.8,43,graphcl,571,1.1154743432998657,1,0.8542947769165039,1
grasec,0.8,43,graphcl,572,1.043569803237915,1,1.5932625532150269,1
grasec,0.8,43,graphcl,573,1.448615312576294,1,1.7339104413986206,1
grasec,0.8,43,graphcl,574,1.2563385963439941,1,1.190813422203064,1
grasec,0.8,43,graphcl,575,0.8722028136253357,1,0.7914727330207825,1
grasec,0.8,43,graphcl,576,1.5113441944122314,1,1.0734739303588867,1
grasec,0.8,43,graphcl,577,1.1400067806243896,1,0.822426438331604,1
grasec,0.8,43,graphcl,578,1.179202914237976,1,0.5596827864646912,1
grasec,0.8,43,graphcl,579,0.9613198637962341,1,1.0160213708877563,1
grasec,0.8,43,graphcl,580,1.7355536222457886,1,1.181301474571228,1
grasec,0.8,43,graphcl,581,0.7414383292198181,1,1.4745184183120728,1
grasec,0.8,43,graphcl,582,1.213820457458496,1,1.7745178937911987,1
grasec,0.8,43,graphcl,583,0.6581114530563354,1,1.151842474937439,1
grasec,0.8,43,graphcl,584,0.3600599467754364,1,0.9080076217651367,1
grasec,0.8,43,graphcl,585,0.6045724153518677,1,1.2693877220153809,1
grasec,0.8,43,graphcl,586,1.6446770429611206,1,1.2707675695419312,1
grasec,0.8,43,graphcl,587,0.32537856698036194,1,1.7125107049942017,1
grasec,0.8,43,graphcl,588,0.824096143245697,1,0.6416553258895874,1
grasec,0.8,43,graphcl,589,0.7176011204719543,1,0.375032901763916,1
grasec,0.8,43,graphcl,590,1.719245195388794,1,1.7299226522445679,1
grasec,0.8,43,graphcl,591,1.8602123260498047,1,1.248128890991211,1
grasec,0.8,43,graphcl,592,0.8264200091362,1,0.5156456232070923,0
grasec,0.8,43,graphcl,593,1.2736693620681763,1,1.3336066007614136,1
grasec,0.8,43,graphcl,594,1.2031049728393555,1,1.8015873432159424,1
grasec,0.8,43,graphcl,595,0.7813743948936462,1,1.5640524625778198,1
grasec,0.8,43,graphcl,596,0.604347825050354,1,0.8399621248245239,1
grasec,0.8,43,graphcl,597,1.1854792833328247,1,0.8546541333198547,1
grasec,0.8,43,graphcl,598,0.9275208711624146,1,1.1056114435195923,1
grasec,0.8,43,graphcl,599,1.2925407886505127,1,1.4345353841781616,1
grasec,0.8,43,graphcl,600,1.255544662475586,1,1.0045875310897827,1
grasec,0.8,43,graphcl,601,1.2013431787490845,1,0.636836051940918,1
grasec,0.8,43,graphcl,602,0.6322471499443054,1,0.7286341190338135,1
grasec,0.8,43,graphcl,603,0.4449445307254791,1,1.6116265058517456,1
grasec,0.8,43,graphcl,604,1.211782693862915,1,1.0733283758163452,1
grasec,0.8,43,graphcl,605,1.7454696893692017,1,1.2322607040405273,1
grasec,0.8,43,graphcl,606,1.4988116025924683,1,1.7726138830184937,1
grasec,0.8,43,graphcl,607,0.9938408136367798,1,0.38910749554634094,1
grasec,0.8,43,graphcl,608,0.3231479227542877,0,0.8077198266983032,1
grasec,0.8,43,graphcl,609,1.8618096113204956,1,1.531746745109558,1
grasec,0.8,43,graphcl,610,1.1571487188339233,1,0.8887844085693359,1
grasec,0.8,43,graphcl,611,1.3666024208068848,1,1.2084864377975464,1
grasec,0.8,43,graphcl,612,1.724321722984314,1,1.2477142810821533,1
grasec,0.8,43,graphcl,613,1.3046495914459229,1,0.7427384257316589,1
grasec,0.8,43,graphcl,614,0.31052350997924805,0,0.6426002383232117,1
grasec,0.8,43,graphcl,615,1.2155067920684814,1,1.5796958208084106,1
grasec,0.8,43,graphcl,616,1.0404636859893799,1,1.2532777786254883,1
grasec,0.8,43,graphcl,617,1.2750259637832642,1,0.892678439617157,1
grasec,0.8,43,graphcl,618,1.6387596130371094,1,1.298334002494812,1
grasec,0.8,43,graphcl,619,1.6043189764022827,1,0.6227177977561951,1
grasec,0.8,43,graphcl,620,1.1661006212234497,1,0.4967884123325348,1
grasec,0.8,43,graphcl,621,0.8848056793212891,1,0.16647487878799438,0
grasec,0.8,43,graphcl,622,1.511609435081482,1,0.42681756615638733,1
grasec,0.8,43,graphcl,623,0.8204057812690735,1,0.6127204298973083,1
grasec,0.8,43,graphcl,624,1.134485125541687,1,0.23004022240638733,0
grasec,0.8,43,graphcl,625,0.6645339727401733,1,1.1102691888809204,1
grasec,0.8,43,graphcl,626,0.9496340155601501,1,1.0043566226959229,1
grasec,0.8,43,graphcl,627,0.6628537774085999,1,1.5887608528137207,1
grasec,0.8,43,graphcl,628,0.8842153549194336,1,0.7856533527374268,1
grasec,0.8,43,graphcl,629,0.8516892790794373,1,1.557373046875,1
grasec,0.8,43,graphcl,630,1.2499758005142212,1,0.8580449223518372,1
grasec,0.8,43,graphcl,631,1.1114141941070557,1,0.619951605796814,1
grasec,0.8,43,graphcl,632,0.3486196994781494,1,1.3298285007476807,1
grasec,0.8,43,graphcl,633,1.0120301246643066,1,1.589297890663147,1
grasec,0.8,43,graphcl,634,1.2285523414611816,1,1.20853853225708,1
grasec,0.8,43,graphcl,635,1.1006492376327515,1,1.3785772323608398,1
grasec,0.8,43,graphcl,636,1.7416419982910156,1,0.18812505900859833,0
grasec,0.8,43,graphcl,637,0.7861038446426392,1,1.3907526731491089,1
grasec,0.8,43,graphcl,638,1.2691574096679688,1,0.6526737213134766,1
grasec,0.8,43,graphcl,639,0.7121821045875549,1,0.14009766280651093,0
grasec,0.8,43,graphcl,640,1.364726185798645,1,0.6685624718666077,1
grasec,0.8,43,graphcl,641,1.2942800521850586,1,0.7509331107139587,1
grasec,0.8,43,graphcl,642,0.8939237594604492,1,1.2280033826828003,1
grasec,0.8,43,graphcl,643,1.2228034734725952,1,1.3275166749954224,1
grasec,0.8,43,graphcl,644,0.7952392101287842,1,0.24880395829677582,1
grasec,0.8,43,graphcl,645,0.6762959361076355,1,0.3334934413433075,0
grasec,0.8,43,graphcl,646,1.3577203750610352,1,0.14438295364379883,0
grasec,0.8,43,graphcl,647,1.0488308668136597,1,1.0744118690490723,1
grasec,0.8,43,graphcl,648,0.9730377197265625,1,1.5954757928848267,1
grasec,0.8,43,graphcl,649,1.6921061277389526,1,1.2259682416915894,1
grasec,0.8,43,graphcl,650,0.4726002812385559,1,1.2527906894683838,1
grasec,0.8,43,graphcl,651,1.24917471408844,1,1.3109683990478516,1
grasec,0.8,43,graphcl,652,0.43945494294166565,0,1.801228404045105,1
grasec,0.8,43,graphcl,653,1.4000109434127808,1,1.0988693237304688,1
grasec,0.8,43,graphcl,654,0.8698296546936035,1,1.040657639503479,1
grasec,0.8,43,graphcl,655,0.5799238085746765,0,0.3856845498085022,1
grasec,0.8,43,graphcl,656,1.5861177444458008,1,0.8447666168212891,1
grasec,0.8,43,graphcl,657,1.1045942306518555,1,0.9822600483894348,1
grasec,0.8,43,graphcl,658,0.5710827708244324,1,1.1937764883041382,1
grasec,0.8,43,graphcl,659,0.2544462978839874,0,1.298590064048767,1
grasec,0.8,43,graphcl,660,0.7933169603347778,1,1.174291968345642,1
grasec,0.8,43,graphcl,661,0.666571855545044,1,1.1983391046524048,1
grasec,0.8,43,graphcl,662,1.1993197202682495,1,0.1414726823568344,0
grasec,0.8,43,graphcl,663,1.2139359712600708,1,0.8529611825942993,1
grasec,0.8,43,graphcl,664,0.305574893951416,1,0.6160947680473328,1
grasec,0.8,43,graphcl,665,0.7783761620521545,1,1.5944236516952515,1
grasec,0.8,43,graphcl,666,1.1947609186172485,1,0.6375276446342468,1
grasec,0.8,43,graphcl,667,0.7911589741706848,1,0.379197359085083,1
grasec,0.8,43,graphcl,668,1.2639626264572144,1,0.41443607211112976,1
grasec,0.8,43,graphcl,669,0.5196005702018738,1,1.157565712928772,1
grasec,0.8,43,graphcl,670,1.398871660232544,1,1.0212693214416504,1
grasec,0.8,43,graphcl,671,1.5276529788970947,1,1.5305923223495483,1
grasec,0.8,43,graphcl,672,0.6841655969619751,1,0.8183183670043945,1
grasec,0.8,43,graphcl,673,0.7642111778259277,1,1.2408097982406616,1
grasec,0.8,43,graphcl,674,0.4305446743965149,1,0.4488358497619629,1
grasec,0.8,43,graphcl,675,1.360984444618225,1,0.6215336918830872,1
grasec,0.8,43,graphcl,676,1.492766261100769,1,0.7942346930503845,1
grasec,0.8,43,graphcl,677,0.2799004018306732,0,1.0476621389389038,1
grasec,0.8,43,graphcl,678,1.424048900604248,1,0.5115315318107605,0
grasec,0.8,43,graphcl,679,0.7841483354568481,1,0.6221352219581604,1
grasec,0.8,43,graphcl,680,0.46456098556518555,1,1.2321866750717163,1
grasec,0.8,43,graphcl,681,1.5179907083511353,1,1.2201963663101196,1
grasec,0.8,43,graphcl,682,1.3275331258773804,1,1.3261175155639648,1
grasec,0.8,43,graphcl,683,1.5590492486953735,1,0.4131356179714203,1
grasec,0.8,43,graphcl,684,0.14370791614055634,0,0.5170616507530212,1
grasec,0.8,43,graphcl,685,0.5835633873939514,1,0.49879223108291626,1
grasec,0.8,43,graphcl,686,0.303984671831131,1,0.4854501187801361,1
grasec,0.8,43,graphcl,687,1.2152249813079834,1,1.2152589559555054,1
grasec,0.8,43,graphcl,688,1.2080758810043335,1,0.18884532153606415,0
grasec,0.8,43,graphcl,689,0.2594509422779083,0,1.3846278190612793,1
grasec,0.8,43,graphcl,690,1.7459694147109985,1,1.4311445951461792,1
grasec,0.8,43,graphcl,691,0.4725562036037445,1,0.9154356122016907,1
grasec,0.8,43,graphcl,692,1.0791081190109253,1,0.9867554903030396,1
grasec,0.8,43,graphcl,693,1.1301039457321167,1,0.6682764887809753,1
grasec,0.8,43,graphcl,694,0.6359678506851196,1,1.2409192323684692,1
grasec,0.8,43,graphcl,695,0.860209584236145,1,1.2606626749038696,1
grasec,0.8,43,graphcl,696,1.222418189048767,1,0.5919176936149597,1
grasec,0.8,43,graphcl,697,1.2812966108322144,1,0.6848029494285583,1
grasec,0.8,43,graphcl,698,1.573312520980835,1,1.143240213394165,1
grasec,0.8,43,graphcl,699,1.3589355945587158,1,0.7366963028907776,1
grasec,0.8,43,graphcl,700,1.4764153957366943,1,1.1127843856811523,1
grasec,0.8,43,graphcl,701,1.4946712255477905,1,1.4417129755020142,1
grasec,0.8,43,graphcl,702,0.6411094069480896,1,1.7013758420944214,1
grasec,0.8,43,graphcl,703,0.4654744565486908,1,0.8516542315483093,1
grasec,0.8,43,graphcl,704,0.8537298440933228,1,1.0797874927520752,1
grasec,0.8,43,graphcl,705,1.198596715927124,1,1.0950196981430054,1
grasec,0.8,43,graphcl,706,1.7524585723876953,1,0.2623666524887085,0
grasec,0.8,43,graphcl,707,0.7610228061676025,1,0.2243742048740387,0
grasec,0.8,43,graphcl,708,1.6701042652130127,1,0.6662244200706482,1
grasec,0.8,43,graphcl,709,0.6675992012023926,1,1.4528673887252808,1
grasec,0.8,43,graphcl,710,0.3689206540584564,1,0.31255027651786804,0
grasec,0.8,43,graphcl,711,0.3631950318813324,1,0.7816810011863708,1
grasec,0.8,43,graphcl,712,0.8126859068870544,1,1.1022071838378906,1
grasec,0.8,43,graphcl,713,1.19387948513031,1,1.2077072858810425,1
grasec,0.8,43,graphcl,714,1.2893412113189697,1,0.21616606414318085,0
grasec,0.8,43,graphcl,715,1.0979551076889038,1,0.9329397082328796,1
grasec,0.8,43,graphcl,716,1.2964543104171753,1,0.4232601225376129,1
grasec,0.8,43,graphcl,717,1.2410119771957397,1,1.1758649349212646,1
grasec,0.8,43,graphcl,718,1.1700865030288696,1,0.7961120009422302,1
grasec,0.8,43,graphcl,719,0.8329170346260071,1,0.5148117542266846,0
grasec,0.8,43,graphcl,720,0.7201375365257263,1,1.7901690006256104,1
grasec,0.8,43,graphcl,721,1.369313359260559,1,1.1843596696853638,1
grasec,0.8,43,graphcl,722,1.27268385887146,1,0.6306086778640747,1
grasec,0.8,43,graphcl,723,0.8435565829277039,1,0.26990991830825806,0
grasec,0.8,43,graphcl,724,1.2369731664657593,1,1.2262901067733765,1
grasec,0.8,43,graphcl,725,0.3478032648563385,0,1.376744031906128,1
grasec,0.8,43,graphcl,726,1.226374626159668,1,1.0504204034805298,1
grasec,0.8,43,graphcl,727,1.0157736539840698,1,1.6250289678573608,1
grasec,0.8,43,graphcl,728,0.5953617691993713,1,0.6736473441123962,1
grasec,0.8,43,graphcl,729,0.4039575755596161,1,1.411803960800171,1
grasec,0.8,43,graphcl,730,0.5936232209205627,1,0.823750913143158,1
grasec,0.8,43,graphcl,731,0.6897627711296082,1,0.6206057667732239,1
grasec,0.8,43,graphcl,732,1.186252474784851,1,0.43516990542411804,1
grasec,0.8,43,graphcl,733,0.5589683651924133,1,1.2649084329605103,1
grasec,0.8,43,graphcl,734,0.8091467022895813,1,1.301215410232544,1
grasec,0.8,43,graphcl,735,1.1231731176376343,1,1.236278772354126,1
grasec,0.8,43,graphcl,736,1.4205821752548218,1,0.4455210268497467,1
grasec,0.8,43,graphcl,737,1.7961759567260742,1,0.9678744673728943,1
grasec,0.8,43,graphcl,738,1.7432069778442383,1,1.7269989252090454,1
grasec,0.8,43,graphcl,739,1.7660988569259644,1,0.7376803755760193,1
grasec,0.8,43,graphcl,740,1.776574969291687,1,0.5880212187767029,1
grasec,0.8,43,graphcl,741,1.3140908479690552,1,1.7137435674667358,1
grasec,0.8,43,graphcl,742,0.44010019302368164,1,0.3886016011238098,1
grasec,0.8,43,graphcl,743,1.3219858407974243,1,0.4435531198978424,1
grasec,0.8,43,graphcl,744,,,1.7143869400024414,1
grasec,0.8,44,graphcl,0,0.6234138607978821,1,1.2626848220825195,1
grasec,0.8,44,graphcl,1,0.5526611804962158,1,0.8948221206665039,1
grasec,0.8,44,graphcl,2,0.9191007018089294,1,1.3641842603683472,1
grasec,0.8,44,graphcl,3,1.9647296667099,1,0.37770673632621765,0
grasec,0.8,44,graphcl,4,0.9102582335472107,1,0.7415320873260498,0
grasec,0.8,44,graphcl,5,1.4329733848571777,1,0.6194393038749695,1
grasec,0.8,44,graphcl,6,0.9768680930137634,1,1.042056679725647,1
grasec,0.8,44,graphcl,7,1.3686003684997559,1,0.35146191716194153,1
grasec,0.8,44,graphcl,8,1.4102909564971924,1,1.0416406393051147,1
grasec,0.8,44,graphcl,9,1.6338701248168945,1,1.1436655521392822,1
grasec,0.8,44,graphcl,10,1.285136342048645,1,1.347277283668518,1
grasec,0.8,44,graphcl,11,1.3824739456176758,1,1.1215780973434448,1
grasec,0.8,44,graphcl,12,1.5078226327896118,1,0.6573280096054077,1
grasec,0.8,44,graphcl,13,0.9693477749824524,1,1.2802311182022095,1
grasec,0.8,44,graphcl,14,0.3992978036403656,0,0.8950273394584656,1
grasec,0.8,44,graphcl,15,1.0356286764144897,1,1.4441519975662231,1
grasec,0.8,44,graphcl,16,0.7029116749763489,1,1.0534099340438843,1
grasec,0.8,44,graphcl,17,1.4219392538070679,1,0.33270907402038574,0
grasec,0.8,44,graphcl,18,1.3913949728012085,1,1.371805191040039,1
grasec,0.8,44,graphcl,19,1.3788530826568604,1,1.1173412799835205,1
grasec,0.8,44,graphcl,20,1.1166795492172241,1,1.3128262758255005,1
grasec,0.8,44,graphcl,21,1.1832300424575806,1,1.373392939567566,1
grasec,0.8,44,graphcl,22,0.37007877230644226,1,0.6115695238113403,1
grasec,0.8,44,graphcl,23,1.4519795179367065,1,1.2160123586654663,1
grasec,0.8,44,graphcl,24,1.7233234643936157,1,0.7031634449958801,1
grasec,0.8,44,graphcl,25,1.2085405588150024,1,1.5251264572143555,1
grasec,0.8,44,graphcl,26,1.3966281414031982,1,1.4849720001220703,1
grasec,0.8,44,graphcl,27,0.4159757196903229,0,1.8746649026870728,1
grasec,0.8,44,graphcl,28,1.0186518430709839,1,1.702919840812683,1
grasec,0.8,44,graphcl,29,1.121987223625183,1,1.482534408569336,1
grasec,0.8,44,graphcl,30,0.6596531271934509,1,1.2621983289718628,1
grasec,0.8,44,graphcl,31,1.323142409324646,1,0.7594488263130188,1
grasec,0.8,44,graphcl,32,0.5990776419639587,1,0.2944270074367523,0
grasec,0.8,44,graphcl,33,1.5624459981918335,1,0.5802649855613708,1
grasec,0.8,44,graphcl,34,1.5190593004226685,1,1.0825549364089966,1
grasec,0.8,44,graphcl,35,0.6564266085624695,1,0.9104442596435547,1
grasec,0.8,44,graphcl,36,1.4137661457061768,1,1.28278648853302,1
grasec,0.8,44,graphcl,37,0.5721172094345093,0,0.9686169028282166,1
grasec,0.8,44,graphcl,38,1.1348835229873657,1,1.5517746210098267,1
grasec,0.8,44,graphcl,39,1.2089122533798218,1,0.903636634349823,1
grasec,0.8,44,graphcl,40,0.4095061421394348,0,1.2448135614395142,1
grasec,0.8,44,graphcl,41,0.9708787798881531,1,0.9939028024673462,1
grasec,0.8,44,graphcl,42,1.294690728187561,1,1.6791318655014038,1
grasec,0.8,44,graphcl,43,1.370520830154419,1,1.111557126045227,1
grasec,0.8,44,graphcl,44,1.0932302474975586,1,1.2084486484527588,1
grasec,0.8,44,graphcl,45,1.3030909299850464,1,0.4648098945617676,0
grasec,0.8,44,graphcl,46,0.27230605483055115,0,1.3954085111618042,1
grasec,0.8,44,graphcl,47,0.41530194878578186,0,0.41788026690483093,1
grasec,0.8,44,graphcl,48,1.0196516513824463,1,1.538753628730774,1
grasec,0.8,44,graphcl,49,0.6814107298851013,1,1.399798035621643,1
grasec,0.8,44,graphcl,50,1.5752543210983276,1,0.6627891063690186,1
grasec,0.8,44,graphcl,51,1.0280991792678833,1,1.1767051219940186,1
grasec,0.8,44,graphcl,52,1.8681973218917847,1,0.695074737071991,1
grasec,0.8,44,graphcl,53,0.5930473804473877,1,1.3458585739135742,1
grasec,0.8,44,graphcl,54,1.3614317178726196,1,0.936957836151123,1
grasec,0.8,44,graphcl,55,1.5383661985397339,1,1.15037202835083,1
grasec,0.8,44,graphcl,56,1.1214350461959839,1,1.6741243600845337,1
grasec,0.8,44,graphcl,57,1.1863842010498047,1,1.192195177078247,1
grasec,0.8,44,graphcl,58,1.4021861553192139,1,1.430611491203308,1
grasec,0.8,44,graphcl,59,1.2927848100662231,1,0.9913814663887024,1
grasec,0.8,44,graphcl,60,1.1889256238937378,1,0.6262386441230774,1
grasec,0.8,44,graphcl,61,1.3515599966049194,1,0.725871741771698,1
grasec,0.8,44,graphcl,62,1.3437288999557495,1,1.138311743736267,1
grasec,0.8,44,graphcl,63,1.2556558847427368,1,1.51199471950531,1
grasec,0.8,44,graphcl,64,1.0111095905303955,1,0.21844728291034698,0
grasec,0.8,44,graphcl,65,0.9965360760688782,1,1.4458836317062378,1
grasec,0.8,44,graphcl,66,0.4873795509338379,1,0.9577280282974243,1
grasec,0.8,44,graphcl,67,1.4317716360092163,1,1.2527649402618408,1
grasec,0.8,44,graphcl,68,1.201663851737976,1,1.2622431516647339,1
grasec,0.8,44,graphcl,69,0.8372867703437805,1,1.7774899005889893,1
grasec,0.8,44,graphcl,70,1.469683051109314,1,1.061945915222168,1
grasec,0.8,44,graphcl,71,0.5243183970451355,1,1.3975683450698853,1
grasec,0.8,44,graphcl,72,1.2286728620529175,1,1.460837483406067,1
grasec,0.8,44,graphcl,73,1.2382638454437256,1,1.3132542371749878,1
grasec,0.8,44,graphcl,74,0.9820612072944641,1,0.7106723785400391,1
grasec,0.8,44,graphcl,75,1.303713321685791,1,0.858197808265686,1
grasec,0.8,44,graphcl,76,1.4021183252334595,1,1.438872218132019,1
grasec,0.8,44,graphcl,77,1.1264740228652954,1,0.5042011737823486,1
grasec,0.8,44,graphcl,78,1.2853811979293823,1,1.4785972833633423,1
grasec,0.8,44,graphcl,79,1.32236647605896,1,0.35328835248947144,0
grasec,0.8,44,graphcl,80,1.3993033170700073,1,1.0782533884048462,1
grasec,0.8,44,graphcl,81,0.9272313117980957,1,0.9741948246955872,1
grasec,0.8,44,graphcl,82,0.8440292477607727,1,1.7719181776046753,1
grasec,0.8,44,graphcl,83,1.2914025783538818,1,0.980140209197998,1
grasec,0.8,44,graphcl,84,0.589504599571228,1,0.9250831604003906,1
grasec,0.8,44,graphcl,85,1.0890777111053467,1,1.304631233215332,1
grasec,0.8,44,graphcl,86,0.7295473217964172,1,0.8576622009277344,1
grasec,0.8,44,graphcl,87,1.2198671102523804,1,1.453205943107605,1
grasec,0.8,44,graphcl,88,1.3885372877120972,1,1.349176287651062,1
grasec,0.8,44,graphcl,89,0.5651293992996216,0,1.4799937009811401,1
grasec,0.8,44,graphcl,90,1.264437198638916,1,0.9643726348876953,1
grasec,0.8,44,graphcl,91,1.345683217048645,1,1.0911548137664795,1
grasec,0.8,44,graphcl,92,1.4865421056747437,1,1.2930272817611694,1
grasec,0.8,44,graphcl,93,1.1031700372695923,1,0.9256990551948547,1
grasec,0.8,44,graphcl,94,1.4296495914459229,1,1.3035424947738647,1
grasec,0.8,44,graphcl,95,1.4998902082443237,1,0.4726674258708954,1
grasec,0.8,44,graphcl,96,1.0524988174438477,1,1.1430000066757202,1
grasec,0.8,44,graphcl,97,1.4840573072433472,1,1.2553240060806274,1
grasec,0.8,44,graphcl,98,0.6326331496238708,1,1.529841661453247,1
grasec,0.8,44,graphcl,99,1.4472770690917969,1,0.7597532272338867,1
grasec,0.8,44,graphcl,100,0.9555310606956482,1,1.5123227834701538,1
grasec,0.8,44,graphcl,101,1.625085473060608,1,0.6245371699333191,1
grasec,0.8,44,graphcl,102,0.9221130609512329,1,1.276654839515686,1
grasec,0.8,44,graphcl,103,1.3726364374160767,1,1.4217935800552368,1
grasec,0.8,44,graphcl,104,1.0974167585372925,1,0.7343727946281433,1
grasec,0.8,44,graphcl,105,0.5317153334617615,0,1.6158418655395508,1
grasec,0.8,44,graphcl,106,1.3348017930984497,1,1.5292037725448608,1
grasec,0.8,44,graphcl,107,1.5442904233932495,1,1.2829008102416992,1
grasec,0.8,44,graphcl,108,0.8485852479934692,1,0.4193950593471527,0
grasec,0.8,44,graphcl,109,0.9694623947143555,1,1.146508812904358,1
grasec,0.8,44,graphcl,110,0.43238183856010437,1,0.928794801235199,1
grasec,0.8,44,graphcl,111,0.9459052085876465,1,1.433863878250122,1
grasec,0.8,44,graphcl,112,1.3876837491989136,1,0.8691076636314392,1
grasec,0.8,44,graphcl,113,0.5888788104057312,1,1.3955658674240112,1
grasec,0.8,44,graphcl,114,1.4056495428085327,1,1.3544559478759766,1
grasec,0.8,44,graphcl,115,0.968265950679779,1,0.6235038638114929,1
grasec,0.8,44,graphcl,116,1.5020755529403687,1,1.3791149854660034,1
grasec,0.8,44,graphcl,117,1.1831109523773193,1,1.4983915090560913,1
grasec,0.8,44,graphcl,118,1.016249656677246,1,1.486698031425476,1
grasec,0.8,44,graphcl,119,1.0312823057174683,1,0.9720326662063599,1
grasec,0.8,44,graphcl,120,1.4821659326553345,1,0.7565934658050537,1
grasec,0.8,44,graphcl,121,1.3938449621200562,1,1.5172488689422607,1
grasec,0.8,44,graphcl,122,1.5142605304718018,1,1.0818111896514893,1
grasec,0.8,44,graphcl,123,0.8204269409179688,1,0.9138674139976501,1
grasec,0.8,44,graphcl,124,1.4511425495147705,1,1.0044559240341187,1
grasec,0.8,44,graphcl,125,0.6400203704833984,1,1.0558347702026367,1
grasec,0.8,44,graphcl,126,1.5343317985534668,1,1.3248454332351685,1
grasec,0.8,44,graphcl,127,1.3122103214263916,1,1.128070592880249,1
grasec,0.8,44,graphcl,128,1.5164926052093506,1,0.5643054246902466,1
grasec,0.8,44,graphcl,129,1.0726901292800903,1,1.289190649986267,1
grasec,0.8,44,graphcl,130,1.2913330793380737,1,0.8227901458740234,1
grasec,0.8,44,graphcl,131,0.676585853099823,1,0.6108401417732239,0
grasec,0.8,44,graphcl,132,1.206379771232605,1,1.338966727256775,1
grasec,0.8,44,graphcl,133,0.6803397536277771,1,1.1793922185897827,1
grasec,0.8,44,graphcl,134,1.4687026739120483,1,0.43323370814323425,0
grasec,0.8,44,graphcl,135,0.9670533537864685,1,1.4493169784545898,1
grasec,0.8,44,graphcl,136,1.0266841650009155,1,0.7016860246658325,1
grasec,0.8,44,graphcl,137,1.4743508100509644,1,0.4982622265815735,0
grasec,0.8,44,graphcl,138,1.517261028289795,1,0.8149318695068359,1
grasec,0.8,44,graphcl,139,0.9691924452781677,1,0.46504640579223633,0
grasec,0.8,44,graphcl,140,1.2423774003982544,1,1.449405550956726,1
grasec,0.8,44,graphcl,141,1.316570520401001,1,1.2680805921554565,1
grasec,0.8,44,graphcl,142,1.4380789995193481,1,0.6270362734794617,1
grasec,0.8,44,graphcl,143,1.362322211265564,1,1.4903149604797363,1
grasec,0.8,44,graphcl,144,1.4649490118026733,1,1.4391082525253296,1
grasec,0.8,44,graphcl,145,1.1499689817428589,1,0.6623668074607849,1
grasec,0.8,44,graphcl,146,1.401617169380188,1,1.3568087816238403,1
grasec,0.8,44,graphcl,147,0.14761340618133545,0,1.5561344623565674,1
grasec,0.8,44,graphcl,148,1.0200674533843994,1,1.4751125574111938,1
grasec,0.8,44,graphcl,149,1.4294042587280273,1,1.3888698816299438,1
grasec,0.8,44,graphcl,150,0.6516252756118774,1,0.8583194613456726,1
grasec,0.8,44,graphcl,151,1.338261365890503,1,1.3587883710861206,1
grasec,0.8,44,graphcl,152,1.2662380933761597,1,1.3471225500106812,1
grasec,0.8,44,graphcl,153,1.0107635259628296,1,1.4256010055541992,1
grasec,0.8,44,graphcl,154,1.8426344394683838,1,1.223585605621338,1
grasec,0.8,44,graphcl,155,1.2991828918457031,1,1.3825384378433228,1
grasec,0.8,44,graphcl,156,1.6233552694320679,1,0.8550555109977722,1
grasec,0.8,44,graphcl,157,1.3673127889633179,1,1.4565521478652954,1
grasec,0.8,44,graphcl,158,0.821982204914093,1,1.1187883615493774,1
grasec,0.8,44,graphcl,159,0.5294245481491089,1,1.079742431640625,1
grasec,0.8,44,graphcl,160,1.411681056022644,1,1.4406849145889282,1
grasec,0.8,44,graphcl,161,0.6846174001693726,1,0.49303117394447327,0
grasec,0.8,44,graphcl,162,0.9119521975517273,1,1.6369514465332031,1
grasec,0.8,44,graphcl,163,1.1523126363754272,1,1.194787859916687,1
grasec,0.8,44,graphcl,164,1.1112855672836304,1,1.3574167490005493,1
grasec,0.8,44,graphcl,165,1.4215542078018188,1,1.2633793354034424,1
grasec,0.8,44,graphcl,166,1.4471160173416138,1,0.3760475814342499,0
grasec,0.8,44,graphcl,167,1.2440407276153564,1,1.1281757354736328,1
grasec,0.8,44,graphcl,168,1.0523808002471924,1,0.7335763573646545,1
grasec,0.8,44,graphcl,169,1.085047960281372,1,0.5188559889793396,1
grasec,0.8,44,graphcl,170,1.0550364255905151,1,0.6288854479789734,1
grasec,0.8,44,graphcl,171,1.0787971019744873,1,1.3053189516067505,1
grasec,0.8,44,graphcl,172,1.0134382247924805,1,0.44732338190078735,1
grasec,0.8,44,graphcl,173,1.252023696899414,1,0.45456457138061523,1
grasec,0.8,44,graphcl,174,0.4684913754463196,1,0.997632622718811,1
grasec,0.8,44,graphcl,175,1.0797908306121826,1,0.9662094116210938,1
grasec,0.8,44,graphcl,176,1.344925045967102,1,0.4083724021911621,0
grasec,0.8,44,graphcl,177,1.4954026937484741,1,0.5820761919021606,1
grasec,0.8,44,graphcl,178,1.6678199768066406,1,0.610580563545227,1
grasec,0.8,44,graphcl,179,1.3241733312606812,1,1.4926108121871948,1
grasec,0.8,44,graphcl,180,0.4470697343349457,1,1.7397431135177612,1
grasec,0.8,44,graphcl,181,1.3876323699951172,1,0.689033031463623,1
grasec,0.8,44,graphcl,182,1.2922097444534302,1,1.401586890220642,1
grasec,0.8,44,graphcl,183,1.3006974458694458,1,1.3303097486495972,1
grasec,0.8,44,graphcl,184,1.6989275217056274,1,1.1923011541366577,1
grasec,0.8,44,graphcl,185,1.4480770826339722,1,1.6395195722579956,1
grasec,0.8,44,graphcl,186,1.017287254333496,1,1.471086859703064,1
grasec,0.8,44,graphcl,187,0.7157086730003357,1,1.3724583387374878,1
grasec,0.8,44,graphcl,188,1.732639193534851,1,1.4783697128295898,1
grasec,0.8,44,graphcl,189,1.4736690521240234,1,1.4594266414642334,1
grasec,0.8,44,graphcl,190,0.6200857758522034,1,1.5581951141357422,1
grasec,0.8,44,graphcl,191,1.3979451656341553,1,0.3932217061519623,0
grasec,0.8,44,graphcl,192,0.4677329659461975,1,0.6169798970222473,1
grasec,0.8,44,graphcl,193,1.050394892692566,1,0.9104053378105164,1
grasec,0.8,44,graphcl,194,1.3823295831680298,1,0.64727783203125,1
grasec,0.8,44,graphcl,195,0.5148674249649048,1,0.9851571321487427,1
grasec,0.8,44,graphcl,196,1.3682806491851807,1,0.5424015522003174,1
grasec,0.8,44,graphcl,197,0.933322548866272,1,0.8678483963012695,1
grasec,0.8,44,graphcl,198,0.47705283761024475,0,1.146141767501831,1
grasec,0.8,44,graphcl,199,1.0456366539001465,1,1.02821683883667,1
grasec,0.8,44,graphcl,200,1.5625320672988892,1,1.4333436489105225,1
grasec,0.8,44,graphcl,201,0.9939598441123962,1,0.9574382901191711,1
grasec,0.8,44,graphcl,202,1.5427085161209106,1,0.7053429484367371,1
grasec,0.8,44,graphcl,203,1.3126957416534424,1,0.6611989736557007,1
grasec,0.8,44,graphcl,204,1.0519495010375977,1,1.3934991359710693,1
grasec,0.8,44,graphcl,205,1.350324273109436,1,1.4482743740081787,1
grasec,0.8,44,graphcl,206,1.124019980430603,1,1.4411402940750122,1
grasec,0.8,44,graphcl,207,1.6744612455368042,1,0.6678952574729919,1
grasec,0.8,44,graphcl,208,0.6087684035301208,1,1.8761425018310547,1
grasec,0.8,44,graphcl,209,1.454680323600769,1,1.3584108352661133,1
grasec,0.8,44,graphcl,210,0.9094735980033875,1,1.3338499069213867,1
grasec,0.8,44,graphcl,211,1.4722976684570312,1,1.4872499704360962,1
grasec,0.8,44,graphcl,212,1.4686975479125977,1,1.3249307870864868,1
grasec,0.8,44,graphcl,213,1.4409027099609375,1,1.5365546941757202,1
grasec,0.8,44,graphcl,214,0.21072864532470703,0,1.6098369359970093,1
grasec,0.8,44,graphcl,215,1.3630074262619019,1,0.6331455111503601,1
grasec,0.8,44,graphcl,216,1.46923828125,1,0.6191157698631287,1
grasec,0.8,44,graphcl,217,1.4768989086151123,1,1.2115719318389893,1
grasec,0.8,44,graphcl,218,0.6581541895866394,1,0.7342755794525146,1
grasec,0.8,44,graphcl,219,1.4253379106521606,1,1.0925782918930054,1
grasec,0.8,44,graphcl,220,1.3948085308074951,1,0.4358637034893036,0
grasec,0.8,44,graphcl,221,0.9000364542007446,1,0.9830785989761353,1
grasec,0.8,44,graphcl,222,1.3133724927902222,1,0.30168840289115906,0
grasec,0.8,44,graphcl,223,0.9197359085083008,1,0.9467933773994446,1
grasec,0.8,44,graphcl,224,0.9221698641777039,1,0.49231645464897156,1
grasec,0.8,44,graphcl,225,1.6463367938995361,1,0.7273367047309875,1
grasec,0.8,44,graphcl,226,0.9607545137405396,1,0.6124903559684753,1
grasec,0.8,44,graphcl,227,0.3925475776195526,1,1.5120140314102173,1
grasec,0.8,44,graphcl,228,0.5949611663818359,1,0.571095883846283,1
grasec,0.8,44,graphcl,229,1.404660940170288,1,1.073486328125,1
grasec,0.8,44,graphcl,230,1.0168168544769287,1,0.9830546379089355,1
grasec,0.8,44,graphcl,231,1.2251523733139038,1,1.515090823173523,1
grasec,0.8,44,graphcl,232,1.2510013580322266,1,1.3812166452407837,1
grasec,0.8,44,graphcl,233,1.6465733051300049,1,0.8385923504829407,1
grasec,0.8,44,graphcl,234,0.9190487265586853,1,0.9630215764045715,1
grasec,0.8,44,graphcl,235,1.422070026397705,1,0.3854310214519501,0
grasec,0.8,44,graphcl,236,1.392496943473816,1,1.7999670505523682,1
grasec,0.8,44,graphcl,237,0.5092763304710388,1,0.6838445067405701,1
grasec,0.8,44,graphcl,238,0.3086143434047699,0,0.4544198513031006,1
grasec,0.8,44,graphcl,239,1.001071810722351,1,0.3651063144207001,0
grasec,0.8,44,graphcl,240,1.1357548236846924,1,1.711126685142517,1
grasec,0.8,44,graphcl,241,1.5465978384017944,1,1.3117643594741821,1
grasec,0.8,44,graphcl,242,0.9699816703796387,1,1.4750056266784668,1
grasec,0.8,44,graphcl,243,1.3655227422714233,1,1.210997223854065,1
grasec,0.8,44,graphcl,244,0.7978823781013489,1,0.9512137770652771,1
grasec,0.8,44,graphcl,245,1.8515106439590454,1,1.1575708389282227,1
grasec,0.8,44,graphcl,246,0.40703558921813965,0,1.1113156080245972,1
grasec,0.8,44,graphcl,247,0.8777372241020203,1,0.32697173953056335,0
grasec,0.8,44,graphcl,248,0.8513369560241699,0,0.9000765681266785,1
grasec,0.8,44,graphcl,249,1.4627220630645752,1,1.234422206878662,1
grasec,0.8,44,graphcl,250,0.9053358435630798,1,1.229103684425354,1
grasec,0.8,44,graphcl,251,1.2773345708847046,1,1.209856629371643,1
grasec,0.8,44,graphcl,252,1.08346426486969,1,0.4877646565437317,1
grasec,0.8,44,graphcl,253,1.4206535816192627,1,1.3893979787826538,1
grasec,0.8,44,graphcl,254,1.1213139295578003,1,1.4710643291473389,1
grasec,0.8,44,graphcl,255,1.1768144369125366,1,1.6853920221328735,1
grasec,0.8,44,graphcl,256,1.1855828762054443,1,0.9041129350662231,1
grasec,0.8,44,graphcl,257,1.5200941562652588,1,1.0747411251068115,1
grasec,0.8,44,graphcl,258,1.1195505857467651,1,1.3599237203598022,1
grasec,0.8,44,graphcl,259,1.1478605270385742,1,1.198159098625183,1
grasec,0.8,44,graphcl,260,1.2948557138442993,1,1.8729991912841797,1
grasec,0.8,44,graphcl,261,0.6208834052085876,1,1.3245339393615723,1
grasec,0.8,44,graphcl,262,1.1385496854782104,1,0.6202160716056824,0
grasec,0.8,44,graphcl,263,0.9441532492637634,1,1.297540307044983,1
grasec,0.8,44,graphcl,264,1.3555325269699097,1,1.2828501462936401,1
grasec,0.8,44,graphcl,265,1.2104679346084595,1,1.3321832418441772,1
grasec,0.8,44,graphcl,266,1.2941343784332275,1,1.3173352479934692,1
grasec,0.8,44,graphcl,267,0.1775432676076889,0,1.0843524932861328,1
grasec,0.8,44,graphcl,268,1.3724406957626343,1,0.930743396282196,1
grasec,0.8,44,graphcl,269,0.6058756709098816,1,1.1419750452041626,1
grasec,0.8,44,graphcl,270,0.9709836840629578,1,0.6295855045318604,0
grasec,0.8,44,graphcl,271,0.737770676612854,1,1.1428310871124268,1
grasec,0.8,44,graphcl,272,1.4563981294631958,1,0.9326097369194031,1
grasec,0.8,44,graphcl,273,1.3544353246688843,1,1.1884241104125977,1
grasec,0.8,44,graphcl,274,1.0336664915084839,1,1.1131877899169922,1
grasec,0.8,44,graphcl,275,0.313981294631958,0,1.4380511045455933,1
grasec,0.8,44,graphcl,276,1.3310601711273193,1,0.9730088114738464,1
grasec,0.8,44,graphcl,277,1.527268409729004,1,0.9932914972305298,1
grasec,0.8,44,graphcl,278,1.3301628828048706,1,1.4838228225708008,1
grasec,0.8,44,graphcl,279,0.2963699400424957,0,1.366178035736084,1
grasec,0.8,44,graphcl,280,1.3418437242507935,1,0.9633321762084961,1
grasec,0.8,44,graphcl,281,1.1269105672836304,1,1.3613053560256958,1
grasec,0.8,44,graphcl,282,1.4783892631530762,1,1.0812294483184814,1
grasec,0.8,44,graphcl,283,1.6415245532989502,1,1.046334147453308,1
grasec,0.8,44,graphcl,284,1.4884777069091797,1,0.8833702206611633,1
grasec,0.8,44,graphcl,285,1.48257315158844,1,0.5369595885276794,1
grasec,0.8,44,graphcl,286,1.3545758724212646,1,1.0065045356750488,1
grasec,0.8,44,graphcl,287,0.969258725643158,1,1.0898030996322632,1
grasec,0.8,44,graphcl,288,1.3295868635177612,1,0.5717723965644836,1
grasec,0.8,44,graphcl,289,0.6970695853233337,1,0.41406795382499695,1
grasec,0.8,44,graphcl,290,0.9664306044578552,1,1.439398169517517,1
grasec,0.8,44,graphcl,291,0.893448531627655,1,1.0510464906692505,1
grasec,0.8,44,graphcl,292,1.4101537466049194,1,1.6701072454452515,1
grasec,0.8,44,graphcl,293,1.6797586679458618,1,1.0558054447174072,1
grasec,0.8,44,graphcl,294,0.9802252650260925,1,0.9004170298576355,1
grasec,0.8,44,graphcl,295,0.6173760890960693,1,0.3968002498149872,1
grasec,0.8,44,graphcl,296,1.0112775564193726,1,1.3263696432113647,1
grasec,0.8,44,graphcl,297,1.012636423110962,1,0.7564787268638611,1
grasec,0.8,44,graphcl,298,0.7119576334953308,1,1.1937525272369385,1
grasec,0.8,44,graphcl,299,1.242586612701416,1,1.3557575941085815,1
grasec,0.8,44,graphcl,300,0.9452033042907715,1,0.9385777711868286,1
grasec,0.8,44,graphcl,301,1.3089512586593628,1,0.5041531920433044,1
grasec,0.8,44,graphcl,302,1.68798828125,1,1.0758445262908936,1
grasec,0.8,44,graphcl,303,0.9366799592971802,1,1.4465807676315308,1
grasec,0.8,44,graphcl,304,0.6418618559837341,1,1.0407484769821167,1
grasec,0.8,44,graphcl,305,1.0294055938720703,1,1.6077072620391846,1
grasec,0.8,44,graphcl,306,0.6787360310554504,1,1.1246559619903564,1
grasec,0.8,44,graphcl,307,1.2852929830551147,1,0.6976967453956604,1
grasec,0.8,44,graphcl,308,1.3007162809371948,1,0.9758363962173462,1
grasec,0.8,44,graphcl,309,1.112399935722351,1,0.8218884468078613,1
grasec,0.8,44,graphcl,310,0.61348956823349,1,1.1247625350952148,1
grasec,0.8,44,graphcl,311,0.9348428845405579,1,0.9411816000938416,1
grasec,0.8,44,graphcl,312,1.4225704669952393,1,0.4244731366634369,0
grasec,0.8,44,graphcl,313,0.935759961605072,1,0.37249812483787537,0
grasec,0.8,44,graphcl,314,1.4217407703399658,1,1.4088246822357178,1
grasec,0.8,44,graphcl,315,1.450252890586853,1,1.3495906591415405,1
grasec,0.8,44,graphcl,316,1.5671180486679077,1,1.8123215436935425,1
grasec,0.8,44,graphcl,317,0.9130253195762634,1,1.5454310178756714,1
grasec,0.8,44,graphcl,318,1.4509400129318237,1,0.7237149477005005,1
grasec,0.8,44,graphcl,319,1.2015162706375122,1,1.4534152746200562,1
grasec,0.8,44,graphcl,320,1.3913825750350952,1,1.084679365158081,1
grasec,0.8,44,graphcl,321,0.7230644822120667,1,1.2401505708694458,1
grasec,0.8,44,graphcl,322,1.3024462461471558,1,1.4573681354522705,1
grasec,0.8,44,graphcl,323,1.4219765663146973,1,1.5183466672897339,1
grasec,0.8,44,graphcl,324,1.044769287109375,1,1.660104751586914,1
grasec,0.8,44,graphcl,325,1.7751928567886353,1,0.2701357305049896,0
grasec,0.8,44,graphcl,326,1.3550251722335815,1,1.0317920446395874,1
grasec,0.8,44,graphcl,327,0.3887801170349121,0,0.9623762369155884,1
grasec,0.8,44,graphcl,328,1.3526233434677124,1,0.4684184193611145,1
grasec,0.8,44,graphcl,329,1.2619130611419678,1,0.6323935389518738,1
grasec,0.8,44,graphcl,330,0.6367143988609314,1,1.5863450765609741,1
grasec,0.8,44,graphcl,331,1.3657153844833374,1,0.9283533096313477,1
grasec,0.8,44,graphcl,332,1.445356011390686,1,1.313175082206726,1
grasec,0.8,44,graphcl,333,0.22333291172981262,0,0.660256028175354,1
grasec,0.8,44,graphcl,334,0.9542075395584106,1,1.4139424562454224,1
grasec,0.8,44,graphcl,335,0.6947159171104431,1,1.343196153640747,1
grasec,0.8,44,graphcl,336,1.4274812936782837,1,1.2425434589385986,1
grasec,0.8,44,graphcl,337,1.3462203741073608,1,0.6241775155067444,1
grasec,0.8,44,graphcl,338,0.4378882348537445,1,1.4515197277069092,1
grasec,0.8,44,graphcl,339,1.3458932638168335,1,1.513927936553955,1
grasec,0.8,44,graphcl,340,0.6946308016777039,1,1.5484923124313354,1
grasec,0.8,44,graphcl,341,1.3811291456222534,1,1.1931723356246948,1
grasec,0.8,44,graphcl,342,1.3564567565917969,1,0.612726628780365,1
grasec,0.8,44,graphcl,343,0.8983495831489563,1,0.7776851058006287,0
grasec,0.8,44,graphcl,344,1.0981831550598145,1,0.6580376625061035,1
grasec,0.8,44,graphcl,345,1.0612823963165283,1,0.724460244178772,1
grasec,0.8,44,graphcl,346,1.3383979797363281,1,1.3835296630859375,1
grasec,0.8,44,graphcl,347,1.1837866306304932,1,0.9141793251037598,1
grasec,0.8,44,graphcl,348,0.6292340159416199,1,0.9018542170524597,1
grasec,0.8,44,graphcl,349,1.3805433511734009,1,1.506207823753357,1
grasec,0.8,44,graphcl,350,0.75858473777771,1,1.0880682468414307,1
grasec,0.8,44,graphcl,351,1.423921823501587,1,1.1704167127609253,1
grasec,0.8,44,graphcl,352,1.3318827152252197,1,1.0689648389816284,1
grasec,0.8,44,graphcl,353,0.6452245712280273,1,1.4903825521469116,1
grasec,0.8,44,graphcl,354,1.3017724752426147,1,1.5085972547531128,1
grasec,0.8,44,graphcl,355,1.5464348793029785,1,0.977557361125946,1
grasec,0.8,44,graphcl,356,0.4644302427768707,1,1.3269232511520386,1
grasec,0.8,44,graphcl,357,0.9529772996902466,1,1.133144736289978,1
grasec,0.8,44,graphcl,358,0.9660162925720215,1,1.4718217849731445,1
grasec,0.8,44,graphcl,359,1.40317702293396,1,1.232964038848877,1
grasec,0.8,44,graphcl,360,0.8691347241401672,1,1.1984299421310425,1
grasec,0.8,44,graphcl,361,1.1236333847045898,1,1.6513293981552124,1
grasec,0.8,44,graphcl,362,1.0873726606369019,1,1.5751374959945679,1
grasec,0.8,44,graphcl,363,1.580338478088379,1,1.3884018659591675,1
grasec,0.8,44,graphcl,364,1.5909770727157593,1,1.2784092426300049,1
grasec,0.8,44,graphcl,365,1.4774298667907715,1,1.3339489698410034,1
grasec,0.8,44,graphcl,366,1.0004558563232422,1,1.125130295753479,1
grasec,0.8,44,graphcl,367,1.4503068923950195,1,0.6961154341697693,1
grasec,0.8,44,graphcl,368,1.4650524854660034,1,1.41323983669281,1
grasec,0.8,44,graphcl,369,1.4334611892700195,1,1.777305245399475,1
grasec,0.8,44,graphcl,370,0.6117475628852844,1,1.5143115520477295,1
grasec,0.8,44,graphcl,371,0.6427435278892517,1,1.4370230436325073,1
grasec,0.8,44,graphcl,372,0.3557276427745819,0,1.231442928314209,1
grasec,0.8,44,graphcl,373,1.223777413368225,1,1.3146800994873047,1
grasec,0.8,44,graphcl,374,1.141583800315857,1,1.125679612159729,1
grasec,0.8,44,graphcl,375,1.0558680295944214,1,1.4239014387130737,1
grasec,0.8,44,graphcl,376,0.9564353823661804,1,0.5001112818717957,1
grasec,0.8,44,graphcl,377,1.2351740598678589,1,1.4203673601150513,1
grasec,0.8,44,graphcl,378,1.333185076713562,1,1.4301729202270508,1
grasec,0.8,44,graphcl,379,1.0771245956420898,1,0.42461544275283813,0
grasec,0.8,44,graphcl,380,1.1423615217208862,1,1.7548418045043945,1
grasec,0.8,44,graphcl,381,0.38913676142692566,0,1.195886254310608,1
grasec,0.8,44,graphcl,382,1.4509000778198242,1,1.6143181324005127,1
grasec,0.8,44,graphcl,383,1.1935094594955444,1,0.6341949701309204,1
grasec,0.8,44,graphcl,384,1.08975088596344,1,1.0589264631271362,1
grasec,0.8,44,graphcl,385,0.8650133013725281,1,0.2835334837436676,0
grasec,0.8,44,graphcl,386,1.5920182466506958,1,1.4225338697433472,1
grasec,0.8,44,graphcl,387,1.314578652381897,1,0.7346101999282837,1
grasec,0.8,44,graphcl,388,1.1481688022613525,1,1.5034726858139038,1
grasec,0.8,44,graphcl,389,1.04692804813385,1,0.9322919845581055,1
grasec,0.8,44,graphcl,390,1.0314337015151978,1,1.5005366802215576,1
grasec,0.8,44,graphcl,391,1.1468042135238647,1,1.3395048379898071,1
grasec,0.8,44,graphcl,392,1.1891716718673706,1,0.6013838648796082,1
grasec,0.8,44,graphcl,393,1.2615655660629272,1,1.1578304767608643,1
grasec,0.8,44,graphcl,394,1.4313122034072876,1,0.4845763146877289,1
grasec,0.8,44,graphcl,395,1.1474933624267578,1,0.9983956217765808,1
grasec,0.8,44,graphcl,396,0.7654793858528137,1,0.6054114699363708,1
grasec,0.8,44,graphcl,397,1.4004122018814087,1,1.3446428775787354,1
grasec,0.8,44,graphcl,398,0.45178839564323425,0,0.7762959599494934,1
grasec,0.8,44,graphcl,399,1.5221940279006958,1,1.1125227212905884,1
grasec,0.8,44,graphcl,400,1.66790771484375,1,0.4016888737678528,1
grasec,0.8,44,graphcl,401,1.2156285047531128,1,0.2731650769710541,0
grasec,0.8,44,graphcl,402,0.9127386212348938,1,1.2524406909942627,1
grasec,0.8,44,graphcl,403,1.3052237033843994,1,1.6751936674118042,1
grasec,0.8,44,graphcl,404,0.447905033826828,1,1.4670504331588745,1
grasec,0.8,44,graphcl,405,0.698023796081543,1,1.536012053489685,1
grasec,0.8,44,graphcl,406,0.5741715431213379,1,0.9548670649528503,1
grasec,0.8,44,graphcl,407,1.6272414922714233,1,1.3871904611587524,1
grasec,0.8,44,graphcl,408,0.9590451121330261,1,1.093492865562439,1
grasec,0.8,44,graphcl,409,0.9780128598213196,1,0.967006504535675,1
grasec,0.8,44,graphcl,410,1.494582176208496,1,1.190237283706665,1
grasec,0.8,44,graphcl,411,0.3020438849925995,0,0.8379939198493958,1
grasec,0.8,44,graphcl,412,1.4720962047576904,1,1.4571586847305298,1
grasec,0.8,44,graphcl,413,1.7089003324508667,1,1.159035325050354,1
grasec,0.8,44,graphcl,414,0.6393187046051025,1,1.3957960605621338,1
grasec,0.8,44,graphcl,415,1.0075815916061401,1,1.2797385454177856,1
grasec,0.8,44,graphcl,416,0.7339602708816528,1,1.0040167570114136,1
grasec,0.8,44,graphcl,417,0.5722030997276306,0,1.4395415782928467,1
grasec,0.8,44,graphcl,418,0.6376299262046814,1,0.5102753043174744,1
grasec,0.8,44,graphcl,419,1.4780110120773315,1,1.6099966764450073,1
grasec,0.8,44,graphcl,420,1.0483473539352417,1,0.9624094367027283,1
grasec,0.8,44,graphcl,421,1.3463666439056396,1,1.1522845029830933,1
grasec,0.8,44,graphcl,422,0.7311921119689941,1,1.4665392637252808,1
grasec,0.8,44,graphcl,423,1.5207802057266235,1,0.6030360460281372,1
grasec,0.8,44,graphcl,424,1.3416837453842163,1,0.6418854594230652,1
grasec,0.8,44,graphcl,425,1.530312418937683,1,1.4538894891738892,1
grasec,0.8,44,graphcl,426,1.4553203582763672,1,0.4970189034938812,1
grasec,0.8,44,graphcl,427,0.4505488872528076,0,0.6648452877998352,1
grasec,0.8,44,graphcl,428,0.6018427014350891,1,1.115359902381897,1
grasec,0.8,44,graphcl,429,1.344346046447754,1,0.8539983630180359,1
grasec,0.8,44,graphcl,430,1.5174232721328735,1,1.4430187940597534,1
grasec,0.8,44,graphcl,431,1.0024057626724243,1,1.3165901899337769,1
grasec,0.8,44,graphcl,432,0.5662940144538879,1,0.9244500398635864,1
grasec,0.8,44,graphcl,433,0.47461509704589844,1,0.9343724250793457,1
grasec,0.8,44,graphcl,434,0.5410577654838562,1,1.1570018529891968,1
grasec,0.8,44,graphcl,435,0.9267517328262329,1,1.377548336982727,1
grasec,0.8,44,graphcl,436,0.9666666388511658,1,1.0532875061035156,1
grasec,0.8,44,graphcl,437,1.3443435430526733,1,1.5593560934066772,1
grasec,0.8,44,graphcl,438,1.1360872983932495,1,1.3055448532104492,1
grasec,0.8,44,graphcl,439,0.5044751167297363,1,1.4089831113815308,1
grasec,0.8,44,graphcl,440,0.38768479228019714,1,1.3254408836364746,1
grasec,0.8,44,graphcl,441,1.3944324254989624,1,1.2987921237945557,1
grasec,0.8,44,graphcl,442,1.4908818006515503,1,1.2055460214614868,1
grasec,0.8,44,graphcl,443,1.2785265445709229,1,1.1430004835128784,1
grasec,0.8,44,graphcl,444,1.5164400339126587,1,1.309287667274475,1
grasec,0.8,44,graphcl,445,0.837655246257782,1,1.4080173969268799,1
grasec,0.8,44,graphcl,446,1.4671181440353394,1,1.4098787307739258,1
grasec,0.8,44,graphcl,447,1.3801838159561157,1,1.1321897506713867,1
grasec,0.8,44,graphcl,448,0.8990034461021423,1,1.3713648319244385,1
grasec,0.8,44,graphcl,449,0.6561934351921082,1,1.268202781677246,1
grasec,0.8,44,graphcl,450,1.015890121459961,1,1.8741024732589722,1
grasec,0.8,44,graphcl,451,1.3358564376831055,1,1.0032216310501099,1
grasec,0.8,44,graphcl,452,1.4784082174301147,1,0.7885476350784302,1
grasec,0.8,44,graphcl,453,0.5456911325454712,1,0.9566287994384766,1
grasec,0.8,44,graphcl,454,0.6516308188438416,1,0.5616811513900757,0
grasec,0.8,44,graphcl,455,1.260702133178711,1,0.592833399772644,1
grasec,0.8,44,graphcl,456,1.0072649717330933,1,1.0222101211547852,1
grasec,0.8,44,graphcl,457,1.1915429830551147,1,1.1966663599014282,1
grasec,0.8,44,graphcl,458,1.341760516166687,1,0.590554416179657,1
grasec,0.8,44,graphcl,459,1.3155068159103394,1,1.3265104293823242,1
grasec,0.8,44,graphcl,460,0.9327197074890137,1,1.1481345891952515,1
grasec,0.8,44,graphcl,461,1.3562182188034058,1,0.571698009967804,1
grasec,0.8,44,graphcl,462,0.9649691581726074,1,0.9295886158943176,1
grasec,0.8,44,graphcl,463,0.952876091003418,1,0.7772626876831055,1
grasec,0.8,44,graphcl,464,1.2994933128356934,1,1.4148942232131958,1
grasec,0.8,44,graphcl,465,0.553655743598938,1,1.0456010103225708,1
grasec,0.8,44,graphcl,466,0.6327999234199524,1,0.48671379685401917,1
grasec,0.8,44,graphcl,467,1.8278347253799438,1,1.534292459487915,1
grasec,0.8,44,graphcl,468,1.5703611373901367,1,1.390622854232788,1
grasec,0.8,44,graphcl,469,0.972993016242981,1,1.618341088294983,1
grasec,0.8,44,graphcl,470,1.4030489921569824,1,0.7714928984642029,1
grasec,0.8,44,graphcl,471,0.918831467628479,1,1.3648632764816284,1
grasec,0.8,44,graphcl,472,1.3979847431182861,1,0.6772131323814392,1
grasec,0.8,44,graphcl,473,1.896572470664978,1,1.1282658576965332,1
grasec,0.8,44,graphcl,474,0.9977346658706665,1,1.0243195295333862,1
grasec,0.8,44,graphcl,475,1.072614312171936,1,1.3435043096542358,1
grasec,0.8,44,graphcl,476,0.6256461143493652,1,1.0076680183410645,1
grasec,0.8,44,graphcl,477,1.4346301555633545,1,1.4862018823623657,1
grasec,0.8,44,graphcl,478,0.36054614186286926,0,1.2133082151412964,1
grasec,0.8,44,graphcl,479,1.1012626886367798,1,1.4377893209457397,1
grasec,0.8,44,graphcl,480,1.1437238454818726,1,1.0615288019180298,1
grasec,0.8,44,graphcl,481,0.5839484930038452,1,0.5777705907821655,1
grasec,0.8,44,graphcl,482,0.7502877712249756,1,0.6673184633255005,1
grasec,0.8,44,graphcl,483,1.2322086095809937,1,0.9603349566459656,1
grasec,0.8,44,graphcl,484,0.6792087554931641,1,1.1676653623580933,1
grasec,0.8,44,graphcl,485,1.4632470607757568,1,1.4424833059310913,1
grasec,0.8,44,graphcl,486,1.4754259586334229,1,1.342665672302246,1
grasec,0.8,44,graphcl,487,1.2084850072860718,1,1.3146264553070068,1
grasec,0.8,44,graphcl,488,0.5735164284706116,1,1.4868210554122925,1
grasec,0.8,44,graphcl,489,1.460410475730896,1,0.9018624424934387,1
grasec,0.8,44,graphcl,490,1.5757969617843628,1,1.0536441802978516,1
grasec,0.8,44,graphcl,491,1.499599814414978,1,0.9613388180732727,1
grasec,0.8,44,graphcl,492,1.3372740745544434,1,0.8043161630630493,1
grasec,0.8,44,graphcl,493,1.3766666650772095,1,1.1444988250732422,1
grasec,0.8,44,graphcl,494,1.3019834756851196,1,1.189773678779602,1
grasec,0.8,44,graphcl,495,1.4914569854736328,1,1.5159268379211426,1
grasec,0.8,44,graphcl,496,1.412453293800354,1,0.6071624755859375,1
grasec,0.8,44,graphcl,497,1.5030381679534912,1,1.2068952322006226,1
grasec,0.8,44,graphcl,498,1.3061643838882446,1,1.1204131841659546,1
grasec,0.8,44,graphcl,499,1.08881413936615,1,1.2634673118591309,1
grasec,0.8,44,graphcl,500,1.4203977584838867,1,1.272621750831604,1
grasec,0.8,44,graphcl,501,0.15719009935855865,0,1.286545991897583,1
grasec,0.8,44,graphcl,502,1.3672913312911987,1,0.2329287827014923,0
grasec,0.8,44,graphcl,503,1.5722326040267944,1,1.6052563190460205,1
grasec,0.8,44,graphcl,504,0.5611935257911682,1,0.9175271987915039,1
grasec,0.8,44,graphcl,505,1.0366474390029907,1,1.347473382949829,1
grasec,0.8,44,graphcl,506,0.6905810832977295,1,0.9319583177566528,1
grasec,0.8,44,graphcl,507,1.0836515426635742,1,1.0039409399032593,1
grasec,0.8,44,graphcl,508,0.419839471578598,0,1.1255279779434204,1
grasec,0.8,44,graphcl,509,1.5498164892196655,1,1.5133923292160034,1
grasec,0.8,44,graphcl,510,1.3938024044036865,1,0.614750862121582,1
grasec,0.8,44,graphcl,511,1.3667528629302979,1,0.5913894772529602,1
grasec,0.8,44,graphcl,512,0.6896116137504578,1,1.4443318843841553,1
grasec,0.8,44,graphcl,513,0.49251341819763184,1,0.9702861905097961,1
grasec,0.8,44,graphcl,514,0.4655701220035553,1,0.6011987924575806,1
grasec,0.8,44,graphcl,515,1.125184416770935,1,1.0931156873703003,1
grasec,0.8,44,graphcl,516,1.5534226894378662,1,1.177249550819397,1
grasec,0.8,44,graphcl,517,1.1561613082885742,1,0.6108441948890686,1
grasec,0.8,44,graphcl,518,1.5071643590927124,1,1.0707367658615112,1
grasec,0.8,44,graphcl,519,1.2522954940795898,1,1.5159772634506226,1
grasec,0.8,44,graphcl,520,1.1177891492843628,1,1.3980863094329834,1
grasec,0.8,44,graphcl,521,1.7291500568389893,1,1.4605389833450317,1
grasec,0.8,44,graphcl,522,1.3496454954147339,1,1.4010658264160156,1
grasec,0.8,44,graphcl,523,1.0498417615890503,1,0.9281173944473267,1
grasec,0.8,44,graphcl,524,1.1442383527755737,1,1.2115434408187866,1
grasec,0.8,44,graphcl,525,1.5281341075897217,1,1.493820071220398,1
grasec,0.8,44,graphcl,526,0.7045628428459167,1,1.470119833946228,1
grasec,0.8,44,graphcl,527,1.1528781652450562,1,1.5068458318710327,1
grasec,0.8,44,graphcl,528,1.075577735900879,1,1.081583857536316,1
grasec,0.8,44,graphcl,529,0.8910688757896423,1,0.9304701089859009,1
grasec,0.8,44,graphcl,530,1.4479353427886963,1,0.56390780210495,1
grasec,0.8,44,graphcl,531,1.2747589349746704,1,1.155246615409851,1
grasec,0.8,44,graphcl,532,1.1448252201080322,1,1.3476303815841675,1
grasec,0.8,44,graphcl,533,1.4115190505981445,1,0.3665538728237152,0
grasec,0.8,44,graphcl,534,1.467907428741455,1,1.2626208066940308,1
grasec,0.8,44,graphcl,535,1.1534785032272339,1,0.3874889314174652,0
grasec,0.8,44,graphcl,536,0.3311935365200043,0,0.21197381615638733,0
grasec,0.8,44,graphcl,537,1.4611543416976929,1,1.039429783821106,1
grasec,0.8,44,graphcl,538,0.38153645396232605,0,1.4521983861923218,1
grasec,0.8,44,graphcl,539,1.4220471382141113,1,0.9208200573921204,1
grasec,0.8,44,graphcl,540,0.28834280371665955,1,1.408597469329834,1
grasec,0.8,44,graphcl,541,1.399072527885437,1,1.150891661643982,1
grasec,0.8,44,graphcl,542,0.7182310223579407,1,1.231788158416748,1
grasec,0.8,44,graphcl,543,0.50359708070755,1,0.6167187690734863,1
grasec,0.8,44,graphcl,544,1.042206883430481,1,1.4723286628723145,1
grasec,0.8,44,graphcl,545,1.4458588361740112,1,0.9487034678459167,1
grasec,0.8,44,graphcl,546,1.00853431224823,1,1.1799768209457397,1
grasec,0.8,44,graphcl,547,1.0976461172103882,1,0.5953027009963989,1
grasec,0.8,44,graphcl,548,0.7501085996627808,1,0.9380359649658203,1
grasec,0.8,44,graphcl,549,1.262522578239441,1,0.769344687461853,1
grasec,0.8,44,graphcl,550,0.901083767414093,1,0.35519927740097046,0
grasec,0.8,44,graphcl,551,1.2364977598190308,1,1.312738299369812,1
grasec,0.8,44,graphcl,552,0.37255293130874634,0,0.9987511038780212,1
grasec,0.8,44,graphcl,553,0.6237567663192749,1,1.0451557636260986,1
grasec,0.8,44,graphcl,554,0.9959085583686829,1,0.35984155535697937,0
grasec,0.8,44,graphcl,555,0.5696153044700623,1,1.2136163711547852,1
grasec,0.8,44,graphcl,556,1.4259953498840332,1,1.294653058052063,1
grasec,0.8,44,graphcl,557,1.3581045866012573,1,0.40044766664505005,1
grasec,0.8,44,graphcl,558,0.4303041398525238,1,1.236864686012268,1
grasec,0.8,44,graphcl,559,0.6940892338752747,1,0.6812081336975098,1
grasec,0.8,44,graphcl,560,1.066351294517517,1,0.9125040173530579,1
grasec,0.8,44,graphcl,561,0.9821449518203735,1,1.3876556158065796,1
grasec,0.8,44,graphcl,562,1.5212836265563965,1,1.331370234489441,1
grasec,0.8,44,graphcl,563,1.219692587852478,1,0.5743275880813599,1
grasec,0.8,44,graphcl,564,1.4000325202941895,1,1.1872140169143677,1
grasec,0.8,44,graphcl,565,1.4526481628417969,1,1.6638576984405518,1
grasec,0.8,44,graphcl,566,1.4843350648880005,1,1.0326745510101318,1
grasec,0.8,44,graphcl,567,1.456120491027832,1,0.9511136412620544,1
grasec,0.8,44,graphcl,568,1.3413795232772827,1,1.2939900159835815,1
grasec,0.8,44,graphcl,569,0.8182551264762878,1,0.8658083081245422,1
grasec,0.8,44,graphcl,570,0.5185948610305786,1,1.1004095077514648,1
grasec,0.8,44,graphcl,571,0.2659725248813629,0,0.853671669960022,1
grasec,0.8,44,graphcl,572,1.3568284511566162,1,0.9283248782157898,1
grasec,0.8,44,graphcl,573,1.4145792722702026,1,0.2836419641971588,0
grasec,0.8,44,graphcl,574,1.3052403926849365,1,1.418631911277771,1
grasec,0.8,44,graphcl,575,1.4732428789138794,1,1.529428482055664,1
grasec,0.8,44,graphcl,576,0.2275335043668747,0,0.990548312664032,1
grasec,0.8,44,graphcl,577,1.158448576927185,1,1.4107035398483276,1
grasec,0.8,44,graphcl,578,1.0631954669952393,1,0.6143254637718201,1
grasec,0.8,44,graphcl,579,1.449314832687378,1,1.1081284284591675,1
grasec,0.8,44,graphcl,580,0.8705489039421082,1,0.8315297961235046,1
grasec,0.8,44,graphcl,581,0.9051098227500916,1,1.4456442594528198,1
grasec,0.8,44,graphcl,582,1.1465792655944824,1,1.1906461715698242,1
grasec,0.8,44,graphcl,583,1.4984601736068726,1,0.6163749098777771,1
grasec,0.8,44,graphcl,584,1.4181597232818604,1,0.8944398760795593,1
grasec,0.8,44,graphcl,585,1.488824486732483,1,0.8522387742996216,1
grasec,0.8,44,graphcl,586,1.493463158607483,1,1.2923325300216675,1
grasec,0.8,44,graphcl,587,1.1553975343704224,1,0.46217307448387146,1
grasec,0.8,44,graphcl,588,1.4016871452331543,1,1.3081505298614502,1
grasec,0.8,44,graphcl,589,1.1587632894515991,1,0.6690935492515564,1
grasec,0.8,44,graphcl,590,0.42170634865760803,0,0.9583887457847595,1
grasec,0.8,44,graphcl,591,0.7843128442764282,1,0.6987269520759583,1
grasec,0.8,44,graphcl,592,1.6310595273971558,1,0.6212892532348633,1
grasec,0.8,44,graphcl,593,0.7861326336860657,1,0.6508321166038513,1
grasec,0.8,44,graphcl,594,1.739108681678772,1,0.9816386103630066,1
grasec,0.8,44,graphcl,595,1.4655271768569946,1,1.3436617851257324,1
grasec,0.8,44,graphcl,596,1.331820011138916,1,1.1867679357528687,1
grasec,0.8,44,graphcl,597,1.137505054473877,1,0.6218201518058777,1
grasec,0.8,44,graphcl,598,1.4706156253814697,1,0.6437035799026489,1
grasec,0.8,44,graphcl,599,1.5591949224472046,1,0.9482589960098267,1
grasec,0.8,44,graphcl,600,0.6705120205879211,1,1.007165789604187,1
grasec,0.8,44,graphcl,601,1.1623947620391846,1,0.9655540585517883,1
grasec,0.8,44,graphcl,602,1.5312297344207764,1,1.504478096961975,1
grasec,0.8,44,graphcl,603,0.747857391834259,1,0.6523130536079407,1
grasec,0.8,44,graphcl,604,0.4344400465488434,1,1.1448090076446533,1
grasec,0.8,44,graphcl,605,0.9900623559951782,1,1.6599552631378174,1
grasec,0.8,44,graphcl,606,0.22579698264598846,0,1.407576322555542,1
grasec,0.8,44,graphcl,607,1.0039904117584229,1,1.0873750448226929,1
grasec,0.8,44,graphcl,608,0.6931583285331726,1,1.6283044815063477,1
grasec,0.8,44,graphcl,609,0.3522730767726898,1,0.6469558477401733,1
grasec,0.8,44,graphcl,610,0.9627882242202759,1,1.4889482259750366,1
grasec,0.8,44,graphcl,611,0.6840154528617859,1,1.3897091150283813,1
grasec,0.8,44,graphcl,612,1.0890978574752808,1,1.0847301483154297,1
grasec,0.8,44,graphcl,613,1.3303251266479492,1,0.8239149451255798,1
grasec,0.8,44,graphcl,614,0.9196378588676453,1,0.9837461709976196,1
grasec,0.8,44,graphcl,615,1.4492794275283813,1,1.0061956644058228,1
grasec,0.8,44,graphcl,616,1.0525949001312256,1,1.1192960739135742,1
grasec,0.8,44,graphcl,617,0.31744256615638733,0,1.3845547437667847,1
grasec,0.8,44,graphcl,618,1.3389171361923218,1,1.0561597347259521,1
grasec,0.8,44,graphcl,619,1.7280784845352173,1,1.2005209922790527,1
grasec,0.8,44,graphcl,620,1.446152925491333,1,1.4624208211898804,1
grasec,0.8,44,graphcl,621,1.7194130420684814,1,1.0595465898513794,1
grasec,0.8,44,graphcl,622,0.9289852380752563,1,0.8998028039932251,1
grasec,0.8,44,graphcl,623,0.9692773222923279,1,0.3934589922428131,0
grasec,0.8,44,graphcl,624,1.5153696537017822,1,1.037148356437683,1
grasec,0.8,44,graphcl,625,0.6930370330810547,1,1.3731443881988525,1
grasec,0.8,44,graphcl,626,1.2889035940170288,1,1.4904279708862305,1
grasec,0.8,44,graphcl,627,1.192152738571167,1,0.8263034820556641,1
grasec,0.8,44,graphcl,628,1.1908276081085205,1,1.3513286113739014,1
grasec,0.8,44,graphcl,629,1.4875277280807495,1,1.4608495235443115,1
grasec,0.8,44,graphcl,630,1.510481595993042,1,0.30833160877227783,0
grasec,0.8,44,graphcl,631,1.502616286277771,1,1.5834686756134033,1
grasec,0.8,44,graphcl,632,0.8324829339981079,1,1.403884768486023,1
grasec,0.8,44,graphcl,633,0.9954199194908142,1,1.16531240940094,1
grasec,0.8,44,graphcl,634,1.2679246664047241,1,0.9581832885742188,1
grasec,0.8,44,graphcl,635,0.3812280595302582,0,1.4427149295806885,1
grasec,0.8,44,graphcl,636,1.0128133296966553,1,0.7743823528289795,1
grasec,0.8,44,graphcl,637,1.8030897378921509,1,0.30814751982688904,0
grasec,0.8,44,graphcl,638,1.257155179977417,1,0.5564975142478943,1
grasec,0.8,44,graphcl,639,1.5011240243911743,1,0.4235931932926178,1
grasec,0.8,44,graphcl,640,0.38946443796157837,0,1.5257657766342163,1
grasec,0.8,44,graphcl,641,0.38436388969421387,0,1.2195194959640503,1
grasec,0.8,44,graphcl,642,1.5718042850494385,1,0.17838025093078613,1
grasec,0.8,44,graphcl,643,0.43646249175071716,0,1.1631821393966675,1
grasec,0.8,44,graphcl,644,0.6644989848136902,1,0.3496861159801483,0
grasec,0.8,44,graphcl,645,1.3774694204330444,1,1.6185219287872314,1
grasec,0.8,44,graphcl,646,0.23694883286952972,0,1.4338092803955078,1
grasec,0.8,44,graphcl,647,0.4288761615753174,1,1.3222951889038086,1
grasec,0.8,44,graphcl,648,0.9545184969902039,1,1.4816672801971436,1
grasec,0.8,44,graphcl,649,1.3588809967041016,1,1.225772500038147,1
grasec,0.8,44,graphcl,650,0.6576395630836487,1,1.1149641275405884,1
grasec,0.8,44,graphcl,651,1.50162935256958,1,0.582930862903595,1
grasec,0.8,44,graphcl,652,1.2556127309799194,1,1.4202141761779785,1
grasec,0.8,44,graphcl,653,1.2757424116134644,1,0.6201968789100647,1
grasec,0.8,44,graphcl,654,1.097791075706482,1,0.7789138555526733,1
grasec,0.8,44,graphcl,655,1.0763680934906006,1,1.0489678382873535,1
grasec,0.8,44,graphcl,656,1.3852523565292358,1,1.0264794826507568,1
grasec,0.8,44,graphcl,657,1.0986467599868774,1,1.3985239267349243,1
grasec,0.8,44,graphcl,658,0.6320487260818481,1,0.5973796844482422,1
grasec,0.8,44,graphcl,659,1.2942065000534058,1,1.7606849670410156,1
grasec,0.8,44,graphcl,660,0.42765551805496216,1,0.970563530921936,1
grasec,0.8,44,graphcl,661,1.3936113119125366,1,1.614100694656372,1
grasec,0.8,44,graphcl,662,1.168826937675476,1,1.4829128980636597,1
grasec,0.8,44,graphcl,663,0.559674859046936,1,1.4739601612091064,1
grasec,0.8,44,graphcl,664,1.2691723108291626,1,1.328685998916626,1
grasec,0.8,44,graphcl,665,0.9899839758872986,1,1.4994003772735596,1
grasec,0.8,44,graphcl,666,1.046700119972229,1,1.099962830543518,1
grasec,0.8,44,graphcl,667,0.6771366000175476,1,1.4133671522140503,1
grasec,0.8,44,graphcl,668,0.9533764123916626,1,0.999092698097229,1
grasec,0.8,44,graphcl,669,0.7865457534790039,1,1.0862849950790405,1
grasec,0.8,44,graphcl,670,1.2896133661270142,1,0.8963897824287415,1
grasec,0.8,44,graphcl,671,1.4997713565826416,1,1.330641269683838,1
grasec,0.8,44,graphcl,672,1.1652559041976929,1,1.4056159257888794,1
grasec,0.8,44,graphcl,673,1.204201102256775,1,0.8397216796875,1
grasec,0.8,44,graphcl,674,0.9290363192558289,1,0.5814849138259888,1
grasec,0.8,44,graphcl,675,0.8974941372871399,1,1.452979564666748,1
grasec,0.8,44,graphcl,676,1.3315225839614868,1,0.9785267114639282,1
grasec,0.8,44,graphcl,677,0.5950505137443542,1,1.144872784614563,1
grasec,0.8,44,graphcl,678,1.7482750415802002,1,0.9353715777397156,1
grasec,0.8,44,graphcl,679,0.29192548990249634,0,0.807752788066864,1
grasec,0.8,44,graphcl,680,1.0040006637573242,1,1.9531735181808472,1
grasec,0.8,44,graphcl,681,1.4941703081130981,1,1.6129940748214722,1
grasec,0.8,44,graphcl,682,1.2666852474212646,1,1.3221025466918945,1
grasec,0.8,44,graphcl,683,0.41762980818748474,1,0.8865485191345215,1
grasec,0.8,44,graphcl,684,1.673850655555725,1,1.2904776334762573,1
grasec,0.8,44,graphcl,685,1.378924012184143,1,0.4306459128856659,1
grasec,0.8,44,graphcl,686,1.1373281478881836,1,0.884573757648468,1
grasec,0.8,44,graphcl,687,0.4595106244087219,1,1.4403107166290283,1
grasec,0.8,44,graphcl,688,0.9712285399436951,1,1.32585608959198,1
grasec,0.8,44,graphcl,689,1.8888797760009766,1,0.7396876215934753,1
grasec,0.8,44,graphcl,690,1.4534157514572144,1,1.4551664590835571,1
grasec,0.8,44,graphcl,691,1.3962663412094116,1,1.3573696613311768,1
grasec,0.8,44,graphcl,692,0.982984185218811,1,0.9245012402534485,1
grasec,0.8,44,graphcl,693,1.087593913078308,1,0.9144574999809265,1
grasec,0.8,44,graphcl,694,0.5128158330917358,1,1.1259121894836426,1
grasec,0.8,44,graphcl,695,1.599141001701355,1,0.891986072063446,1
grasec,0.8,44,graphcl,696,0.3575398623943329,0,1.3092975616455078,1
grasec,0.8,44,graphcl,697,0.9990096092224121,1,1.6840254068374634,1
grasec,0.8,44,graphcl,698,1.2853527069091797,1,0.9198194742202759,1
grasec,0.8,44,graphcl,699,1.6053928136825562,1,1.3125618696212769,1
grasec,0.8,44,graphcl,700,1.4679228067398071,1,1.7685316801071167,1
grasec,0.8,44,graphcl,701,1.6872648000717163,1,0.3958410918712616,1
grasec,0.8,44,graphcl,702,0.8126190304756165,1,1.4085326194763184,1
grasec,0.8,44,graphcl,703,1.4703248739242554,1,0.26053398847579956,0
grasec,0.8,44,graphcl,704,0.9249755144119263,1,1.0278936624526978,1
grasec,0.8,44,graphcl,705,0.22834746539592743,0,1.2278165817260742,1
grasec,0.8,44,graphcl,706,1.3594825267791748,1,0.9743298888206482,1
grasec,0.8,44,graphcl,707,1.5794483423233032,1,1.2462621927261353,1
grasec,0.8,44,graphcl,708,1.605873465538025,1,1.1494760513305664,1
grasec,0.8,44,graphcl,709,1.3219951391220093,1,0.9192832112312317,1
grasec,0.8,44,graphcl,710,0.8614185452461243,1,1.1990841627120972,1
grasec,0.8,44,graphcl,711,1.3356692790985107,1,0.6138620376586914,1
grasec,0.8,44,graphcl,712,1.3350958824157715,1,1.5598171949386597,1
grasec,0.8,44,graphcl,713,1.5207703113555908,1,0.5033201575279236,1
grasec,0.8,44,graphcl,714,0.9778587222099304,1,1.0963828563690186,1
grasec,0.8,44,graphcl,715,0.17300988733768463,1,1.2557642459869385,1
grasec,0.8,44,graphcl,716,1.3585596084594727,1,1.4713386297225952,1
grasec,0.8,44,graphcl,717,1.0022640228271484,1,1.434391736984253,1
grasec,0.8,44,graphcl,718,1.197239875793457,1,0.23571982979774475,0
grasec,0.8,44,graphcl,719,0.9685215353965759,1,1.0856603384017944,1
grasec,0.8,44,graphcl,720,1.4657574892044067,1,1.6353893280029297,1
grasec,0.8,44,graphcl,721,1.442553997039795,1,1.0644056797027588,1
grasec,0.8,44,graphcl,722,0.44612231850624084,1,0.6153501868247986,1
grasec,0.8,44,graphcl,723,1.3515777587890625,1,0.5285941958427429,0
grasec,0.8,44,graphcl,724,0.9205772280693054,1,1.4668601751327515,1
grasec,0.8,44,graphcl,725,1.5124847888946533,1,1.1572462320327759,1
grasec,0.8,44,graphcl,726,0.2969304621219635,0,1.393959403038025,1
grasec,0.8,44,graphcl,727,0.9633140563964844,1,1.1144306659698486,1
grasec,0.8,44,graphcl,728,1.236180067062378,1,1.5008233785629272,1
grasec,0.8,44,graphcl,729,1.42156183719635,1,0.8909665942192078,1
grasec,0.8,44,graphcl,730,1.1870189905166626,1,1.3563607931137085,1
grasec,0.8,44,graphcl,731,1.027688980102539,1,1.073347568511963,1
grasec,0.8,44,graphcl,732,0.6021485924720764,1,1.0709165334701538,1
grasec,0.8,44,graphcl,733,1.0513763427734375,1,1.1666134595870972,1
grasec,0.8,44,graphcl,734,1.1960747241973877,1,0.9114286303520203,1
grasec,0.8,44,graphcl,735,0.7222816348075867,1,1.5098689794540405,1
grasec,0.8,44,graphcl,736,1.432848572731018,1,0.6316120028495789,1
grasec,0.8,44,graphcl,737,1.4611564874649048,1,0.8902018666267395,1
grasec,0.8,44,graphcl,738,1.2837313413619995,1,1.0982738733291626,1
grasec,0.8,44,graphcl,739,1.1574444770812988,1,0.9444097876548767,1
grasec,0.8,44,graphcl,740,1.5795727968215942,1,1.4598782062530518,1
grasec,0.8,44,graphcl,741,0.4606724679470062,1,1.4867926836013794,1
grasec,0.8,44,graphcl,742,1.0368633270263672,1,1.4351906776428223,1
grasec,0.8,44,graphcl,743,0.9181925654411316,1,1.3635495901107788,1
grasec,0.8,44,graphcl,744,,,0.9679598212242126,1
