dataset,train_ratio,seed,model,index,val_score,y_val,test_score,y_test
NF-BoT-IoT,0.25,42,topogcl,0,0.26475679874420166,1,0.46294155716896057,1
NF-BoT-IoT,0.25,42,topogcl,1,0.5353765487670898,1,0.3860727846622467,1
NF-BoT-IoT,0.25,42,topogcl,2,0.28846776485443115,1,0.49912840127944946,1
NF-BoT-IoT,0.25,42,topogcl,3,1.0691239833831787,1,0.5641695857048035,1
NF-BoT-IoT,0.25,42,topogcl,4,0.8023055791854858,0,0.515745997428894,1
NF-BoT-IoT,0.25,42,topogcl,5,1.290840744972229,1,0.35999009013175964,1
NF-BoT-IoT,0.25,42,topogcl,6,0.672719419002533,1,0.8140475749969482,1
NF-BoT-IoT,0.25,42,topogcl,7,0.5359371900558472,1,0.5295805335044861,1
NF-BoT-IoT,0.25,42,topogcl,8,0.643706202507019,1,0.5383008718490601,1
NF-BoT-IoT,0.25,42,topogcl,9,0.42331305146217346,1,0.5303195118904114,0
NF-BoT-IoT,0.25,42,topogcl,10,3.536064386367798,1,0.28584280610084534,1
NF-BoT-IoT,0.25,42,topogcl,11,0.5364037752151489,0,0.538823664188385,0
NF-BoT-IoT,0.25,42,topogcl,12,0.7539289593696594,1,0.5020609498023987,1
NF-BoT-IoT,0.25,42,topogcl,13,0.5238329172134399,1,0.7948148250579834,1
NF-BoT-IoT,0.25,42,topogcl,14,1.1020398139953613,1,0.21449102461338043,1
NF-BoT-IoT,0.25,42,topogcl,15,0.5253232717514038,0,0.988070547580719,1
NF-BoT-IoT,0.25,42,topogcl,16,0.5534950494766235,0,0.7371054887771606,1
NF-BoT-IoT,0.25,42,topogcl,17,0.532136857509613,0,1.5171661376953125,1
NF-BoT-IoT,0.25,42,topogcl,18,0.4961477220058441,1,0.5381569862365723,1
NF-BoT-IoT,0.25,42,topogcl,19,0.5291718244552612,1,0.6279463768005371,1
NF-BoT-IoT,0.25,42,topogcl,20,1.0035291910171509,1,0.5836661458015442,1
NF-BoT-IoT,0.25,42,topogcl,21,0.3895769417285919,0,1.581284761428833,1
NF-BoT-IoT,0.25,42,topogcl,22,0.35947439074516296,1,0.5989221930503845,0
NF-BoT-IoT,0.25,42,topogcl,23,0.6051239967346191,0,0.5339577198028564,1
NF-BoT-IoT,0.25,42,topogcl,24,0.5390881896018982,1,0.5432326197624207,0
NF-BoT-IoT,0.25,42,topogcl,25,0.4956611096858978,1,0.6943070292472839,1
NF-BoT-IoT,0.25,42,topogcl,26,1.0491644144058228,1,0.35799792408943176,1
NF-BoT-IoT,0.25,42,topogcl,27,2.0771217346191406,1,0.49870094656944275,1
NF-BoT-IoT,0.25,42,topogcl,28,0.5394315719604492,1,0.526901364326477,0
NF-BoT-IoT,0.25,42,topogcl,29,0.43693673610687256,1,0.6250991225242615,1
NF-BoT-IoT,0.25,42,topogcl,30,0.5262353420257568,1,2.465646743774414,1
NF-BoT-IoT,0.25,42,topogcl,31,0.5297905206680298,1,0.63694828748703,1
NF-BoT-IoT,0.25,42,topogcl,32,0.6244542002677917,1,0.5037007331848145,1
NF-BoT-IoT,0.25,42,topogcl,33,0.5031141042709351,1,0.8825355172157288,1
NF-BoT-IoT,0.25,42,topogcl,34,0.4528394937515259,1,0.5303423404693604,1
NF-BoT-IoT,0.25,42,topogcl,35,0.5611311197280884,1,0.4160928428173065,1
NF-BoT-IoT,0.25,42,topogcl,36,0.8421582579612732,0,0.5894865989685059,1
NF-BoT-IoT,0.25,42,topogcl,37,0.5301313996315002,1,0.5387147665023804,1
NF-BoT-IoT,0.25,42,topogcl,38,0.9710606932640076,1,1.152748703956604,1
NF-BoT-IoT,0.25,42,topogcl,39,0.5534950494766235,0,0.5536516308784485,0
NF-BoT-IoT,0.25,42,topogcl,40,0.770806610584259,1,0.5937407612800598,1
NF-BoT-IoT,0.25,42,topogcl,41,0.5526972413063049,0,0.5358650088310242,1
NF-BoT-IoT,0.25,42,topogcl,42,0.6333141326904297,0,0.3859444856643677,0
NF-BoT-IoT,0.25,42,topogcl,43,0.54200279712677,1,0.3067932426929474,0
NF-BoT-IoT,0.25,42,topogcl,44,3.0859522819519043,1,0.6751549243927002,1
NF-BoT-IoT,0.25,42,topogcl,45,0.25328418612480164,1,0.5093235373497009,0
NF-BoT-IoT,0.25,42,topogcl,46,0.5169049501419067,1,4.4431610107421875,1
NF-BoT-IoT,0.25,42,topogcl,47,0.5832091569900513,1,0.2555370032787323,1
NF-BoT-IoT,0.25,42,topogcl,48,0.11907245963811874,1,0.3405059278011322,1
NF-BoT-IoT,0.25,42,topogcl,49,0.5251325964927673,1,1.4048895835876465,1
NF-BoT-IoT,0.25,42,topogcl,50,0.5383324027061462,1,0.6488547921180725,1
NF-BoT-IoT,0.25,42,topogcl,51,2.059213638305664,1,0.5292606949806213,1
NF-BoT-IoT,0.25,42,topogcl,52,0.5479044318199158,1,1.0650683641433716,1
NF-BoT-IoT,0.25,42,topogcl,53,0.43242278695106506,1,0.5387371778488159,0
NF-BoT-IoT,0.25,42,topogcl,54,0.581523597240448,1,0.5356388688087463,0
NF-BoT-IoT,0.25,42,topogcl,55,0.9592297077178955,1,0.5294420123100281,1
NF-BoT-IoT,0.25,42,topogcl,56,2.181333065032959,1,0.6217880845069885,1
NF-BoT-IoT,0.25,42,topogcl,57,0.5385244488716125,1,0.5407546162605286,1
NF-BoT-IoT,0.25,42,topogcl,58,0.943906307220459,1,0.5735717415809631,1
NF-BoT-IoT,0.25,42,topogcl,59,0.5397149920463562,0,0.5281482934951782,0
NF-BoT-IoT,0.25,42,topogcl,60,0.5252586603164673,1,0.5760993361473083,1
NF-BoT-IoT,0.25,42,topogcl,61,0.5199127793312073,1,0.5628652572631836,1
NF-BoT-IoT,0.25,42,topogcl,62,0.5680835247039795,1,0.6406611204147339,1
NF-BoT-IoT,0.25,42,topogcl,63,0.5364755392074585,1,0.25417739152908325,1
NF-BoT-IoT,0.25,42,topogcl,64,1.0756264925003052,1,1.5171633958816528,1
NF-BoT-IoT,0.25,42,topogcl,65,0.3965837061405182,1,0.6032031178474426,0
NF-BoT-IoT,0.25,42,topogcl,66,0.648749828338623,1,0.5374210476875305,1
NF-BoT-IoT,0.25,42,topogcl,67,0.5369683504104614,1,0.6339378952980042,1
NF-BoT-IoT,0.25,42,topogcl,68,0.942328155040741,1,1.2762634754180908,0
NF-BoT-IoT,0.25,42,topogcl,69,0.5109649896621704,1,0.7360401153564453,1
NF-BoT-IoT,0.25,42,topogcl,70,0.6031197905540466,1,0.5348462462425232,1
NF-BoT-IoT,0.25,42,topogcl,71,0.5357117056846619,1,0.28426939249038696,1
NF-BoT-IoT,0.25,42,topogcl,72,0.2758511006832123,1,0.5584198832511902,1
NF-BoT-IoT,0.25,42,topogcl,73,0.46035781502723694,1,0.5035247206687927,1
NF-BoT-IoT,0.25,42,topogcl,74,0.41131168603897095,1,0.4747564494609833,0
NF-BoT-IoT,0.25,42,topogcl,75,0.5354126691818237,1,0.5296508073806763,1
NF-BoT-IoT,0.25,42,topogcl,76,0.5332533121109009,0,4.44041109085083,1
NF-BoT-IoT,0.25,42,topogcl,77,0.8008633852005005,1,0.151573047041893,1
NF-BoT-IoT,0.25,42,topogcl,78,0.4671243131160736,0,0.5625297427177429,1
NF-BoT-IoT,0.25,42,topogcl,79,0.7092800140380859,1,0.5340275168418884,1
NF-BoT-IoT,0.25,42,topogcl,80,0.540389895439148,1,0.5090007781982422,0
NF-BoT-IoT,0.25,42,topogcl,81,0.8413816690444946,0,0.36155393719673157,1
NF-BoT-IoT,0.25,42,topogcl,82,0.528997540473938,1,1.0531362295150757,1
NF-BoT-IoT,0.25,42,topogcl,83,0.3205357789993286,1,0.39579182863235474,1
NF-BoT-IoT,0.25,42,topogcl,84,0.7214853763580322,1,0.6250718235969543,1
NF-BoT-IoT,0.25,42,topogcl,85,0.15615962445735931,0,0.5044209361076355,1
NF-BoT-IoT,0.25,42,topogcl,86,0.6604135036468506,0,0.628397524356842,1
NF-BoT-IoT,0.25,42,topogcl,87,1.0913307666778564,1,0.48381805419921875,1
NF-BoT-IoT,0.25,42,topogcl,88,0.6700393557548523,1,0.6198827028274536,1
NF-BoT-IoT,0.25,42,topogcl,89,0.7242256999015808,1,0.18541628122329712,1
NF-BoT-IoT,0.25,42,topogcl,90,0.279480904340744,1,0.5416371822357178,1
NF-BoT-IoT,0.25,42,topogcl,91,0.2542165517807007,1,0.45439597964286804,1
NF-BoT-IoT,0.25,42,topogcl,92,0.5537497997283936,0,1.3953663110733032,0
NF-BoT-IoT,0.25,42,topogcl,93,1.108872652053833,1,0.5293629765510559,1
NF-BoT-IoT,0.25,42,topogcl,94,1.680789828300476,0,0.4732154607772827,1
NF-BoT-IoT,0.25,42,topogcl,95,1.4412040710449219,1,0.25882360339164734,1
NF-BoT-IoT,0.25,42,topogcl,96,0.47398248314857483,1,0.8416090607643127,1
NF-BoT-IoT,0.25,42,topogcl,97,0.5250711441040039,1,0.5282813310623169,1
NF-BoT-IoT,0.25,42,topogcl,98,0.5282270312309265,1,0.6488925814628601,1
NF-BoT-IoT,0.25,42,topogcl,99,0.2767409384250641,1,0.9365739822387695,1
NF-BoT-IoT,0.25,42,topogcl,100,0.5686303973197937,1,0.5524945259094238,1
NF-BoT-IoT,0.25,42,topogcl,101,0.5395472049713135,1,0.6503565311431885,1
NF-BoT-IoT,0.25,42,topogcl,102,0.5689470171928406,1,0.528577983379364,1
NF-BoT-IoT,0.25,42,topogcl,103,0.5295354127883911,1,0.5090041160583496,0
NF-BoT-IoT,0.25,42,topogcl,104,0.528601884841919,1,0.5896931886672974,1
NF-BoT-IoT,0.25,42,topogcl,105,0.5254557728767395,1,0.3016314208507538,1
NF-BoT-IoT,0.25,42,topogcl,106,0.5382547974586487,1,0.5090010166168213,1
NF-BoT-IoT,0.25,42,topogcl,107,1.8622808456420898,1,0.9772352576255798,1
NF-BoT-IoT,0.25,42,topogcl,108,0.8080989122390747,0,1.3088958263397217,1
NF-BoT-IoT,0.25,42,topogcl,109,0.5083537101745605,0,0.6746220588684082,0
NF-BoT-IoT,0.25,42,topogcl,110,0.5369862914085388,1,0.22671908140182495,1
NF-BoT-IoT,0.25,42,topogcl,111,0.7384777069091797,1,0.5206915736198425,1
NF-BoT-IoT,0.25,42,topogcl,112,0.5281835198402405,0,0.3677002787590027,1
NF-BoT-IoT,0.25,42,topogcl,113,0.2838042974472046,1,0.4413754343986511,1
NF-BoT-IoT,0.25,42,topogcl,114,0.4593619704246521,1,0.8115065693855286,0
NF-BoT-IoT,0.25,42,topogcl,115,0.5254805684089661,1,0.5458321571350098,1
NF-BoT-IoT,0.25,42,topogcl,116,1.4437633752822876,1,0.5381792187690735,1
NF-BoT-IoT,0.25,42,topogcl,117,0.4117799997329712,1,2.0475354194641113,1
NF-BoT-IoT,0.25,42,topogcl,118,0.5363771319389343,1,0.6312767863273621,0
NF-BoT-IoT,0.25,42,topogcl,119,0.5839252471923828,1,1.4341397285461426,1
NF-BoT-IoT,0.25,42,topogcl,120,0.5553464293479919,1,0.6163955926895142,1
NF-BoT-IoT,0.25,42,topogcl,121,0.9821004867553711,1,0.5537871718406677,1
NF-BoT-IoT,0.25,42,topogcl,122,0.5333080887794495,1,0.9190986752510071,1
NF-BoT-IoT,0.25,42,topogcl,123,0.5533187985420227,0,0.9888850450515747,1
NF-BoT-IoT,0.25,42,topogcl,124,0.9220401048660278,1,0.8622191548347473,0
NF-BoT-IoT,0.25,42,topogcl,125,0.37158164381980896,1,0.22253786027431488,1
NF-BoT-IoT,0.25,42,topogcl,126,0.611376166343689,1,0.9762696027755737,1
NF-BoT-IoT,0.25,42,topogcl,127,0.5302435159683228,1,0.4401858150959015,1
NF-BoT-IoT,0.25,42,topogcl,128,0.835864245891571,0,0.2740420699119568,1
NF-BoT-IoT,0.25,42,topogcl,129,0.4360579252243042,1,0.5255236029624939,1
NF-BoT-IoT,0.25,42,topogcl,130,1.2303516864776611,1,0.8499181270599365,1
NF-BoT-IoT,0.25,42,topogcl,131,0.25017067790031433,0,0.524436354637146,1
NF-BoT-IoT,0.25,42,topogcl,132,0.49893108010292053,1,0.5378219485282898,1
NF-BoT-IoT,0.25,42,topogcl,133,0.25328585505485535,0,1.1259385347366333,1
NF-BoT-IoT,0.25,42,topogcl,134,0.5360621809959412,0,0.5388012528419495,1
NF-BoT-IoT,0.25,42,topogcl,135,0.7747542858123779,1,0.5894043445587158,1
NF-BoT-IoT,0.25,42,topogcl,136,0.5373101234436035,1,0.5533624887466431,0
NF-BoT-IoT,0.25,42,topogcl,137,0.5533354878425598,0,0.5859642028808594,1
NF-BoT-IoT,0.25,42,topogcl,138,0.5926556587219238,0,0.532136857509613,0
NF-BoT-IoT,0.25,42,topogcl,139,0.19407393038272858,0,0.26489531993865967,1
NF-BoT-IoT,0.25,42,topogcl,140,0.6312403082847595,0,0.5296042561531067,1
NF-BoT-IoT,0.25,42,topogcl,141,0.2727121412754059,1,0.596673846244812,0
NF-BoT-IoT,0.25,42,topogcl,142,0.5101922154426575,1,0.5242581963539124,0
NF-BoT-IoT,0.25,42,topogcl,143,0.525592565536499,1,0.9625874161720276,1
NF-BoT-IoT,0.25,42,topogcl,144,1.285422682762146,1,0.6158609986305237,1
NF-BoT-IoT,0.25,42,topogcl,145,0.9592829942703247,1,0.5286494493484497,1
NF-BoT-IoT,0.25,42,topogcl,146,0.5533624887466431,0,1.6371610164642334,1
NF-BoT-IoT,0.25,42,topogcl,147,0.9376055598258972,1,0.36594581604003906,1
NF-BoT-IoT,0.25,42,topogcl,148,0.5321332216262817,0,1.6788244247436523,0
NF-BoT-IoT,0.25,42,topogcl,149,0.535920262336731,1,0.5555174350738525,1
NF-BoT-IoT,0.25,42,topogcl,150,0.22974753379821777,1,0.553196132183075,0
NF-BoT-IoT,0.25,42,topogcl,151,0.5536270141601562,0,0.15679703652858734,0
NF-BoT-IoT,0.25,42,topogcl,152,0.3898472189903259,1,0.5536519885063171,0
NF-BoT-IoT,0.25,42,topogcl,153,0.45968329906463623,1,0.5344576239585876,0
NF-BoT-IoT,0.25,42,topogcl,154,0.6338129639625549,0,0.5463718175888062,1
NF-BoT-IoT,0.25,42,topogcl,155,0.15973076224327087,1,1.0603663921356201,1
NF-BoT-IoT,0.25,42,topogcl,156,0.7344191670417786,1,0.5423558354377747,1
NF-BoT-IoT,0.25,42,topogcl,157,0.5385810732841492,1,0.5402145385742188,1
NF-BoT-IoT,0.25,42,topogcl,158,1.122989296913147,1,1.3990771770477295,1
NF-BoT-IoT,0.25,42,topogcl,159,0.2572307586669922,1,0.5301517248153687,1
NF-BoT-IoT,0.25,42,topogcl,160,0.9707496762275696,1,0.3747296631336212,1
NF-BoT-IoT,0.25,42,topogcl,161,0.3665909767150879,0,0.6246497631072998,1
NF-BoT-IoT,0.25,42,topogcl,162,1.5615943670272827,1,0.6031520962715149,0
NF-BoT-IoT,0.25,42,topogcl,163,0.9463348388671875,1,0.6158616542816162,1
NF-BoT-IoT,0.25,42,topogcl,164,1.0082900524139404,1,0.5301288366317749,1
NF-BoT-IoT,0.25,42,topogcl,165,0.5331404209136963,1,0.5303653478622437,1
NF-BoT-IoT,0.25,42,topogcl,166,1.1557594537734985,1,0.3927270174026489,0
NF-BoT-IoT,0.25,42,topogcl,167,0.9761181473731995,1,0.5254557728767395,1
NF-BoT-IoT,0.25,42,topogcl,168,0.6213725805282593,1,1.6356539726257324,1
NF-BoT-IoT,0.25,42,topogcl,169,0.5162574052810669,0,0.5253232717514038,1
NF-BoT-IoT,0.25,42,topogcl,170,0.43486979603767395,0,0.3653082847595215,0
NF-BoT-IoT,0.25,42,topogcl,171,0.5271427035331726,1,0.719771683216095,1
NF-BoT-IoT,0.25,42,topogcl,172,1.1382052898406982,1,0.9178825616836548,1
NF-BoT-IoT,0.25,42,topogcl,173,1.0526587963104248,1,1.3384901285171509,1
NF-BoT-IoT,0.25,42,topogcl,174,0.5348564982414246,1,0.9637943506240845,1
NF-BoT-IoT,0.25,42,topogcl,175,0.5285434722900391,1,0.1628228724002838,1
NF-BoT-IoT,0.25,42,topogcl,176,0.9166666269302368,1,0.6231244802474976,1
NF-BoT-IoT,0.25,42,topogcl,177,1.0106732845306396,1,0.510584831237793,1
NF-BoT-IoT,0.25,42,topogcl,178,0.24363099038600922,1,0.5536986589431763,1
NF-BoT-IoT,0.25,42,topogcl,179,0.48929545283317566,1,0.25686511397361755,1
NF-BoT-IoT,0.25,42,topogcl,180,0.5296275615692139,1,0.5368706583976746,1
NF-BoT-IoT,0.25,42,topogcl,181,0.5257335305213928,1,0.9917535185813904,1
NF-BoT-IoT,0.25,42,topogcl,182,0.8885509967803955,1,0.43002253770828247,0
NF-BoT-IoT,0.25,42,topogcl,183,0.5059009790420532,1,0.9606103301048279,1
NF-BoT-IoT,0.25,42,topogcl,184,0.9349965453147888,1,0.528292715549469,1
NF-BoT-IoT,0.25,42,topogcl,185,0.5037087202072144,1,0.909972608089447,1
NF-BoT-IoT,0.25,42,topogcl,186,0.9522033333778381,1,0.5946738719940186,1
NF-BoT-IoT,0.25,42,topogcl,187,0.5987769365310669,0,0.5281467437744141,0
NF-BoT-IoT,0.25,42,topogcl,188,0.5084664821624756,1,0.526002824306488,1
NF-BoT-IoT,0.25,42,topogcl,189,0.9771373867988586,1,0.9827484488487244,1
NF-BoT-IoT,0.25,42,topogcl,190,0.23314028978347778,1,0.9931662082672119,1
NF-BoT-IoT,0.25,42,topogcl,191,0.9031761884689331,1,0.6342931389808655,0
NF-BoT-IoT,0.25,42,topogcl,192,0.5880504250526428,0,0.532136857509613,0
NF-BoT-IoT,0.25,42,topogcl,193,0.5439821481704712,1,1.0076760053634644,1
NF-BoT-IoT,0.25,42,topogcl,194,0.8460389375686646,1,0.5315508246421814,1
NF-BoT-IoT,0.25,42,topogcl,195,0.9741538763046265,1,0.738947331905365,0
NF-BoT-IoT,0.25,42,topogcl,196,0.5743399262428284,1,0.5297440886497498,1
NF-BoT-IoT,0.25,42,topogcl,197,0.5328517556190491,1,0.5043752789497375,1
NF-BoT-IoT,0.25,42,topogcl,198,1.0512168407440186,1,0.9291791319847107,1
NF-BoT-IoT,0.25,42,topogcl,199,0.344490647315979,1,1.166757345199585,1
NF-BoT-IoT,0.25,42,topogcl,200,0.48181483149528503,1,0.9705568552017212,1
NF-BoT-IoT,0.25,42,topogcl,201,0.5420027375221252,0,0.5438910722732544,1
NF-BoT-IoT,0.25,42,topogcl,202,0.6161858439445496,1,1.0173488855361938,1
NF-BoT-IoT,0.25,42,topogcl,203,1.0084580183029175,1,0.6134701371192932,1
NF-BoT-IoT,0.25,42,topogcl,204,0.4874080717563629,1,0.24613261222839355,0
NF-BoT-IoT,0.25,42,topogcl,205,0.5396804809570312,0,0.5362131595611572,1
NF-BoT-IoT,0.25,42,topogcl,206,0.5140314698219299,1,0.5239015817642212,0
NF-BoT-IoT,0.25,42,topogcl,207,0.19382281601428986,1,0.5526716113090515,1
NF-BoT-IoT,0.25,42,topogcl,208,1.5109941959381104,1,0.5465792417526245,1
NF-BoT-IoT,0.25,42,topogcl,209,0.6087386012077332,1,0.5039448142051697,1
NF-BoT-IoT,0.25,42,topogcl,210,0.43548107147216797,0,0.5363497138023376,1
NF-BoT-IoT,0.25,42,topogcl,211,0.623121440410614,1,0.19515420496463776,0
NF-BoT-IoT,0.25,42,topogcl,212,0.9975822567939758,1,0.8076956868171692,0
NF-BoT-IoT,0.25,42,topogcl,213,0.5492229461669922,1,0.6817241311073303,1
NF-BoT-IoT,0.25,42,topogcl,214,0.8214523792266846,1,0.5253890156745911,1
NF-BoT-IoT,0.25,42,topogcl,215,1.0473906993865967,1,0.5384672284126282,1
NF-BoT-IoT,0.25,42,topogcl,216,0.5297690629959106,1,0.5511807799339294,1
NF-BoT-IoT,0.25,42,topogcl,217,0.4337348937988281,1,0.25602635741233826,1
NF-BoT-IoT,0.25,42,topogcl,218,0.2293209582567215,1,0.34123045206069946,1
NF-BoT-IoT,0.25,42,topogcl,219,0.5528801083564758,0,0.37299758195877075,1
NF-BoT-IoT,0.25,42,topogcl,220,0.5090007781982422,1,0.9795693755149841,1
NF-BoT-IoT,0.25,42,topogcl,221,0.5963190793991089,1,0.26533445715904236,1
NF-BoT-IoT,0.25,42,topogcl,222,0.5364391803741455,1,0.1259106695652008,1
NF-BoT-IoT,0.25,42,topogcl,223,1.097210168838501,1,0.5413981080055237,1
NF-BoT-IoT,0.25,42,topogcl,224,0.6199818849563599,1,0.4700625538825989,1
NF-BoT-IoT,0.25,42,topogcl,225,0.5300264954566956,1,0.19243524968624115,1
NF-BoT-IoT,0.25,42,topogcl,226,0.24163861572742462,1,1.1018637418746948,1
NF-BoT-IoT,0.25,42,topogcl,227,0.663741946220398,1,0.6839085817337036,1
NF-BoT-IoT,0.25,42,topogcl,228,0.8949207067489624,1,0.6464856266975403,1
NF-BoT-IoT,0.25,42,topogcl,229,1.0736808776855469,1,0.5772563219070435,1
NF-BoT-IoT,0.25,42,topogcl,230,0.5191497802734375,1,0.872911810874939,1
NF-BoT-IoT,0.25,42,topogcl,231,0.5012000203132629,1,0.5356718301773071,1
NF-BoT-IoT,0.25,42,topogcl,232,0.9950311779975891,1,0.5266575217247009,0
NF-BoT-IoT,0.25,42,topogcl,233,0.8173598647117615,0,0.6572530269622803,1
NF-BoT-IoT,0.25,42,topogcl,234,1.0858840942382812,1,0.7865982055664062,1
NF-BoT-IoT,0.25,42,topogcl,235,0.9588150978088379,1,0.2842576503753662,1
NF-BoT-IoT,0.25,42,topogcl,236,0.5533970594406128,1,0.4475840926170349,1
NF-BoT-IoT,0.25,42,topogcl,237,0.5108497142791748,1,0.5422654747962952,1
NF-BoT-IoT,0.25,42,topogcl,238,1.193359136581421,1,0.5300769209861755,1
NF-BoT-IoT,0.25,42,topogcl,239,0.5101106762886047,1,0.6102049946784973,1
NF-BoT-IoT,0.25,42,topogcl,240,0.5090007781982422,0,0.3226096034049988,1
NF-BoT-IoT,0.25,42,topogcl,241,0.44169172644615173,1,0.5828619003295898,0
NF-BoT-IoT,0.25,42,topogcl,242,0.9106047749519348,1,0.45088762044906616,1
NF-BoT-IoT,0.25,42,topogcl,243,0.5239719748497009,0,0.2647068500518799,0
NF-BoT-IoT,0.25,42,topogcl,244,0.5582396984100342,1,0.20505903661251068,1
NF-BoT-IoT,0.25,42,topogcl,245,0.5250711441040039,1,0.5321030020713806,1
NF-BoT-IoT,0.25,42,topogcl,246,0.4928414523601532,1,0.3200828731060028,1
NF-BoT-IoT,0.25,42,topogcl,247,0.5301976203918457,1,0.6308484673500061,1
NF-BoT-IoT,0.25,42,topogcl,248,0.8940773606300354,1,1.9195653200149536,1
NF-BoT-IoT,0.25,42,topogcl,249,0.538910984992981,0,0.23638658225536346,1
NF-BoT-IoT,0.25,42,topogcl,250,0.24667568504810333,1,0.541874885559082,1
NF-BoT-IoT,0.25,42,topogcl,251,0.5386922359466553,1,1.0702048540115356,1
NF-BoT-IoT,0.25,42,topogcl,252,0.413120299577713,1,0.5816071629524231,1
NF-BoT-IoT,0.25,42,topogcl,253,2.0972535610198975,1,0.5238792896270752,1
NF-BoT-IoT,0.25,42,topogcl,254,0.5397368669509888,0,0.5165662169456482,1
NF-BoT-IoT,0.25,42,topogcl,255,0.6807712316513062,1,0.5254976749420166,1
NF-BoT-IoT,0.25,42,topogcl,256,0.37671202421188354,1,2.773589611053467,1
NF-BoT-IoT,0.25,42,topogcl,257,0.2658442556858063,1,0.5735724568367004,1
NF-BoT-IoT,0.25,42,topogcl,258,0.722892701625824,1,0.36958634853363037,1
NF-BoT-IoT,0.25,42,topogcl,259,0.5395031571388245,1,2.5320792198181152,1
NF-BoT-IoT,0.25,42,topogcl,260,0.7476572394371033,1,0.3975845277309418,1
NF-BoT-IoT,0.25,42,topogcl,261,0.3202390670776367,1,0.2683236598968506,1
NF-BoT-IoT,0.25,42,topogcl,262,0.6850133538246155,1,0.9304240345954895,1
NF-BoT-IoT,0.25,42,topogcl,263,0.5532629489898682,0,0.5277087092399597,1
NF-BoT-IoT,0.25,42,topogcl,264,0.5297228097915649,1,0.5285936594009399,1
NF-BoT-IoT,0.25,42,topogcl,265,0.525168776512146,1,0.97075355052948,1
NF-BoT-IoT,0.25,42,topogcl,266,0.3823963701725006,0,0.5368655920028687,1
NF-BoT-IoT,0.25,42,topogcl,267,0.4580499827861786,1,0.3664441406726837,1
NF-BoT-IoT,0.25,42,topogcl,268,0.255128413438797,1,0.5086317658424377,1
NF-BoT-IoT,0.25,42,topogcl,269,0.6166784763336182,1,0.25878632068634033,1
NF-BoT-IoT,0.25,42,topogcl,270,0.6219913363456726,1,1.0377699136734009,1
NF-BoT-IoT,0.25,42,topogcl,271,1.1678736209869385,1,0.45711904764175415,1
NF-BoT-IoT,0.25,42,topogcl,272,0.3877158463001251,1,0.8998091220855713,1
NF-BoT-IoT,0.25,42,topogcl,273,0.5728302597999573,1,0.9420287013053894,1
NF-BoT-IoT,0.25,42,topogcl,274,0.28528815507888794,1,0.5161249041557312,0
NF-BoT-IoT,0.25,42,topogcl,275,1.3604906797409058,1,0.5251950025558472,1
NF-BoT-IoT,0.25,42,topogcl,276,0.24258489906787872,1,1.1815378665924072,1
NF-BoT-IoT,0.25,42,topogcl,277,0.5401480793952942,1,0.5299340486526489,1
NF-BoT-IoT,0.25,42,topogcl,278,0.5978119969367981,1,1.2015081644058228,0
NF-BoT-IoT,0.25,42,topogcl,279,0.49422910809516907,1,0.5086314082145691,0
NF-BoT-IoT,0.25,42,topogcl,280,0.5427865386009216,1,0.3563847243785858,1
NF-BoT-IoT,0.25,42,topogcl,281,0.42381030321121216,0,0.2841810882091522,1
NF-BoT-IoT,0.25,42,topogcl,282,0.9723115563392639,1,0.9244834184646606,1
NF-BoT-IoT,0.25,42,topogcl,283,0.5409952998161316,1,0.5533624887466431,0
NF-BoT-IoT,0.25,42,topogcl,284,0.8855760097503662,1,0.721951425075531,1
NF-BoT-IoT,0.25,42,topogcl,285,0.5270793437957764,1,0.7638423442840576,1
NF-BoT-IoT,0.25,42,topogcl,286,0.6537305116653442,1,0.538823664188385,1
NF-BoT-IoT,0.25,42,topogcl,287,0.5381569862365723,1,0.7351400852203369,1
NF-BoT-IoT,0.25,42,topogcl,288,0.3019188344478607,1,0.5407057404518127,1
NF-BoT-IoT,0.25,42,topogcl,289,0.9026580452919006,1,0.5538865327835083,1
NF-BoT-IoT,0.25,42,topogcl,290,0.5296976566314697,1,0.8440454006195068,0
NF-BoT-IoT,0.25,42,topogcl,291,1.4123553037643433,1,0.5362759828567505,1
NF-BoT-IoT,0.25,42,topogcl,292,0.5307716727256775,1,0.6946008205413818,1
NF-BoT-IoT,0.25,42,topogcl,293,0.5551575422286987,1,0.9929038882255554,1
NF-BoT-IoT,0.25,42,topogcl,294,0.6357126832008362,1,0.2066071778535843,1
NF-BoT-IoT,0.25,42,topogcl,295,0.5300264954566956,1,0.49977046251296997,1
NF-BoT-IoT,0.25,42,topogcl,296,1.1677414178848267,1,0.27404356002807617,1
NF-BoT-IoT,0.25,42,topogcl,297,0.9172198176383972,1,0.6424049735069275,1
NF-BoT-IoT,0.25,42,topogcl,298,0.5145301222801208,1,0.558568000793457,1
NF-BoT-IoT,0.25,42,topogcl,299,0.5778159499168396,1,0.5198407769203186,1
NF-BoT-IoT,0.25,42,topogcl,300,0.5294420719146729,1,0.26114779710769653,1
NF-BoT-IoT,0.25,42,topogcl,301,0.9313443303108215,1,0.179287388920784,1
NF-BoT-IoT,0.25,42,topogcl,302,0.5357266068458557,1,0.523811936378479,1
NF-BoT-IoT,0.25,42,topogcl,303,0.5303652882575989,1,0.5302665829658508,1
NF-BoT-IoT,0.25,42,topogcl,304,0.5838789343833923,0,0.5419158339500427,1
NF-BoT-IoT,0.25,42,topogcl,305,0.5294210314750671,0,0.9292658567428589,1
NF-BoT-IoT,0.25,42,topogcl,306,1.4973422288894653,1,0.4379073977470398,0
NF-BoT-IoT,0.25,42,topogcl,307,1.1519402265548706,1,3.27933669090271,1
NF-BoT-IoT,0.25,42,topogcl,308,0.9701368808746338,1,1.3214010000228882,1
NF-BoT-IoT,0.25,42,topogcl,309,1.052991509437561,1,0.5367597341537476,1
NF-BoT-IoT,0.25,42,topogcl,310,0.2647583782672882,1,0.9608169198036194,1
NF-BoT-IoT,0.25,42,topogcl,311,0.5342057347297668,1,2.6545019149780273,1
NF-BoT-IoT,0.25,42,topogcl,312,0.8452794551849365,1,0.5930448770523071,1
NF-BoT-IoT,0.25,42,topogcl,313,1.0126886367797852,1,0.9621760249137878,1
NF-BoT-IoT,0.25,42,topogcl,314,0.5321332216262817,0,0.5296508073806763,1
NF-BoT-IoT,0.25,42,topogcl,315,0.5358882546424866,1,0.634979248046875,1
NF-BoT-IoT,0.25,42,topogcl,316,0.8295080661773682,1,0.5430287718772888,1
NF-BoT-IoT,0.25,42,topogcl,317,0.6004994511604309,0,0.34454208612442017,0
NF-BoT-IoT,0.25,42,topogcl,318,0.6264331340789795,0,0.5365119576454163,1
NF-BoT-IoT,0.25,42,topogcl,319,0.6932322382926941,0,0.476659893989563,1
NF-BoT-IoT,0.25,42,topogcl,320,0.6649183034896851,1,0.5536884665489197,1
NF-BoT-IoT,0.25,42,topogcl,321,0.5361237525939941,1,0.4585706293582916,1
NF-BoT-IoT,0.25,42,topogcl,322,0.9107520580291748,1,0.9115859270095825,1
NF-BoT-IoT,0.25,42,topogcl,323,0.6450168490409851,1,0.5701709985733032,1
NF-BoT-IoT,0.25,42,topogcl,324,0.9513170123100281,1,0.5464563369750977,0
NF-BoT-IoT,0.25,42,topogcl,325,0.529838502407074,1,0.89348965883255,1
NF-BoT-IoT,0.25,42,topogcl,326,0.6650446653366089,1,0.8736780881881714,1
NF-BoT-IoT,0.25,42,topogcl,327,0.7721014618873596,1,0.5252586603164673,1
NF-BoT-IoT,0.25,42,topogcl,328,0.542422354221344,1,0.8231355547904968,1
NF-BoT-IoT,0.25,42,topogcl,329,0.5846849679946899,1,0.2793492376804352,1
NF-BoT-IoT,0.25,42,topogcl,330,0.40355026721954346,1,0.7761473655700684,0
NF-BoT-IoT,0.25,42,topogcl,331,0.5297672748565674,0,0.42188161611557007,1
NF-BoT-IoT,0.25,42,topogcl,332,0.2755657732486725,0,0.5980789065361023,1
NF-BoT-IoT,0.25,42,topogcl,333,0.9454225897789001,1,0.545212984085083,1
NF-BoT-IoT,0.25,42,topogcl,334,0.9579586386680603,1,0.24616602063179016,1
NF-BoT-IoT,0.25,42,topogcl,335,0.541155993938446,1,0.5301337838172913,0
NF-BoT-IoT,0.25,42,topogcl,336,0.5258716344833374,1,0.6042143106460571,1
NF-BoT-IoT,0.25,42,topogcl,337,0.2523299753665924,1,0.5331396460533142,1
NF-BoT-IoT,0.25,42,topogcl,338,0.5600308775901794,1,0.5874781012535095,1
NF-BoT-IoT,0.25,42,topogcl,339,0.6033451557159424,0,0.5090718269348145,1
NF-BoT-IoT,0.25,42,topogcl,340,0.9355595707893372,1,0.3954814672470093,1
NF-BoT-IoT,0.25,42,topogcl,341,0.5305313467979431,1,2.017220973968506,1
NF-BoT-IoT,0.25,42,topogcl,342,0.5283409357070923,1,0.5436504483222961,1
NF-BoT-IoT,0.25,42,topogcl,343,0.8100341558456421,0,0.25174427032470703,1
NF-BoT-IoT,0.25,42,topogcl,344,0.5071794986724854,1,0.5400658249855042,1
NF-BoT-IoT,0.25,42,topogcl,345,0.5432108640670776,1,0.5097881555557251,0
NF-BoT-IoT,0.25,42,topogcl,346,0.5606848001480103,1,0.5379531979560852,1
NF-BoT-IoT,0.25,42,topogcl,347,0.591114342212677,1,0.46474987268447876,1
NF-BoT-IoT,0.25,42,topogcl,348,0.41238099336624146,1,0.5321332216262817,0
NF-BoT-IoT,0.25,42,topogcl,349,0.18095503747463226,1,0.4252558648586273,1
NF-BoT-IoT,0.25,42,topogcl,350,0.5461986064910889,1,0.5297207832336426,1
NF-BoT-IoT,0.25,42,topogcl,351,0.528667688369751,1,0.5094783902168274,1
NF-BoT-IoT,0.25,42,topogcl,352,0.2561410665512085,1,0.8449762463569641,1
NF-BoT-IoT,0.25,42,topogcl,353,0.5208786725997925,0,0.8999530673027039,1
NF-BoT-IoT,0.25,42,topogcl,354,0.4934762418270111,1,0.7077211141586304,0
NF-BoT-IoT,0.25,42,topogcl,355,1.3838080167770386,1,0.5422916412353516,1
NF-BoT-IoT,0.25,42,topogcl,356,0.31373000144958496,1,0.5254501700401306,1
NF-BoT-IoT,0.25,42,topogcl,357,0.5464916229248047,1,0.5394535064697266,1
NF-BoT-IoT,0.25,42,topogcl,358,0.6615795493125916,0,0.9059900641441345,1
NF-BoT-IoT,0.25,42,topogcl,359,0.5325332880020142,1,0.5358179807662964,1
NF-BoT-IoT,0.25,42,topogcl,360,0.2689815163612366,1,0.430856317281723,1
NF-BoT-IoT,0.25,42,topogcl,361,1.038862705230713,1,0.5164564251899719,1
NF-BoT-IoT,0.25,42,topogcl,362,0.538910984992981,1,0.5127386450767517,1
NF-BoT-IoT,0.25,42,topogcl,363,0.5536516308784485,0,0.5203744173049927,1
NF-BoT-IoT,0.25,42,topogcl,364,0.8414116501808167,0,0.5296743512153625,1
NF-BoT-IoT,0.25,42,topogcl,365,0.29401978850364685,1,0.5829981565475464,1
NF-BoT-IoT,0.25,42,topogcl,366,1.3628427982330322,1,2.248887777328491,1
NF-BoT-IoT,0.25,42,topogcl,367,0.6921894550323486,1,0.533710241317749,1
NF-BoT-IoT,0.25,42,topogcl,368,0.5424515008926392,1,2.0040283203125,1
NF-BoT-IoT,0.25,42,topogcl,369,0.21581578254699707,1,0.5397353172302246,1
NF-BoT-IoT,0.25,42,topogcl,370,0.6199212670326233,1,0.9597277045249939,1
NF-BoT-IoT,0.25,42,topogcl,371,0.41462835669517517,1,0.24256768822669983,1
NF-BoT-IoT,0.25,42,topogcl,372,0.8575942516326904,1,0.26475533843040466,1
NF-BoT-IoT,0.25,42,topogcl,373,0.5365209579467773,1,0.5396416187286377,1
NF-BoT-IoT,0.25,42,topogcl,374,0.6337966918945312,0,0.530220627784729,1
NF-BoT-IoT,0.25,42,topogcl,375,0.34396275877952576,1,0.509046196937561,0
NF-BoT-IoT,0.25,42,topogcl,376,1.1269779205322266,1,1.0542504787445068,1
NF-BoT-IoT,0.25,42,topogcl,377,0.9134572148323059,1,0.2612230181694031,1
NF-BoT-IoT,0.25,42,topogcl,378,0.6029446125030518,1,0.5290175676345825,1
NF-BoT-IoT,0.25,42,topogcl,379,0.5386617183685303,1,1.415225863456726,1
NF-BoT-IoT,0.25,42,topogcl,380,0.679350733757019,1,0.2508913576602936,1
NF-BoT-IoT,0.25,42,topogcl,381,0.7817033529281616,1,0.5280194878578186,0
NF-BoT-IoT,0.25,42,topogcl,382,2.021237850189209,1,1.5265206098556519,1
NF-BoT-IoT,0.25,42,topogcl,383,1.074566125869751,1,0.5755748748779297,1
NF-BoT-IoT,0.25,42,topogcl,384,0.595907986164093,1,0.8090273141860962,1
NF-BoT-IoT,0.25,42,topogcl,385,0.9479238986968994,1,0.5535395741462708,0
NF-BoT-IoT,0.25,42,topogcl,386,0.4952552318572998,0,0.5379732251167297,1
NF-BoT-IoT,0.25,42,topogcl,387,0.6416455507278442,1,0.5250711441040039,1
NF-BoT-IoT,0.25,42,topogcl,388,0.5293310284614563,1,0.7316503524780273,1
NF-BoT-IoT,0.25,42,topogcl,389,1.054050087928772,1,1.1621489524841309,1
NF-BoT-IoT,0.25,42,topogcl,390,0.42649155855178833,0,0.5681952238082886,1
NF-BoT-IoT,0.25,42,topogcl,391,0.5279536843299866,1,0.6323859691619873,1
NF-BoT-IoT,0.25,42,topogcl,392,0.17902055382728577,0,0.28031036257743835,1
NF-BoT-IoT,0.25,42,topogcl,393,0.5397368669509888,0,0.8951572179794312,1
NF-BoT-IoT,0.25,42,topogcl,394,0.3378283381462097,0,0.5302206873893738,1
NF-BoT-IoT,0.25,42,topogcl,395,0.5078288316726685,1,0.530174732208252,1
NF-BoT-IoT,0.25,42,topogcl,396,0.5205656290054321,1,1.00315523147583,1
NF-BoT-IoT,0.25,42,topogcl,397,0.5117870569229126,1,0.5363288521766663,1
NF-BoT-IoT,0.25,42,topogcl,398,0.5297858119010925,1,0.5401003956794739,1
NF-BoT-IoT,0.25,42,topogcl,399,0.5601987838745117,1,0.49987754225730896,1
NF-BoT-IoT,0.25,42,topogcl,400,0.9735984206199646,1,1.067547082901001,1
NF-BoT-IoT,0.25,42,topogcl,401,0.4053969085216522,1,0.5533624887466431,0
NF-BoT-IoT,0.25,42,topogcl,402,1.1065711975097656,1,0.6974261999130249,1
NF-BoT-IoT,0.25,42,topogcl,403,0.9814592003822327,1,1.2096022367477417,1
NF-BoT-IoT,0.25,42,topogcl,404,0.5887137651443481,1,1.054496169090271,1
NF-BoT-IoT,0.25,42,topogcl,405,0.4610091745853424,0,0.5014171600341797,1
NF-BoT-IoT,0.25,42,topogcl,406,0.24238221347332,1,0.5360792279243469,1
NF-BoT-IoT,0.25,42,topogcl,407,0.9270862340927124,1,0.528231680393219,1
NF-BoT-IoT,0.25,42,topogcl,408,0.20347534120082855,1,0.5358650088310242,1
NF-BoT-IoT,0.25,42,topogcl,409,0.5091461539268494,1,1.1261510848999023,1
NF-BoT-IoT,0.25,42,topogcl,410,0.9430592656135559,1,0.27103134989738464,1
NF-BoT-IoT,0.25,42,topogcl,411,0.2729276120662689,1,0.5625821352005005,1
NF-BoT-IoT,0.25,42,topogcl,412,0.3448329269886017,0,0.5736825466156006,1
NF-BoT-IoT,0.25,42,topogcl,413,0.9439263939857483,1,0.5183396339416504,1
NF-BoT-IoT,0.25,42,topogcl,414,0.5258615612983704,1,0.5357266068458557,1
NF-BoT-IoT,0.25,42,topogcl,415,0.6694557070732117,1,0.5618998408317566,1
NF-BoT-IoT,0.25,42,topogcl,416,0.4591827094554901,0,0.9881933331489563,1
NF-BoT-IoT,0.25,42,topogcl,417,0.28400012850761414,0,0.6818657517433167,1
NF-BoT-IoT,0.25,42,topogcl,418,0.9246044754981995,1,0.5090007781982422,1
NF-BoT-IoT,0.25,42,topogcl,419,0.5384379029273987,1,0.3624410629272461,0
NF-BoT-IoT,0.25,42,topogcl,420,0.5383183360099792,1,0.3269021213054657,1
NF-BoT-IoT,0.25,42,topogcl,421,1.4773931503295898,1,0.5360659956932068,1
NF-BoT-IoT,0.25,42,topogcl,422,0.5339306592941284,1,0.9619014859199524,1
NF-BoT-IoT,0.25,42,topogcl,423,0.8465455174446106,1,0.755547046661377,1
NF-BoT-IoT,0.25,42,topogcl,424,0.963022768497467,1,0.681530237197876,1
NF-BoT-IoT,0.25,42,topogcl,425,0.529350757598877,1,0.7305894494056702,1
NF-BoT-IoT,0.25,42,topogcl,426,0.9353578686714172,1,0.5290799736976624,1
NF-BoT-IoT,0.25,42,topogcl,427,0.5832321643829346,1,0.5359129309654236,1
NF-BoT-IoT,0.25,42,topogcl,428,0.6323251128196716,1,0.5536516308784485,0
NF-BoT-IoT,0.25,42,topogcl,429,1.5569567680358887,1,0.5281574130058289,0
NF-BoT-IoT,0.25,42,topogcl,430,0.6754139065742493,1,0.9327375888824463,1
NF-BoT-IoT,0.25,42,topogcl,431,2.217684030532837,1,1.3966716527938843,1
NF-BoT-IoT,0.25,42,topogcl,432,0.5423750877380371,1,0.5520296096801758,1
NF-BoT-IoT,0.25,42,topogcl,433,0.7932393550872803,1,0.6108046174049377,1
NF-BoT-IoT,0.25,42,topogcl,434,0.9301081895828247,1,1.0220718383789062,1
NF-BoT-IoT,0.25,42,topogcl,435,0.4345429241657257,1,1.0434927940368652,1
NF-BoT-IoT,0.25,42,topogcl,436,0.23458193242549896,1,0.5395056009292603,1
NF-BoT-IoT,0.25,42,topogcl,437,0.5726630687713623,1,0.5553815364837646,1
NF-BoT-IoT,0.25,42,topogcl,438,0.532136857509613,0,0.2521543502807617,1
NF-BoT-IoT,0.25,42,topogcl,439,0.4379459619522095,0,1.1512421369552612,1
NF-BoT-IoT,0.25,42,topogcl,440,0.2002294510602951,1,0.529350757598877,1
NF-BoT-IoT,0.25,42,topogcl,441,0.5814693570137024,1,0.6957145929336548,1
NF-BoT-IoT,0.25,42,topogcl,442,0.440686970949173,0,0.3326753079891205,0
NF-BoT-IoT,0.25,42,topogcl,443,0.42748764157295227,0,0.5222873091697693,1
NF-BoT-IoT,0.25,42,topogcl,444,0.3916853368282318,0,0.8909025192260742,1
NF-BoT-IoT,0.25,42,topogcl,445,0.4307176172733307,1,0.986832320690155,1
NF-BoT-IoT,0.25,42,topogcl,446,1.1064356565475464,1,0.5333790183067322,1
NF-BoT-IoT,0.25,42,topogcl,447,0.9345758557319641,1,0.9133260846138,1
NF-BoT-IoT,0.25,42,topogcl,448,0.539736807346344,1,0.5090005397796631,1
NF-BoT-IoT,0.25,42,topogcl,449,0.9678242206573486,1,0.5374762415885925,1
NF-BoT-IoT,0.25,42,topogcl,450,0.438198983669281,0,0.5730544328689575,1
NF-BoT-IoT,0.25,42,topogcl,451,0.5671085119247437,1,0.5280375480651855,1
NF-BoT-IoT,0.25,42,topogcl,452,0.5018006563186646,1,0.6470293998718262,1
NF-BoT-IoT,0.25,42,topogcl,453,0.8334025144577026,1,0.28395646810531616,1
NF-BoT-IoT,0.25,42,topogcl,454,0.7262870669364929,1,0.2649870812892914,1
NF-BoT-IoT,0.25,42,topogcl,455,0.19945764541625977,1,0.10101333260536194,1
NF-BoT-IoT,0.25,42,topogcl,456,0.853631317615509,1,0.5264861583709717,0
NF-BoT-IoT,0.25,42,topogcl,457,0.24957309663295746,1,0.1891171783208847,1
NF-BoT-IoT,0.25,42,topogcl,458,1.049334168434143,1,0.5354501605033875,1
NF-BoT-IoT,0.25,42,topogcl,459,0.5290839672088623,1,0.805496096611023,1
NF-BoT-IoT,0.25,42,topogcl,460,0.841028094291687,0,0.5365952849388123,0
NF-BoT-IoT,0.25,42,topogcl,461,1.1009511947631836,1,0.6336966753005981,0
NF-BoT-IoT,0.25,42,topogcl,462,0.5039196610450745,1,0.519670307636261,0
NF-BoT-IoT,0.25,42,topogcl,463,1.8831626176834106,1,0.5295587182044983,1
NF-BoT-IoT,0.25,42,topogcl,464,0.9801904559135437,1,0.533671498298645,1
NF-BoT-IoT,0.25,42,topogcl,465,1.1123709678649902,1,0.9131185412406921,1
NF-BoT-IoT,0.25,42,topogcl,466,0.5593749284744263,1,0.5302965044975281,0
NF-BoT-IoT,0.25,42,topogcl,467,0.7546396255493164,1,0.5974050760269165,1
NF-BoT-IoT,0.25,42,topogcl,468,0.7121968269348145,1,0.5052094459533691,0
NF-BoT-IoT,0.25,42,topogcl,469,0.9753453731536865,1,0.2571486830711365,1
NF-BoT-IoT,0.25,42,topogcl,470,0.5254913568496704,1,0.2959892153739929,0
NF-BoT-IoT,0.25,42,topogcl,471,0.4948671758174896,1,0.5868903994560242,0
NF-BoT-IoT,0.25,42,topogcl,472,0.5347742438316345,1,0.25547346472740173,0
NF-BoT-IoT,0.25,42,topogcl,473,0.2379845678806305,1,3.8644371032714844,1
NF-BoT-IoT,0.25,42,topogcl,474,0.9174638986587524,1,0.8767074942588806,1
NF-BoT-IoT,0.25,42,topogcl,475,0.5821743011474609,1,0.5542577505111694,1
NF-BoT-IoT,0.25,42,topogcl,476,0.20171239972114563,1,0.26490044593811035,1
NF-BoT-IoT,0.25,42,topogcl,477,0.5325957536697388,0,0.5269569158554077,1
NF-BoT-IoT,0.25,42,topogcl,478,0.39873960614204407,0,0.5381105542182922,1
NF-BoT-IoT,0.25,42,topogcl,479,0.6344041228294373,0,0.5340080261230469,1
NF-BoT-IoT,0.25,42,topogcl,480,0.9204365611076355,1,0.624924898147583,1
NF-BoT-IoT,0.25,42,topogcl,481,0.6342495679855347,0,0.7082973718643188,1
NF-BoT-IoT,0.25,42,topogcl,482,0.5536516308784485,0,0.9502755999565125,1
NF-BoT-IoT,0.25,42,topogcl,483,0.5298384428024292,1,0.7987624406814575,1
NF-BoT-IoT,0.25,42,topogcl,484,0.42330700159072876,0,0.3289819657802582,1
NF-BoT-IoT,0.25,42,topogcl,485,1.2305346727371216,1,0.31383490562438965,0
NF-BoT-IoT,0.25,42,topogcl,486,0.436609148979187,0,0.2823777496814728,1
NF-BoT-IoT,0.25,42,topogcl,487,0.9936860799789429,1,1.0489150285720825,1
NF-BoT-IoT,0.25,42,topogcl,488,1.821427822113037,1,0.6697199940681458,0
NF-BoT-IoT,0.25,42,topogcl,489,0.4329441785812378,1,0.7870934009552002,1
NF-BoT-IoT,0.25,42,topogcl,490,0.5537497997283936,0,0.1723526269197464,0
NF-BoT-IoT,0.25,42,topogcl,491,0.988190770149231,1,0.4473230838775635,0
NF-BoT-IoT,0.25,42,topogcl,492,0.6388399600982666,1,0.5801810026168823,1
NF-BoT-IoT,0.25,42,topogcl,493,0.5360115170478821,1,0.5344213247299194,1
NF-BoT-IoT,0.25,42,topogcl,494,0.5197909474372864,0,0.43210655450820923,0
NF-BoT-IoT,0.25,42,topogcl,495,0.3706626296043396,1,0.26477035880088806,0
NF-BoT-IoT,0.25,42,topogcl,496,0.5712794661521912,1,0.4411512613296509,1
NF-BoT-IoT,0.25,42,topogcl,497,0.5530168414115906,1,0.9401442408561707,1
NF-BoT-IoT,0.25,42,topogcl,498,0.6307122707366943,1,1.240498423576355,0
NF-BoT-IoT,0.25,42,topogcl,499,0.2838997542858124,1,0.5397368669509888,1
NF-BoT-IoT,0.25,42,topogcl,500,0.9311956167221069,1,0.5375267267227173,1
NF-BoT-IoT,0.25,42,topogcl,501,1.0952328443527222,1,1.050977110862732,1
NF-BoT-IoT,0.25,42,topogcl,502,0.5668529272079468,1,0.3028048872947693,1
NF-BoT-IoT,0.25,42,topogcl,503,0.10872619599103928,1,0.8535123467445374,1
NF-BoT-IoT,0.25,42,topogcl,504,0.9008553624153137,1,0.5681698322296143,1
NF-BoT-IoT,0.25,42,topogcl,505,0.5424458384513855,1,0.606991708278656,1
NF-BoT-IoT,0.25,42,topogcl,506,0.5254501700401306,1,0.42622110247612,1
NF-BoT-IoT,0.25,42,topogcl,507,0.5326478481292725,1,0.26467299461364746,1
NF-BoT-IoT,0.25,42,topogcl,508,0.42649102210998535,0,0.6724199652671814,1
NF-BoT-IoT,0.25,42,topogcl,509,1.7553038597106934,1,0.5391561388969421,1
NF-BoT-IoT,0.25,42,topogcl,510,0.5422840118408203,1,0.7235437035560608,1
NF-BoT-IoT,0.25,42,topogcl,511,2.3624565601348877,1,0.23419912159442902,1
NF-BoT-IoT,0.25,42,topogcl,512,0.5251793265342712,1,0.5395757555961609,1
NF-BoT-IoT,0.25,42,topogcl,513,0.5321332216262817,0,0.5290839076042175,1
NF-BoT-IoT,0.25,42,topogcl,514,0.562602162361145,1,0.21669937670230865,1
NF-BoT-IoT,0.25,42,topogcl,515,0.6003220677375793,0,0.5292606949806213,1
NF-BoT-IoT,0.25,42,topogcl,516,1.162857174873352,1,0.5394938588142395,1
NF-BoT-IoT,0.25,42,topogcl,517,0.8769263029098511,1,0.923475980758667,1
NF-BoT-IoT,0.25,42,topogcl,518,0.5395472049713135,0,0.22734883427619934,1
NF-BoT-IoT,0.25,42,topogcl,519,0.5359617471694946,1,1.014281153678894,1
NF-BoT-IoT,0.25,42,topogcl,520,0.6783819198608398,1,0.5851863622665405,1
NF-BoT-IoT,0.25,42,topogcl,521,0.5302507281303406,1,0.9930213093757629,1
NF-BoT-IoT,0.25,42,topogcl,522,0.2765132784843445,1,0.5250711441040039,0
NF-BoT-IoT,0.25,42,topogcl,523,0.6153717041015625,1,0.5090005397796631,0
NF-BoT-IoT,0.25,42,topogcl,524,1.8958858251571655,1,0.49356377124786377,1
NF-BoT-IoT,0.25,42,topogcl,525,0.5296280980110168,1,0.9059008955955505,1
NF-BoT-IoT,0.25,42,topogcl,526,1.6789110898971558,0,0.7582043409347534,1
NF-BoT-IoT,0.25,42,topogcl,527,0.5284624695777893,1,0.5303422808647156,1
NF-BoT-IoT,0.25,42,topogcl,528,0.6436139345169067,1,0.9077662825584412,1
NF-BoT-IoT,0.25,42,topogcl,529,0.26202601194381714,0,0.288082093000412,1
NF-BoT-IoT,0.25,42,topogcl,530,0.5055279731750488,1,0.6425682306289673,1
NF-BoT-IoT,0.25,42,topogcl,531,0.5440595746040344,1,0.4253314137458801,1
NF-BoT-IoT,0.25,42,topogcl,532,0.4691019654273987,1,0.5397582650184631,1
NF-BoT-IoT,0.25,42,topogcl,533,1.1587187051773071,1,0.37388351559638977,0
NF-BoT-IoT,0.25,42,topogcl,534,0.6383777856826782,1,0.16599024832248688,1
NF-BoT-IoT,0.25,42,topogcl,535,1.155078411102295,1,0.5527014136314392,0
NF-BoT-IoT,0.25,42,topogcl,536,1.6778697967529297,0,0.47200337052345276,1
NF-BoT-IoT,0.25,42,topogcl,537,0.5286207795143127,1,0.7388886213302612,1
NF-BoT-IoT,0.25,42,topogcl,538,1.05068039894104,1,0.536070704460144,1
NF-BoT-IoT,0.25,42,topogcl,539,0.6174404621124268,1,0.5387201309204102,1
NF-BoT-IoT,0.25,42,topogcl,540,0.5258232951164246,1,0.5252971649169922,1
NF-BoT-IoT,0.25,42,topogcl,541,0.6818626523017883,1,0.9431692957878113,1
NF-BoT-IoT,0.25,42,topogcl,542,0.8200038075447083,0,0.331228107213974,1
NF-BoT-IoT,0.25,42,topogcl,543,0.3208054304122925,1,0.9164190888404846,1
NF-BoT-IoT,0.25,42,topogcl,544,0.5254046320915222,1,0.3884223997592926,1
NF-BoT-IoT,0.25,42,topogcl,545,0.543856143951416,1,0.8065956234931946,1
NF-BoT-IoT,0.25,42,topogcl,546,0.5397368669509888,1,1.4961549043655396,1
NF-BoT-IoT,0.25,42,topogcl,547,0.16192200779914856,1,0.9569341540336609,1
NF-BoT-IoT,0.25,42,topogcl,548,0.6753632426261902,1,0.6459958553314209,1
NF-BoT-IoT,0.25,42,topogcl,549,0.24271260201931,1,0.9823014140129089,1
NF-BoT-IoT,0.25,42,topogcl,550,0.33678051829338074,1,0.9350999593734741,1
NF-BoT-IoT,0.25,42,topogcl,551,1.4197499752044678,1,0.6427094340324402,1
NF-BoT-IoT,0.25,42,topogcl,552,0.149982750415802,0,0.6132807731628418,1
NF-BoT-IoT,0.25,42,topogcl,553,1.666179895401001,0,0.23943190276622772,1
NF-BoT-IoT,0.25,42,topogcl,554,0.7032048106193542,1,0.9708544015884399,1
NF-BoT-IoT,0.25,42,topogcl,555,0.5436943173408508,1,0.3299122452735901,0
NF-BoT-IoT,0.25,42,topogcl,556,0.9618907570838928,1,0.6221547722816467,0
NF-BoT-IoT,0.25,42,topogcl,557,1.1944568157196045,1,0.43819355964660645,0
NF-BoT-IoT,0.25,42,topogcl,558,0.41959673166275024,1,0.15322254598140717,1
NF-BoT-IoT,0.25,42,topogcl,559,0.6144852638244629,1,0.8842983841896057,1
NF-BoT-IoT,0.25,42,topogcl,560,0.662013828754425,0,1.1368708610534668,1
NF-BoT-IoT,0.25,42,topogcl,561,0.4805658459663391,0,1.1831326484680176,1
NF-BoT-IoT,0.25,42,topogcl,562,0.5276365280151367,1,0.4566813111305237,0
NF-BoT-IoT,0.25,42,topogcl,563,0.6534227728843689,1,0.5300904512405396,0
NF-BoT-IoT,0.25,42,topogcl,564,1.5462733507156372,1,1.4429627656936646,1
NF-BoT-IoT,0.25,42,topogcl,565,1.1304231882095337,1,0.45730793476104736,1
NF-BoT-IoT,0.25,42,topogcl,566,0.602258026599884,0,0.8256946206092834,0
NF-BoT-IoT,0.25,42,topogcl,567,0.5250711441040039,1,0.18237890303134918,1
NF-BoT-IoT,0.25,42,topogcl,568,1.1245230436325073,1,1.9745047092437744,1
NF-BoT-IoT,0.25,42,topogcl,569,0.5252229571342468,1,0.5977919697761536,0
NF-BoT-IoT,0.25,42,topogcl,570,0.5295330882072449,1,0.8442745208740234,1
NF-BoT-IoT,0.25,42,topogcl,571,0.5400667786598206,1,0.5535857677459717,1
NF-BoT-IoT,0.25,42,topogcl,572,0.5090726613998413,1,1.0511811971664429,1
NF-BoT-IoT,0.25,42,topogcl,573,0.9842427968978882,1,0.9447776079177856,1
NF-BoT-IoT,0.25,42,topogcl,574,0.9718024730682373,1,0.5251325964927673,1
NF-BoT-IoT,0.25,42,topogcl,575,0.5392966866493225,1,1.1863209009170532,1
NF-BoT-IoT,0.25,42,topogcl,576,0.5250711441040039,1,0.3049246668815613,1
NF-BoT-IoT,0.25,42,topogcl,577,0.3968098759651184,1,0.5363287925720215,1
NF-BoT-IoT,0.25,42,topogcl,578,0.5376943349838257,1,0.6282444596290588,0
NF-BoT-IoT,0.25,42,topogcl,579,0.5281835198402405,1,0.2842440903186798,1
NF-BoT-IoT,0.25,42,topogcl,580,0.6978287100791931,1,0.48640522360801697,1
NF-BoT-IoT,0.25,42,topogcl,581,0.5036391615867615,1,0.1989760547876358,1
NF-BoT-IoT,0.25,42,topogcl,582,1.131486415863037,1,0.19800028204917908,1
NF-BoT-IoT,0.25,42,topogcl,583,0.4553788900375366,1,0.543234646320343,1
NF-BoT-IoT,0.25,42,topogcl,584,0.2709770202636719,1,0.5091458559036255,0
NF-BoT-IoT,0.25,42,topogcl,585,0.5399600267410278,1,0.25974658131599426,1
NF-BoT-IoT,0.25,42,topogcl,586,0.5090007781982422,1,0.5234863758087158,1
NF-BoT-IoT,0.25,42,topogcl,587,0.18305440247058868,1,0.7055332064628601,1
NF-BoT-IoT,0.25,42,topogcl,588,0.4302743971347809,1,0.57303786277771,1
NF-BoT-IoT,0.25,42,topogcl,589,0.537273645401001,0,0.4610620439052582,1
NF-BoT-IoT,0.25,42,topogcl,590,0.6008773446083069,0,0.7811791300773621,1
NF-BoT-IoT,0.25,42,topogcl,591,0.5540491938591003,1,0.5297672152519226,1
NF-BoT-IoT,0.25,42,topogcl,592,0.5469900369644165,0,0.39643144607543945,1
NF-BoT-IoT,0.25,42,topogcl,593,0.20849524438381195,1,0.5969347357749939,1
NF-BoT-IoT,0.25,42,topogcl,594,0.2886156737804413,1,0.5659167766571045,1
NF-BoT-IoT,0.25,42,topogcl,595,0.4255107641220093,0,1.0430116653442383,1
NF-BoT-IoT,0.25,42,topogcl,596,0.35817751288414,0,0.5535395741462708,0
NF-BoT-IoT,0.25,42,topogcl,597,0.14142882823944092,1,0.3037922978401184,1
NF-BoT-IoT,0.25,42,topogcl,598,0.9831746816635132,1,0.581192135810852,1
NF-BoT-IoT,0.25,42,topogcl,599,0.6068783402442932,0,0.32053083181381226,1
NF-BoT-IoT,0.25,42,topogcl,600,0.5031246542930603,0,1.1557948589324951,0
NF-BoT-IoT,0.25,42,topogcl,601,0.9873886108398438,1,0.532136857509613,0
NF-BoT-IoT,0.25,42,topogcl,602,0.8181250095367432,1,0.44079405069351196,1
NF-BoT-IoT,0.25,42,topogcl,603,0.36096498370170593,1,1.0474859476089478,1
NF-BoT-IoT,0.25,42,topogcl,604,0.590352475643158,1,1.2919925451278687,1
NF-BoT-IoT,0.25,42,topogcl,605,2.4334325790405273,1,0.980131208896637,1
NF-BoT-IoT,0.25,42,topogcl,606,1.5653200149536133,1,0.4273507595062256,1
NF-BoT-IoT,0.25,42,topogcl,607,0.38637498021125793,1,0.5438711047172546,1
NF-BoT-IoT,0.25,42,topogcl,608,0.2518196105957031,1,0.8326084017753601,0
NF-BoT-IoT,0.25,42,topogcl,609,0.5002451539039612,1,0.5379171371459961,1
NF-BoT-IoT,0.25,42,topogcl,610,1.6791993379592896,1,0.7245150804519653,1
NF-BoT-IoT,0.25,42,topogcl,611,0.6273621916770935,1,0.5513678789138794,1
NF-BoT-IoT,0.25,42,topogcl,612,0.6010843515396118,1,0.4459570646286011,0
NF-BoT-IoT,0.25,42,topogcl,613,2.063169002532959,1,0.5321332216262817,0
NF-BoT-IoT,0.25,42,topogcl,614,0.7420027852058411,1,0.4907945692539215,1
NF-BoT-IoT,0.25,42,topogcl,615,1.766892910003662,1,0.5093235373497009,1
NF-BoT-IoT,0.25,42,topogcl,616,0.583642840385437,1,0.8364441394805908,1
NF-BoT-IoT,0.25,42,topogcl,617,1.1761988401412964,1,0.5364474654197693,1
NF-BoT-IoT,0.25,42,topogcl,618,0.5120032429695129,0,1.2992792129516602,1
NF-BoT-IoT,0.25,42,topogcl,619,1.0352628231048584,1,0.8410744071006775,0
NF-BoT-IoT,0.25,42,topogcl,620,0.4420054852962494,1,0.5194133520126343,1
NF-BoT-IoT,0.25,42,topogcl,621,0.4724571108818054,1,0.5197538733482361,1
NF-BoT-IoT,0.25,42,topogcl,622,1.753432035446167,1,0.9697069525718689,1
NF-BoT-IoT,0.25,42,topogcl,623,0.9956163167953491,1,0.5291855931282043,0
NF-BoT-IoT,0.25,42,topogcl,624,0.5253890156745911,1,0.56429123878479,1
NF-BoT-IoT,0.25,42,topogcl,625,0.3853314220905304,0,0.3106081187725067,1
NF-BoT-IoT,0.25,42,topogcl,626,0.9398312568664551,1,0.5490714907646179,0
NF-BoT-IoT,0.25,42,topogcl,627,0.5379014611244202,1,0.5536206364631653,1
NF-BoT-IoT,0.25,42,topogcl,628,1.551526427268982,1,0.6044406890869141,1
NF-BoT-IoT,0.25,42,topogcl,629,0.5367400050163269,1,0.49380892515182495,1
NF-BoT-IoT,0.25,42,topogcl,630,0.5995548963546753,1,0.5279293656349182,0
NF-BoT-IoT,0.25,42,topogcl,631,1.1813511848449707,1,0.5383912324905396,0
NF-BoT-IoT,0.25,42,topogcl,632,0.5140681266784668,1,0.2668508291244507,0
NF-BoT-IoT,0.25,42,topogcl,633,0.6706883907318115,1,0.4105505347251892,1
NF-BoT-IoT,0.25,42,topogcl,634,0.5253232717514038,1,0.26125940680503845,1
NF-BoT-IoT,0.25,42,topogcl,635,0.56928950548172,1,0.801741898059845,0
NF-BoT-IoT,0.25,42,topogcl,636,0.49095478653907776,1,0.514039933681488,1
NF-BoT-IoT,0.25,42,topogcl,637,0.4347064793109894,1,0.10278623551130295,1
NF-BoT-IoT,0.25,42,topogcl,638,0.5416275858879089,1,0.628568172454834,1
NF-BoT-IoT,0.25,42,topogcl,639,0.5301496982574463,1,0.5385444164276123,1
NF-BoT-IoT,0.25,42,topogcl,640,0.6928048729896545,1,0.5428927540779114,1
NF-BoT-IoT,0.25,42,topogcl,641,1.407543659210205,1,1.1339027881622314,1
NF-BoT-IoT,0.25,42,topogcl,642,0.6022704243659973,1,0.6741966009140015,1
NF-BoT-IoT,0.25,42,topogcl,643,0.7032272219657898,1,0.5392641425132751,1
NF-BoT-IoT,0.25,42,topogcl,644,0.6861326098442078,1,0.7944485545158386,0
NF-BoT-IoT,0.25,42,topogcl,645,0.6135651469230652,1,0.5354596972465515,0
NF-BoT-IoT,0.25,42,topogcl,646,0.5454352498054504,1,0.5251325964927673,1
NF-BoT-IoT,0.25,42,topogcl,647,0.5840801000595093,0,0.35095158219337463,0
NF-BoT-IoT,0.25,42,topogcl,648,0.7393989562988281,1,0.5804562568664551,1
NF-BoT-IoT,0.25,42,topogcl,649,0.2380557358264923,1,0.2605997920036316,1
NF-BoT-IoT,0.25,42,topogcl,650,,,0.18773652613162994,1
NF-BoT-IoT,0.25,42,topogcl,651,,,1.1589657068252563,1
NF-BoT-IoT,0.25,42,topogcl,652,,,0.242720365524292,1
NF-BoT-IoT,0.25,42,topogcl,653,,,0.4684755504131317,1
NF-BoT-IoT,0.25,42,topogcl,654,,,0.4324059784412384,1
NF-BoT-IoT,0.25,42,topogcl,655,,,0.9308807849884033,1
NF-BoT-IoT,0.25,42,topogcl,656,,,0.5296280980110168,1
NF-BoT-IoT,0.25,42,topogcl,657,,,0.5423808097839355,0
NF-BoT-IoT,0.25,42,topogcl,658,,,0.9408119916915894,1
NF-BoT-IoT,0.25,42,topogcl,659,,,1.6197372674942017,0
NF-BoT-IoT,0.25,42,topogcl,660,,,0.5026944875717163,1
NF-BoT-IoT,0.25,42,topogcl,661,,,0.5224910974502563,1
NF-BoT-IoT,0.25,42,topogcl,662,,,0.5342621207237244,0
NF-BoT-IoT,0.25,42,topogcl,663,,,0.5357266068458557,1
NF-BoT-IoT,0.25,42,topogcl,664,,,0.46087706089019775,1
NF-BoT-IoT,0.25,42,topogcl,665,,,0.602899968624115,0
NF-BoT-IoT,0.25,42,topogcl,666,,,0.3189316689968109,0
NF-BoT-IoT,0.25,42,topogcl,667,,,0.5940243005752563,1
NF-BoT-IoT,0.25,42,topogcl,668,,,0.5303194522857666,0
NF-BoT-IoT,0.25,42,topogcl,669,,,0.5400986075401306,1
NF-BoT-IoT,0.25,42,topogcl,670,,,0.9804341197013855,1
NF-BoT-IoT,0.25,42,topogcl,671,,,2.0062310695648193,1
NF-BoT-IoT,0.25,42,topogcl,672,,,0.5394120812416077,1
NF-BoT-IoT,0.25,42,topogcl,673,,,0.5421772003173828,1
NF-BoT-IoT,0.25,42,topogcl,674,,,0.5279293656349182,1
NF-BoT-IoT,0.25,42,topogcl,675,,,1.61318039894104,1
NF-BoT-IoT,0.25,42,topogcl,676,,,0.7260215878486633,1
NF-BoT-IoT,0.25,42,topogcl,677,,,0.2166547030210495,1
NF-BoT-IoT,0.25,42,topogcl,678,,,0.2461957484483719,1
NF-BoT-IoT,0.25,42,topogcl,679,,,0.9158861637115479,1
NF-BoT-IoT,0.25,42,topogcl,680,,,0.36931851506233215,1
NF-BoT-IoT,0.25,42,topogcl,681,,,0.2647537291049957,1
NF-BoT-IoT,0.25,42,topogcl,682,,,0.5259157419204712,1
NF-BoT-IoT,0.25,42,topogcl,683,,,1.4079958200454712,1
NF-BoT-IoT,0.25,42,topogcl,684,,,0.5276364684104919,1
NF-BoT-IoT,0.25,42,topogcl,685,,,0.2709118127822876,1
NF-BoT-IoT,0.25,42,topogcl,686,,,0.3438924551010132,1
NF-BoT-IoT,0.25,42,topogcl,687,,,0.9446119070053101,1
NF-BoT-IoT,0.25,42,topogcl,688,,,2.057643413543701,1
NF-BoT-IoT,0.25,42,topogcl,689,,,0.584043562412262,1
NF-BoT-IoT,0.25,42,topogcl,690,,,0.545565128326416,0
NF-BoT-IoT,0.25,42,topogcl,691,,,0.321786105632782,1
NF-BoT-IoT,0.25,42,topogcl,692,,,0.26979514956474304,1
NF-BoT-IoT,0.25,42,topogcl,693,,,0.5391783118247986,1
NF-BoT-IoT,0.25,42,topogcl,694,,,0.5538981556892395,0
NF-BoT-IoT,0.25,42,topogcl,695,,,0.7034103870391846,1
NF-BoT-IoT,0.25,42,topogcl,696,,,0.5392470955848694,1
NF-BoT-IoT,0.25,42,topogcl,697,,,1.2781867980957031,1
NF-BoT-IoT,0.25,42,topogcl,698,,,0.5543900728225708,1
NF-BoT-IoT,0.25,42,topogcl,699,,,0.6344670057296753,0
NF-BoT-IoT,0.25,42,topogcl,700,,,1.32666015625,1
NF-BoT-IoT,0.25,42,topogcl,701,,,0.5424361228942871,1
NF-BoT-IoT,0.25,42,topogcl,702,,,0.4299582242965698,1
NF-BoT-IoT,0.25,42,topogcl,703,,,0.538823664188385,1
NF-BoT-IoT,0.25,42,topogcl,704,,,1.3150715827941895,1
NF-BoT-IoT,0.25,42,topogcl,705,,,0.18929816782474518,1
NF-BoT-IoT,0.25,42,topogcl,706,,,0.27569589018821716,1
NF-BoT-IoT,0.25,42,topogcl,707,,,0.5405745506286621,1
NF-BoT-IoT,0.25,42,topogcl,708,,,0.5400539636611938,1
NF-BoT-IoT,0.25,42,topogcl,709,,,0.28301697969436646,1
NF-BoT-IoT,0.25,42,topogcl,710,,,0.2048593908548355,1
NF-BoT-IoT,0.25,42,topogcl,711,,,2.310706615447998,1
NF-BoT-IoT,0.25,42,topogcl,712,,,0.6349210143089294,1
NF-BoT-IoT,0.25,42,topogcl,713,,,0.24559038877487183,1
NF-BoT-IoT,0.25,42,topogcl,714,,,0.5171114206314087,0
NF-BoT-IoT,0.25,42,topogcl,715,,,0.5283608436584473,1
NF-BoT-IoT,0.25,42,topogcl,716,,,0.6585618853569031,1
NF-BoT-IoT,0.25,42,topogcl,717,,,0.32016104459762573,0
NF-BoT-IoT,0.25,42,topogcl,718,,,0.8054916858673096,0
NF-BoT-IoT,0.25,42,topogcl,719,,,0.20343710482120514,1
NF-BoT-IoT,0.25,42,topogcl,720,,,0.42438042163848877,1
NF-BoT-IoT,0.25,42,topogcl,721,,,0.419846773147583,1
NF-BoT-IoT,0.25,42,topogcl,722,,,0.5363054275512695,1
NF-BoT-IoT,0.25,42,topogcl,723,,,0.9038316011428833,1
NF-BoT-IoT,0.25,42,topogcl,724,,,1.2146987915039062,0
NF-BoT-IoT,0.25,42,topogcl,725,,,0.8633611798286438,1
NF-BoT-IoT,0.25,42,topogcl,726,,,0.2827005684375763,1
NF-BoT-IoT,0.25,42,topogcl,727,,,0.5439926385879517,0
NF-BoT-IoT,0.25,42,topogcl,728,,,0.3284551203250885,0
NF-BoT-IoT,0.25,42,topogcl,729,,,0.5708107948303223,1
NF-BoT-IoT,0.25,42,topogcl,730,,,0.5010480880737305,1
NF-BoT-IoT,0.25,42,topogcl,731,,,0.6130334138870239,1
NF-BoT-IoT,0.25,42,topogcl,732,,,1.2107646465301514,1
NF-BoT-IoT,0.25,42,topogcl,733,,,0.5633643269538879,1
NF-BoT-IoT,0.25,42,topogcl,734,,,0.5308775305747986,0
NF-BoT-IoT,0.25,42,topogcl,735,,,0.3581721782684326,0
NF-BoT-IoT,0.25,42,topogcl,736,,,0.3939528167247772,1
NF-BoT-IoT,0.25,42,topogcl,737,,,0.5090526342391968,0
NF-BoT-IoT,0.25,42,topogcl,738,,,0.6507472395896912,1
NF-BoT-IoT,0.25,42,topogcl,739,,,1.0347141027450562,1
NF-BoT-IoT,0.25,42,topogcl,740,,,0.9609266519546509,1
NF-BoT-IoT,0.25,42,topogcl,741,,,0.8430966734886169,0
NF-BoT-IoT,0.25,42,topogcl,742,,,0.6301777958869934,1
NF-BoT-IoT,0.25,42,topogcl,743,,,0.9136637449264526,1
NF-BoT-IoT,0.25,42,topogcl,744,,,0.9636602401733398,1
NF-BoT-IoT,0.25,42,topogcl,745,,,0.989816427230835,1
NF-BoT-IoT,0.25,42,topogcl,746,,,0.330400288105011,0
NF-BoT-IoT,0.25,42,topogcl,747,,,0.5450770854949951,1
NF-BoT-IoT,0.25,42,topogcl,748,,,0.8726739883422852,1
NF-BoT-IoT,0.25,42,topogcl,749,,,0.538372814655304,1
NF-BoT-IoT,0.25,42,topogcl,750,,,0.5291483402252197,1
NF-BoT-IoT,0.25,42,topogcl,751,,,0.5544065237045288,1
NF-BoT-IoT,0.25,42,topogcl,752,,,0.5418054461479187,1
NF-BoT-IoT,0.25,42,topogcl,753,,,0.6383488774299622,1
NF-BoT-IoT,0.25,42,topogcl,754,,,0.642691433429718,1
NF-BoT-IoT,0.25,42,topogcl,755,,,0.5204285383224487,1
NF-BoT-IoT,0.25,42,topogcl,756,,,0.20714251697063446,1
NF-BoT-IoT,0.25,42,topogcl,757,,,0.5294079780578613,1
NF-BoT-IoT,0.25,42,topogcl,758,,,4.275308609008789,1
NF-BoT-IoT,0.25,42,topogcl,759,,,0.6011577844619751,0
NF-BoT-IoT,0.25,42,topogcl,760,,,0.7406599521636963,0
NF-BoT-IoT,0.25,42,topogcl,761,,,0.5250864028930664,1
NF-BoT-IoT,0.25,42,topogcl,762,,,0.4550451934337616,1
NF-BoT-IoT,0.25,42,topogcl,763,,,0.5256624817848206,1
NF-BoT-IoT,0.25,42,topogcl,764,,,0.42216193675994873,0
NF-BoT-IoT,0.25,42,topogcl,765,,,0.9672190546989441,1
NF-BoT-IoT,0.25,42,topogcl,766,,,0.9445136785507202,1
NF-BoT-IoT,0.25,42,topogcl,767,,,0.3044363856315613,0
NF-BoT-IoT,0.25,42,topogcl,768,,,0.5536516308784485,0
NF-BoT-IoT,0.25,42,topogcl,769,,,0.33194267749786377,1
NF-BoT-IoT,0.25,42,topogcl,770,,,0.5567687153816223,1
NF-BoT-IoT,0.25,42,topogcl,771,,,1.0109721422195435,1
NF-BoT-IoT,0.25,42,topogcl,772,,,0.6401295065879822,0
NF-BoT-IoT,0.25,42,topogcl,773,,,0.5301229357719421,1
NF-BoT-IoT,0.25,42,topogcl,774,,,0.9697046875953674,1
NF-BoT-IoT,0.25,42,topogcl,775,,,0.31970176100730896,1
NF-BoT-IoT,0.25,42,topogcl,776,,,0.3931652009487152,1
NF-BoT-IoT,0.25,42,topogcl,777,,,1.8598397970199585,1
NF-BoT-IoT,0.25,42,topogcl,778,,,0.5394996404647827,0
NF-BoT-IoT,0.25,42,topogcl,779,,,0.27946895360946655,1
NF-BoT-IoT,0.25,42,topogcl,780,,,0.5370607376098633,1
NF-BoT-IoT,0.25,42,topogcl,781,,,0.25560373067855835,1
NF-BoT-IoT,0.25,42,topogcl,782,,,0.7811477780342102,1
NF-BoT-IoT,0.25,42,topogcl,783,,,0.9587283730506897,1
NF-BoT-IoT,0.25,42,topogcl,784,,,0.2732720971107483,0
NF-BoT-IoT,0.25,42,topogcl,785,,,0.4909099340438843,1
NF-BoT-IoT,0.25,42,topogcl,786,,,0.5322672128677368,0
NF-BoT-IoT,0.25,42,topogcl,787,,,0.7348633408546448,0
NF-BoT-IoT,0.25,42,topogcl,788,,,0.2839859426021576,0
NF-BoT-IoT,0.25,42,topogcl,789,,,0.32082611322402954,1
NF-BoT-IoT,0.25,42,topogcl,790,,,0.5396931171417236,1
NF-BoT-IoT,0.25,42,topogcl,791,,,1.202680230140686,1
NF-BoT-IoT,0.25,42,topogcl,792,,,1.2361894845962524,1
NF-BoT-IoT,0.25,42,topogcl,793,,,0.5361136198043823,0
NF-BoT-IoT,0.25,42,topogcl,794,,,0.5091462135314941,1
NF-BoT-IoT,0.25,42,topogcl,795,,,0.5415336489677429,1
NF-BoT-IoT,0.25,42,topogcl,796,,,0.6915251016616821,1
NF-BoT-IoT,0.25,42,topogcl,797,,,0.6288221478462219,1
NF-BoT-IoT,0.25,42,topogcl,798,,,0.34707388281822205,0
NF-BoT-IoT,0.25,42,topogcl,799,,,0.5981960892677307,1
NF-BoT-IoT,0.25,42,topogcl,800,,,0.9347163438796997,0
NF-BoT-IoT,0.25,42,topogcl,801,,,0.48539820313453674,1
NF-BoT-IoT,0.25,42,topogcl,802,,,0.9837916493415833,1
NF-BoT-IoT,0.25,42,topogcl,803,,,0.3225270211696625,0
NF-BoT-IoT,0.25,42,topogcl,804,,,0.8128761053085327,0
NF-BoT-IoT,0.25,42,topogcl,805,,,0.5439155697822571,1
NF-BoT-IoT,0.25,42,topogcl,806,,,0.5327138304710388,1
NF-BoT-IoT,0.25,42,topogcl,807,,,0.4313477575778961,1
NF-BoT-IoT,0.25,42,topogcl,808,,,0.5301976203918457,1
NF-BoT-IoT,0.25,42,topogcl,809,,,0.5254297256469727,1
NF-BoT-IoT,0.25,42,topogcl,810,,,2.3133273124694824,1
NF-BoT-IoT,0.25,42,topogcl,811,,,1.5697736740112305,1
NF-BoT-IoT,0.25,42,topogcl,812,,,0.9206695556640625,1
NF-BoT-IoT,0.25,42,topogcl,813,,,1.6996560096740723,1
NF-BoT-IoT,0.25,42,topogcl,814,,,0.5376943349838257,1
NF-BoT-IoT,0.25,42,topogcl,815,,,0.6030726432800293,0
NF-BoT-IoT,0.25,42,topogcl,816,,,0.43181899189949036,1
NF-BoT-IoT,0.25,42,topogcl,817,,,0.9580851793289185,1
NF-BoT-IoT,0.25,42,topogcl,818,,,0.5363598465919495,1
NF-BoT-IoT,0.25,42,topogcl,819,,,0.5717293620109558,1
NF-BoT-IoT,0.25,42,topogcl,820,,,1.9113050699234009,1
NF-BoT-IoT,0.25,42,topogcl,821,,,0.49740245938301086,1
NF-BoT-IoT,0.25,42,topogcl,822,,,0.6266531348228455,1
NF-BoT-IoT,0.25,42,topogcl,823,,,1.1877367496490479,0
NF-BoT-IoT,0.25,42,topogcl,824,,,0.1851717084646225,1
NF-BoT-IoT,0.25,42,topogcl,825,,,0.5452629327774048,1
NF-BoT-IoT,0.25,42,topogcl,826,,,0.27088600397109985,1
NF-BoT-IoT,0.25,42,topogcl,827,,,0.6332463622093201,0
NF-BoT-IoT,0.25,42,topogcl,828,,,0.5394536256790161,1
NF-BoT-IoT,0.25,42,topogcl,829,,,1.0231494903564453,0
NF-BoT-IoT,0.25,42,topogcl,830,,,0.5251950025558472,1
NF-BoT-IoT,0.25,42,topogcl,831,,,0.559624969959259,1
NF-BoT-IoT,0.25,42,topogcl,832,,,0.5281834602355957,1
NF-BoT-IoT,0.25,42,topogcl,833,,,0.5419113039970398,1
NF-BoT-IoT,0.25,42,topogcl,834,,,0.9767823815345764,1
NF-BoT-IoT,0.25,42,topogcl,835,,,0.6030284762382507,0
NF-BoT-IoT,0.25,42,topogcl,836,,,0.9390495419502258,1
NF-BoT-IoT,0.25,42,topogcl,837,,,0.8093962669372559,0
NF-BoT-IoT,0.25,42,topogcl,838,,,0.24253110587596893,1
NF-BoT-IoT,0.25,42,topogcl,839,,,0.5476837158203125,1
NF-BoT-IoT,0.25,42,topogcl,840,,,0.542954683303833,1
NF-BoT-IoT,0.25,42,topogcl,841,,,0.5363288521766663,1
NF-BoT-IoT,0.25,42,topogcl,842,,,0.5259074568748474,1
NF-BoT-IoT,0.25,42,topogcl,843,,,0.29954251646995544,1
NF-BoT-IoT,0.25,42,topogcl,844,,,0.537461519241333,1
NF-BoT-IoT,0.25,42,topogcl,845,,,0.5483053922653198,1
NF-BoT-IoT,0.25,42,topogcl,846,,,1.0692403316497803,1
NF-BoT-IoT,0.25,42,topogcl,847,,,1.800669550895691,1
NF-BoT-IoT,0.25,42,topogcl,848,,,0.5396711826324463,1
NF-BoT-IoT,0.25,42,topogcl,849,,,0.528159499168396,1
NF-BoT-IoT,0.25,42,topogcl,850,,,1.1702481508255005,0
NF-BoT-IoT,0.25,42,topogcl,851,,,0.8846494555473328,1
NF-BoT-IoT,0.25,42,topogcl,852,,,0.8357560634613037,1
NF-BoT-IoT,0.25,42,topogcl,853,,,0.5976715087890625,0
NF-BoT-IoT,0.25,42,topogcl,854,,,0.5335663557052612,1
NF-BoT-IoT,0.25,42,topogcl,855,,,1.829566240310669,1
NF-BoT-IoT,0.25,42,topogcl,856,,,0.6227365136146545,1
NF-BoT-IoT,0.25,42,topogcl,857,,,0.1827734261751175,1
NF-BoT-IoT,0.25,42,topogcl,858,,,0.5301460027694702,1
NF-BoT-IoT,0.25,42,topogcl,859,,,0.5279417037963867,1
NF-BoT-IoT,0.25,42,topogcl,860,,,0.30495601892471313,1
NF-BoT-IoT,0.25,42,topogcl,861,,,0.4245739281177521,0
NF-BoT-IoT,0.25,42,topogcl,862,,,1.5657814741134644,1
NF-BoT-IoT,0.25,42,topogcl,863,,,0.9351484775543213,1
NF-BoT-IoT,0.25,42,topogcl,864,,,0.7749990224838257,1
NF-BoT-IoT,0.25,42,topogcl,865,,,0.6674926280975342,1
NF-BoT-IoT,0.25,42,topogcl,866,,,0.5535985827445984,1
NF-BoT-IoT,0.25,42,topogcl,867,,,0.5433539748191833,1
NF-BoT-IoT,0.25,42,topogcl,868,,,0.6221225261688232,1
NF-BoT-IoT,0.25,42,topogcl,869,,,0.9043591618537903,1
NF-BoT-IoT,0.25,42,topogcl,870,,,0.6432101726531982,0
NF-BoT-IoT,0.25,42,topogcl,871,,,0.5475278496742249,1
NF-BoT-IoT,0.25,42,topogcl,872,,,0.530174732208252,1
NF-BoT-IoT,0.25,42,topogcl,873,,,0.8823466300964355,1
NF-BoT-IoT,0.25,42,topogcl,874,,,0.28842753171920776,1
NF-BoT-IoT,0.25,42,topogcl,875,,,0.533747136592865,1
NF-BoT-IoT,0.25,42,topogcl,876,,,0.5281835794448853,1
NF-BoT-IoT,0.25,42,topogcl,877,,,0.5447244048118591,1
NF-BoT-IoT,0.25,42,topogcl,878,,,0.7094893455505371,1
NF-BoT-IoT,0.25,42,topogcl,879,,,0.3721044361591339,1
NF-BoT-IoT,0.25,42,topogcl,880,,,0.9411473274230957,1
NF-BoT-IoT,0.25,42,topogcl,881,,,0.5291674137115479,1
NF-BoT-IoT,0.25,42,topogcl,882,,,0.6059293150901794,1
NF-BoT-IoT,0.25,42,topogcl,883,,,0.5363669991493225,1
NF-BoT-IoT,0.25,42,topogcl,884,,,0.5260095000267029,1
NF-BoT-IoT,0.25,42,topogcl,885,,,0.7285270094871521,0
NF-BoT-IoT,0.25,42,topogcl,886,,,2.991759777069092,1
NF-BoT-IoT,0.25,42,topogcl,887,,,1.2715709209442139,0
NF-BoT-IoT,0.25,42,topogcl,888,,,0.5632895827293396,1
NF-BoT-IoT,0.25,42,topogcl,889,,,0.6831002235412598,1
NF-BoT-IoT,0.25,42,topogcl,890,,,1.1685631275177002,1
NF-BoT-IoT,0.25,42,topogcl,891,,,0.2694942355155945,0
NF-BoT-IoT,0.25,42,topogcl,892,,,0.45740678906440735,1
NF-BoT-IoT,0.25,42,topogcl,893,,,0.5334891676902771,1
NF-BoT-IoT,0.25,42,topogcl,894,,,2.1452128887176514,1
NF-BoT-IoT,0.25,42,topogcl,895,,,0.5377300977706909,0
NF-BoT-IoT,0.25,42,topogcl,896,,,0.29887324571609497,1
NF-BoT-IoT,0.25,42,topogcl,897,,,0.5400985479354858,1
NF-BoT-IoT,0.25,42,topogcl,898,,,0.666721761226654,1
NF-BoT-IoT,0.25,42,topogcl,899,,,0.4641202986240387,1
NF-BoT-IoT,0.25,42,topogcl,900,,,0.6804413199424744,1
NF-BoT-IoT,0.25,42,topogcl,901,,,0.538214385509491,1
NF-BoT-IoT,0.25,42,topogcl,902,,,0.636464536190033,1
NF-BoT-IoT,0.25,42,topogcl,903,,,0.24497611820697784,1
NF-BoT-IoT,0.25,42,topogcl,904,,,0.5293976068496704,1
NF-BoT-IoT,0.25,42,topogcl,905,,,0.580134928226471,1
NF-BoT-IoT,0.25,42,topogcl,906,,,1.9366474151611328,1
NF-BoT-IoT,0.25,42,topogcl,907,,,0.2519637644290924,1
NF-BoT-IoT,0.25,42,topogcl,908,,,0.6123120188713074,1
NF-BoT-IoT,0.25,42,topogcl,909,,,0.5640363097190857,1
NF-BoT-IoT,0.25,42,topogcl,910,,,0.542633593082428,1
NF-BoT-IoT,0.25,42,topogcl,911,,,0.43859508633613586,0
NF-BoT-IoT,0.25,42,topogcl,912,,,0.9641157388687134,1
NF-BoT-IoT,0.25,42,topogcl,913,,,0.5358179807662964,1
NF-BoT-IoT,0.25,42,topogcl,914,,,0.2988765239715576,1
NF-BoT-IoT,0.25,42,topogcl,915,,,1.087307095527649,1
NF-BoT-IoT,0.25,42,topogcl,916,,,1.6262410879135132,1
NF-BoT-IoT,0.25,42,topogcl,917,,,0.5320881605148315,1
NF-BoT-IoT,0.25,42,topogcl,918,,,0.612204909324646,1
NF-BoT-IoT,0.25,42,topogcl,919,,,0.5303423404693604,1
NF-BoT-IoT,0.25,42,topogcl,920,,,0.38346922397613525,0
NF-BoT-IoT,0.25,42,topogcl,921,,,2.1437735557556152,1
NF-BoT-IoT,0.25,42,topogcl,922,,,0.5471070408821106,1
NF-BoT-IoT,0.25,42,topogcl,923,,,0.46746987104415894,1
NF-BoT-IoT,0.25,42,topogcl,924,,,2.91339111328125,1
NF-BoT-IoT,0.25,42,topogcl,925,,,0.9639508128166199,1
NF-BoT-IoT,0.25,42,topogcl,926,,,0.532136857509613,0
NF-BoT-IoT,0.25,42,topogcl,927,,,0.31446510553359985,0
NF-BoT-IoT,0.25,42,topogcl,928,,,0.5376712083816528,1
NF-BoT-IoT,0.25,42,topogcl,929,,,0.5319187045097351,1
NF-BoT-IoT,0.25,42,topogcl,930,,,1.355995535850525,1
NF-BoT-IoT,0.25,42,topogcl,931,,,0.5090071558952332,0
NF-BoT-IoT,0.25,42,topogcl,932,,,0.871377170085907,1
NF-BoT-IoT,0.25,42,topogcl,933,,,0.4707454741001129,1
NF-BoT-IoT,0.25,42,topogcl,934,,,1.0325576066970825,1
NF-BoT-IoT,0.25,42,topogcl,935,,,0.5405187010765076,1
NF-BoT-IoT,0.25,42,topogcl,936,,,0.4278313219547272,1
NF-BoT-IoT,0.25,42,topogcl,937,,,0.2558083236217499,1
NF-BoT-IoT,0.25,42,topogcl,938,,,0.5051175951957703,1
NF-BoT-IoT,0.25,42,topogcl,939,,,0.5607889890670776,1
NF-BoT-IoT,0.25,42,topogcl,940,,,0.5992156267166138,1
NF-BoT-IoT,0.25,42,topogcl,941,,,0.41628605127334595,1
NF-BoT-IoT,0.25,42,topogcl,942,,,1.66439950466156,0
NF-BoT-IoT,0.25,42,topogcl,943,,,1.411164402961731,1
NF-BoT-IoT,0.25,42,topogcl,944,,,0.9701433181762695,1
NF-BoT-IoT,0.25,42,topogcl,945,,,0.5442207455635071,1
NF-BoT-IoT,0.25,42,topogcl,946,,,0.8729493021965027,1
NF-BoT-IoT,0.25,42,topogcl,947,,,0.7884564399719238,1
NF-BoT-IoT,0.25,42,topogcl,948,,,0.5147290825843811,1
NF-BoT-IoT,0.25,42,topogcl,949,,,0.7548772692680359,1
NF-BoT-IoT,0.25,42,topogcl,950,,,0.4494924247264862,0
NF-BoT-IoT,0.25,42,topogcl,951,,,0.5361708402633667,1
NF-BoT-IoT,0.25,42,topogcl,952,,,0.17519839107990265,1
NF-BoT-IoT,0.25,42,topogcl,953,,,0.6739726662635803,1
NF-BoT-IoT,0.25,42,topogcl,954,,,0.9707731604576111,1
NF-BoT-IoT,0.25,42,topogcl,955,,,0.8106046915054321,0
NF-BoT-IoT,0.25,42,topogcl,956,,,0.36637863516807556,0
NF-BoT-IoT,0.25,42,topogcl,957,,,0.5362194180488586,1
NF-BoT-IoT,0.25,42,topogcl,958,,,3.853142738342285,1
NF-BoT-IoT,0.25,42,topogcl,959,,,0.9662602543830872,1
NF-BoT-IoT,0.25,42,topogcl,960,,,0.9573726654052734,1
NF-BoT-IoT,0.25,42,topogcl,961,,,0.6293646693229675,1
NF-BoT-IoT,0.25,42,topogcl,962,,,0.6099411249160767,1
NF-BoT-IoT,0.25,42,topogcl,963,,,0.593601644039154,1
NF-BoT-IoT,0.25,42,topogcl,964,,,0.5632798671722412,1
NF-BoT-IoT,0.25,42,topogcl,965,,,1.0314806699752808,1
NF-BoT-IoT,0.25,42,topogcl,966,,,0.5274888277053833,1
NF-BoT-IoT,0.25,42,topogcl,967,,,0.5326111912727356,0
NF-BoT-IoT,0.25,42,topogcl,968,,,1.880831241607666,1
NF-BoT-IoT,0.25,42,topogcl,969,,,0.19986388087272644,1
NF-BoT-IoT,0.25,42,topogcl,970,,,0.5181168913841248,1
NF-BoT-IoT,0.25,42,topogcl,971,,,0.5301903486251831,1
NF-BoT-IoT,0.25,42,topogcl,972,,,1.8930392265319824,1
NF-BoT-IoT,0.25,42,topogcl,973,,,0.5301229357719421,1
NF-BoT-IoT,0.25,42,topogcl,974,,,0.5435401201248169,1
NF-BoT-IoT,0.25,42,topogcl,975,,,2.531744956970215,1
NF-BoT-IoT,0.25,42,topogcl,976,,,0.5038418769836426,1
NF-BoT-IoT,0.25,42,topogcl,977,,,1.4983856678009033,1
NF-BoT-IoT,0.25,42,topogcl,978,,,0.5396711826324463,1
NF-BoT-IoT,0.25,42,topogcl,979,,,0.5844456553459167,0
NF-BoT-IoT,0.25,42,topogcl,980,,,0.48906558752059937,1
NF-BoT-IoT,0.25,42,topogcl,981,,,0.5424456596374512,1
NF-BoT-IoT,0.25,42,topogcl,982,,,0.5272132158279419,1
NF-BoT-IoT,0.25,42,topogcl,983,,,0.5387371778488159,1
NF-BoT-IoT,0.25,42,topogcl,984,,,0.25712594389915466,1
NF-BoT-IoT,0.25,42,topogcl,985,,,0.545329213142395,1
NF-BoT-IoT,0.25,42,topogcl,986,,,0.8244702219963074,1
NF-BoT-IoT,0.25,42,topogcl,987,,,0.5421346426010132,1
NF-BoT-IoT,0.25,42,topogcl,988,,,1.9007835388183594,1
NF-BoT-IoT,0.25,42,topogcl,989,,,0.529744029045105,1
NF-BoT-IoT,0.25,42,topogcl,990,,,0.9691534042358398,1
NF-BoT-IoT,0.25,42,topogcl,991,,,0.6376163959503174,1
NF-BoT-IoT,0.25,42,topogcl,992,,,0.8396154642105103,0
NF-BoT-IoT,0.25,42,topogcl,993,,,0.5357073545455933,1
NF-BoT-IoT,0.25,42,topogcl,994,,,0.5535395741462708,0
NF-BoT-IoT,0.25,42,topogcl,995,,,0.1929684430360794,1
NF-BoT-IoT,0.25,42,topogcl,996,,,1.3573532104492188,1
NF-BoT-IoT,0.25,42,topogcl,997,,,0.2554187476634979,0
NF-BoT-IoT,0.25,42,topogcl,998,,,0.9839110970497131,1
NF-BoT-IoT,0.25,42,topogcl,999,,,0.538377583026886,1
NF-BoT-IoT,0.25,42,topogcl,1000,,,0.5301972031593323,0
NF-BoT-IoT,0.25,42,topogcl,1001,,,0.8832957744598389,1
NF-BoT-IoT,0.25,42,topogcl,1002,,,0.1378261148929596,1
NF-BoT-IoT,0.25,42,topogcl,1003,,,0.2558384835720062,1
NF-BoT-IoT,0.25,42,topogcl,1004,,,0.9432101845741272,1
NF-BoT-IoT,0.25,42,topogcl,1005,,,1.6100064516067505,1
NF-BoT-IoT,0.25,42,topogcl,1006,,,0.7432340979576111,1
NF-BoT-IoT,0.25,42,topogcl,1007,,,0.5095604658126831,1
NF-BoT-IoT,0.25,42,topogcl,1008,,,0.4405716061592102,1
NF-BoT-IoT,0.25,42,topogcl,1009,,,0.5436042547225952,1
NF-BoT-IoT,0.25,42,topogcl,1010,,,0.5252971649169922,1
NF-BoT-IoT,0.25,42,topogcl,1011,,,0.5333493947982788,1
NF-BoT-IoT,0.25,42,topogcl,1012,,,0.595658540725708,1
NF-BoT-IoT,0.25,42,topogcl,1013,,,0.4361531138420105,1
NF-BoT-IoT,0.25,42,topogcl,1014,,,1.0612435340881348,0
NF-BoT-IoT,0.25,42,topogcl,1015,,,0.16461098194122314,1
NF-BoT-IoT,0.25,42,topogcl,1016,,,0.5573244690895081,1
NF-BoT-IoT,0.25,42,topogcl,1017,,,0.49662408232688904,0
NF-BoT-IoT,0.25,42,topogcl,1018,,,0.5365607738494873,1
NF-BoT-IoT,0.25,42,topogcl,1019,,,0.5345249772071838,0
NF-BoT-IoT,0.25,42,topogcl,1020,,,0.6869338750839233,1
NF-BoT-IoT,0.25,42,topogcl,1021,,,0.3997410833835602,1
NF-BoT-IoT,0.25,42,topogcl,1022,,,0.5378756523132324,1
NF-BoT-IoT,0.25,42,topogcl,1023,,,0.5503506064414978,1
NF-BoT-IoT,0.25,42,topogcl,1024,,,0.6285098195075989,1
NF-BoT-IoT,0.25,42,topogcl,1025,,,1.1603339910507202,1
NF-BoT-IoT,0.25,42,topogcl,1026,,,0.6343734264373779,0
NF-BoT-IoT,0.25,42,topogcl,1027,,,0.5184923410415649,0
NF-BoT-IoT,0.25,42,topogcl,1028,,,0.9421202540397644,1
NF-BoT-IoT,0.25,42,topogcl,1029,,,0.5376943349838257,1
NF-BoT-IoT,0.25,42,topogcl,1030,,,1.419501781463623,1
NF-BoT-IoT,0.25,42,topogcl,1031,,,0.23848041892051697,1
NF-BoT-IoT,0.25,42,topogcl,1032,,,0.9293665885925293,1
NF-BoT-IoT,0.25,42,topogcl,1033,,,0.6285315155982971,1
NF-BoT-IoT,0.25,42,topogcl,1034,,,0.5404421091079712,1
NF-BoT-IoT,0.25,42,topogcl,1035,,,0.6512448787689209,1
NF-BoT-IoT,0.25,42,topogcl,1036,,,0.4961630702018738,1
NF-BoT-IoT,0.25,42,topogcl,1037,,,0.5025153756141663,1
NF-BoT-IoT,0.25,42,topogcl,1038,,,0.5361136198043823,1
NF-BoT-IoT,0.25,42,topogcl,1039,,,0.5985565781593323,0
NF-BoT-IoT,0.25,42,topogcl,1040,,,1.9632476568222046,1
NF-BoT-IoT,0.25,42,topogcl,1041,,,1.278375267982483,1
NF-BoT-IoT,0.25,42,topogcl,1042,,,0.4962695837020874,1
NF-BoT-IoT,0.25,42,topogcl,1043,,,0.8027209639549255,1
NF-BoT-IoT,0.25,42,topogcl,1044,,,0.5383919477462769,1
NF-BoT-IoT,0.25,42,topogcl,1045,,,0.5567013025283813,1
NF-BoT-IoT,0.25,42,topogcl,1046,,,0.6256004571914673,1
NF-BoT-IoT,0.25,42,topogcl,1047,,,0.34397104382514954,0
NF-BoT-IoT,0.25,42,topogcl,1048,,,0.4149929881095886,1
NF-BoT-IoT,0.25,42,topogcl,1049,,,0.45516616106033325,1
NF-BoT-IoT,0.25,42,topogcl,1050,,,1.3575841188430786,1
NF-BoT-IoT,0.25,42,topogcl,1051,,,0.6397904753684998,1
NF-BoT-IoT,0.25,42,topogcl,1052,,,1.2075743675231934,0
NF-BoT-IoT,0.25,42,topogcl,1053,,,0.5389804840087891,1
NF-BoT-IoT,0.25,42,topogcl,1054,,,0.5293721556663513,1
NF-BoT-IoT,0.25,42,topogcl,1055,,,0.9628605246543884,1
NF-BoT-IoT,0.25,42,topogcl,1056,,,0.5359719395637512,1
NF-BoT-IoT,0.25,42,topogcl,1057,,,0.8170610666275024,0
NF-BoT-IoT,0.25,42,topogcl,1058,,,0.5198668241500854,0
NF-BoT-IoT,0.25,42,topogcl,1059,,,0.5383606553077698,1
NF-BoT-IoT,0.25,42,topogcl,1060,,,0.27117910981178284,1
NF-BoT-IoT,0.25,42,topogcl,1061,,,0.2830265164375305,1
NF-BoT-IoT,0.25,42,topogcl,1062,,,0.5327256917953491,1
NF-BoT-IoT,0.25,42,topogcl,1063,,,1.1892906427383423,1
NF-BoT-IoT,0.25,42,topogcl,1064,,,0.4948727488517761,1
NF-BoT-IoT,0.25,42,topogcl,1065,,,0.532136857509613,0
NF-BoT-IoT,0.25,42,topogcl,1066,,,0.6189934611320496,0
NF-BoT-IoT,0.25,42,topogcl,1067,,,0.6313421130180359,0
NF-BoT-IoT,0.25,42,topogcl,1068,,,0.530920684337616,1
NF-BoT-IoT,0.25,42,topogcl,1069,,,0.4365658760070801,0
NF-BoT-IoT,0.25,42,topogcl,1070,,,0.5285673141479492,1
NF-BoT-IoT,0.25,42,topogcl,1071,,,0.49564608931541443,1
NF-BoT-IoT,0.25,42,topogcl,1072,,,0.27577561140060425,1
NF-BoT-IoT,0.25,42,topogcl,1073,,,0.5129767060279846,1
NF-BoT-IoT,0.25,42,topogcl,1074,,,0.11521919816732407,1
NF-BoT-IoT,0.25,42,topogcl,1075,,,0.538495659828186,1
NF-BoT-IoT,0.25,42,topogcl,1076,,,0.9313907623291016,1
NF-BoT-IoT,0.25,42,topogcl,1077,,,0.23519670963287354,1
NF-BoT-IoT,0.25,42,topogcl,1078,,,0.5264575481414795,1
NF-BoT-IoT,0.25,42,topogcl,1079,,,0.5472025275230408,1
NF-BoT-IoT,0.25,42,topogcl,1080,,,0.29880043864250183,1
NF-BoT-IoT,0.25,42,topogcl,1081,,,0.6092190742492676,1
NF-BoT-IoT,0.25,42,topogcl,1082,,,0.3788054883480072,1
NF-BoT-IoT,0.25,42,topogcl,1083,,,1.0207678079605103,1
NF-BoT-IoT,0.25,42,topogcl,1084,,,0.9577339887619019,1
NF-BoT-IoT,0.25,42,topogcl,1085,,,0.5774058699607849,1
NF-BoT-IoT,0.25,42,topogcl,1086,,,0.25883859395980835,1
NF-BoT-IoT,0.25,42,topogcl,1087,,,0.5365535616874695,1
NF-BoT-IoT,0.25,42,topogcl,1088,,,1.4168413877487183,1
NF-BoT-IoT,0.25,42,topogcl,1089,,,0.525805652141571,1
NF-BoT-IoT,0.25,42,topogcl,1090,,,0.5345754623413086,0
NF-BoT-IoT,0.25,42,topogcl,1091,,,0.5253890156745911,0
NF-BoT-IoT,0.25,42,topogcl,1092,,,0.5366785526275635,1
NF-BoT-IoT,0.25,42,topogcl,1093,,,1.7541807889938354,1
NF-BoT-IoT,0.25,42,topogcl,1094,,,0.5366986989974976,1
NF-BoT-IoT,0.25,42,topogcl,1095,,,1.0327893495559692,1
NF-BoT-IoT,0.25,42,topogcl,1096,,,0.2621350586414337,1
NF-BoT-IoT,0.25,42,topogcl,1097,,,0.47411563992500305,1
NF-BoT-IoT,0.25,42,topogcl,1098,,,0.6222643852233887,1
NF-BoT-IoT,0.25,42,topogcl,1099,,,1.1818232536315918,1
NF-BoT-IoT,0.25,42,topogcl,1100,,,0.7156916856765747,1
NF-BoT-IoT,0.25,42,topogcl,1101,,,0.9853090047836304,1
NF-BoT-IoT,0.25,42,topogcl,1102,,,0.532136857509613,0
NF-BoT-IoT,0.25,42,topogcl,1103,,,0.24882985651493073,1
NF-BoT-IoT,0.25,42,topogcl,1104,,,0.5395918488502502,0
NF-BoT-IoT,0.25,42,topogcl,1105,,,0.8197941780090332,1
NF-BoT-IoT,0.25,42,topogcl,1106,,,0.2855646014213562,1
NF-BoT-IoT,0.25,42,topogcl,1107,,,0.6368956565856934,1
NF-BoT-IoT,0.25,42,topogcl,1108,,,1.3052805662155151,1
NF-BoT-IoT,0.25,42,topogcl,1109,,,0.5440648794174194,1
NF-BoT-IoT,0.25,42,topogcl,1110,,,0.6264636516571045,1
NF-BoT-IoT,0.25,42,topogcl,1111,,,0.2340652346611023,1
NF-BoT-IoT,0.25,42,topogcl,1112,,,3.5380520820617676,1
NF-BoT-IoT,0.25,42,topogcl,1113,,,0.47885408997535706,1
NF-BoT-IoT,0.25,42,topogcl,1114,,,0.527980625629425,0
NF-BoT-IoT,0.25,42,topogcl,1115,,,1.7885994911193848,1
NF-BoT-IoT,0.25,42,topogcl,1116,,,1.0527211427688599,1
NF-BoT-IoT,0.25,42,topogcl,1117,,,0.595192015171051,0
NF-BoT-IoT,0.25,42,topogcl,1118,,,0.5536270141601562,0
NF-BoT-IoT,0.25,42,topogcl,1119,,,0.395323246717453,1
NF-BoT-IoT,0.25,42,topogcl,1120,,,1.033453106880188,1
NF-BoT-IoT,0.25,42,topogcl,1121,,,0.8636912703514099,0
NF-BoT-IoT,0.25,42,topogcl,1122,,,0.8405867218971252,0
NF-BoT-IoT,0.25,42,topogcl,1123,,,0.2576049864292145,1
NF-BoT-IoT,0.25,42,topogcl,1124,,,0.6384730339050293,1
NF-BoT-IoT,0.25,42,topogcl,1125,,,0.5366785526275635,1
NF-BoT-IoT,0.25,42,topogcl,1126,,,0.8128327131271362,1
NF-BoT-IoT,0.25,42,topogcl,1127,,,0.5396414995193481,0
NF-BoT-IoT,0.25,42,topogcl,1128,,,0.9742931723594666,1
NF-BoT-IoT,0.25,42,topogcl,1129,,,0.6705705523490906,1
NF-BoT-IoT,0.25,42,topogcl,1130,,,0.5386291146278381,1
NF-BoT-IoT,0.25,42,topogcl,1131,,,0.29127249121665955,1
NF-BoT-IoT,0.25,42,topogcl,1132,,,0.5334770083427429,1
NF-BoT-IoT,0.25,42,topogcl,1133,,,0.2612711191177368,1
NF-BoT-IoT,0.25,42,topogcl,1134,,,0.2532321810722351,1
NF-BoT-IoT,0.25,42,topogcl,1135,,,0.5391560792922974,1
NF-BoT-IoT,0.25,42,topogcl,1136,,,0.5251950025558472,1
NF-BoT-IoT,0.25,42,topogcl,1137,,,0.5828004479408264,1
NF-BoT-IoT,0.25,42,topogcl,1138,,,0.4317292273044586,1
NF-BoT-IoT,0.25,42,topogcl,1139,,,0.5410212278366089,1
NF-BoT-IoT,0.25,42,topogcl,1140,,,0.2549382448196411,1
NF-BoT-IoT,0.25,42,topogcl,1141,,,0.5298430919647217,0
NF-BoT-IoT,0.25,42,topogcl,1142,,,0.5252578854560852,1
NF-BoT-IoT,0.25,42,topogcl,1143,,,0.37207016348838806,0
NF-BoT-IoT,0.25,42,topogcl,1144,,,0.5264774560928345,1
NF-BoT-IoT,0.25,42,topogcl,1145,,,0.8299849629402161,1
NF-BoT-IoT,0.25,42,topogcl,1146,,,0.5834723711013794,1
NF-BoT-IoT,0.25,42,topogcl,1147,,,0.5289973616600037,1
NF-BoT-IoT,0.25,42,topogcl,1148,,,0.2547025680541992,1
NF-BoT-IoT,0.25,42,topogcl,1149,,,0.6852127909660339,1
NF-BoT-IoT,0.25,42,topogcl,1150,,,0.47426939010620117,0
NF-BoT-IoT,0.25,42,topogcl,1151,,,0.41724926233291626,1
NF-BoT-IoT,0.25,42,topogcl,1152,,,0.5434878468513489,1
NF-BoT-IoT,0.25,42,topogcl,1153,,,0.5286313891410828,1
NF-BoT-IoT,0.25,42,topogcl,1154,,,0.5358650088310242,1
NF-BoT-IoT,0.25,42,topogcl,1155,,,0.6650416254997253,0
NF-BoT-IoT,0.25,42,topogcl,1156,,,0.602776288986206,0
NF-BoT-IoT,0.25,42,topogcl,1157,,,0.9026677012443542,1
NF-BoT-IoT,0.25,42,topogcl,1158,,,0.5173090696334839,0
NF-BoT-IoT,0.25,42,topogcl,1159,,,0.8990330100059509,1
NF-BoT-IoT,0.25,42,topogcl,1160,,,0.7073206901550293,1
NF-BoT-IoT,0.25,42,topogcl,1161,,,0.25399333238601685,1
NF-BoT-IoT,0.25,42,topogcl,1162,,,0.5283666849136353,1
NF-BoT-IoT,0.25,42,topogcl,1163,,,0.21430620551109314,1
NF-BoT-IoT,0.25,42,topogcl,1164,,,0.25670820474624634,1
NF-BoT-IoT,0.25,42,topogcl,1165,,,0.4337240755558014,1
NF-BoT-IoT,0.25,42,topogcl,1166,,,0.4043387770652771,0
NF-BoT-IoT,0.25,42,topogcl,1167,,,0.3592106103897095,1
NF-BoT-IoT,0.25,42,topogcl,1168,,,0.979037880897522,1
NF-BoT-IoT,0.25,42,topogcl,1169,,,0.7447789907455444,1
NF-BoT-IoT,0.25,42,topogcl,1170,,,0.6212002635002136,1
NF-BoT-IoT,0.25,42,topogcl,1171,,,0.64877849817276,1
NF-BoT-IoT,0.25,42,topogcl,1172,,,0.8226491808891296,1
NF-BoT-IoT,0.25,42,topogcl,1173,,,0.9522798657417297,1
NF-BoT-IoT,0.25,42,topogcl,1174,,,0.6029479503631592,0
NF-BoT-IoT,0.25,42,topogcl,1175,,,0.4924967586994171,1
NF-BoT-IoT,0.25,42,topogcl,1176,,,0.5251325964927673,1
NF-BoT-IoT,0.25,42,topogcl,1177,,,1.0258857011795044,1
NF-BoT-IoT,0.25,42,topogcl,1178,,,0.4957791268825531,1
NF-BoT-IoT,0.25,42,topogcl,1179,,,0.33220791816711426,1
NF-BoT-IoT,0.25,42,topogcl,1180,,,0.5532951951026917,0
NF-BoT-IoT,0.25,42,topogcl,1181,,,0.982402503490448,1
NF-BoT-IoT,0.25,42,topogcl,1182,,,0.4678100347518921,0
NF-BoT-IoT,0.25,42,topogcl,1183,,,0.16368050873279572,1
NF-BoT-IoT,0.25,42,topogcl,1184,,,0.433164119720459,1
NF-BoT-IoT,0.25,42,topogcl,1185,,,0.5919321179389954,1
NF-BoT-IoT,0.25,42,topogcl,1186,,,0.528159499168396,1
NF-BoT-IoT,0.25,42,topogcl,1187,,,2.1399965286254883,1
NF-BoT-IoT,0.25,42,topogcl,1188,,,0.7689887285232544,1
NF-BoT-IoT,0.25,42,topogcl,1189,,,0.3357972502708435,1
NF-BoT-IoT,0.25,42,topogcl,1190,,,0.7262997031211853,1
NF-BoT-IoT,0.25,42,topogcl,1191,,,0.9582511782646179,1
NF-BoT-IoT,0.25,42,topogcl,1192,,,0.48965826630592346,1
NF-BoT-IoT,0.25,42,topogcl,1193,,,0.8404971957206726,0
NF-BoT-IoT,0.25,42,topogcl,1194,,,0.4081565737724304,1
NF-BoT-IoT,0.25,42,topogcl,1195,,,0.4393135607242584,1
NF-BoT-IoT,0.25,42,topogcl,1196,,,0.5385444164276123,1
NF-BoT-IoT,0.25,42,topogcl,1197,,,0.3963066339492798,1
NF-BoT-IoT,0.25,42,topogcl,1198,,,0.8388794660568237,0
NF-BoT-IoT,0.25,42,topogcl,1199,,,0.537999153137207,1
NF-BoT-IoT,0.25,42,topogcl,1200,,,0.7719627618789673,1
NF-BoT-IoT,0.25,42,topogcl,1201,,,0.5380639433860779,1
NF-BoT-IoT,0.25,42,topogcl,1202,,,0.48343104124069214,1
NF-BoT-IoT,0.25,42,topogcl,1203,,,0.7129800319671631,1
NF-BoT-IoT,0.25,42,topogcl,1204,,,0.4374506175518036,0
NF-BoT-IoT,0.25,42,topogcl,1205,,,0.9296035170555115,1
NF-BoT-IoT,0.25,42,topogcl,1206,,,0.5390883088111877,0
NF-BoT-IoT,0.25,42,topogcl,1207,,,0.9117707014083862,1
NF-BoT-IoT,0.25,42,topogcl,1208,,,0.6619160175323486,1
NF-BoT-IoT,0.25,42,topogcl,1209,,,0.5282557606697083,1
NF-BoT-IoT,0.25,42,topogcl,1210,,,0.8650886416435242,1
NF-BoT-IoT,0.25,42,topogcl,1211,,,0.47140631079673767,1
NF-BoT-IoT,0.25,42,topogcl,1212,,,0.5384604930877686,0
NF-BoT-IoT,0.25,42,topogcl,1213,,,0.43848717212677,0
NF-BoT-IoT,0.25,42,topogcl,1214,,,0.49105751514434814,1
NF-BoT-IoT,0.25,42,topogcl,1215,,,0.2820209264755249,1
NF-BoT-IoT,0.25,42,topogcl,1216,,,0.5337838530540466,1
NF-BoT-IoT,0.25,42,topogcl,1217,,,0.8687626123428345,1
NF-BoT-IoT,0.25,42,topogcl,1218,,,0.7289991974830627,1
NF-BoT-IoT,0.25,42,topogcl,1219,,,1.2600016593933105,1
NF-BoT-IoT,0.25,42,topogcl,1220,,,0.27550163865089417,1
NF-BoT-IoT,0.25,42,topogcl,1221,,,0.3836596608161926,1
NF-BoT-IoT,0.25,42,topogcl,1222,,,0.5260675549507141,1
NF-BoT-IoT,0.25,42,topogcl,1223,,,0.4021313488483429,1
NF-BoT-IoT,0.25,42,topogcl,1224,,,0.9638240337371826,1
NF-BoT-IoT,0.25,42,topogcl,1225,,,0.4690949618816376,0
NF-BoT-IoT,0.25,42,topogcl,1226,,,0.9764252305030823,1
NF-BoT-IoT,0.25,42,topogcl,1227,,,0.963597297668457,1
NF-BoT-IoT,0.25,42,topogcl,1228,,,0.6224820017814636,1
NF-BoT-IoT,0.25,42,topogcl,1229,,,0.7767761945724487,1
NF-BoT-IoT,0.25,42,topogcl,1230,,,0.46326565742492676,1
NF-BoT-IoT,0.25,42,topogcl,1231,,,0.5387213230133057,1
NF-BoT-IoT,0.25,42,topogcl,1232,,,1.1046795845031738,1
NF-BoT-IoT,0.25,42,topogcl,1233,,,0.3217039704322815,1
NF-BoT-IoT,0.25,42,topogcl,1234,,,0.5318718552589417,1
NF-BoT-IoT,0.25,42,topogcl,1235,,,0.5630946755409241,1
NF-BoT-IoT,0.25,42,topogcl,1236,,,0.23499079048633575,1
NF-BoT-IoT,0.25,42,topogcl,1237,,,0.5777354836463928,1
NF-BoT-IoT,0.25,42,topogcl,1238,,,0.5284588932991028,1
NF-BoT-IoT,0.25,42,topogcl,1239,,,0.4789559245109558,0
NF-BoT-IoT,0.25,42,topogcl,1240,,,0.4378371834754944,1
NF-BoT-IoT,0.25,42,topogcl,1241,,,0.5416229367256165,1
NF-BoT-IoT,0.25,42,topogcl,1242,,,0.5535789728164673,0
NF-BoT-IoT,0.25,42,topogcl,1243,,,0.2647700011730194,1
NF-BoT-IoT,0.25,42,topogcl,1244,,,0.5360621809959412,1
NF-BoT-IoT,0.25,42,topogcl,1245,,,0.5252323746681213,0
NF-BoT-IoT,0.25,42,topogcl,1246,,,0.2587915062904358,1
NF-BoT-IoT,0.25,42,topogcl,1247,,,0.5356388688087463,1
NF-BoT-IoT,0.25,42,topogcl,1248,,,0.8701810836791992,1
NF-BoT-IoT,0.25,42,topogcl,1249,,,0.2767568528652191,1
NF-BoT-IoT,0.25,42,topogcl,1250,,,0.5384832620620728,1
NF-BoT-IoT,0.25,42,topogcl,1251,,,0.2490941882133484,1
NF-BoT-IoT,0.25,42,topogcl,1252,,,0.5298153162002563,1
NF-BoT-IoT,0.25,42,topogcl,1253,,,0.6974855065345764,1
NF-BoT-IoT,0.25,42,topogcl,1254,,,0.8414382934570312,0
NF-BoT-IoT,0.25,42,topogcl,1255,,,2.288482427597046,1
NF-BoT-IoT,0.25,42,topogcl,1256,,,0.5756193399429321,1
NF-BoT-IoT,0.25,42,topogcl,1257,,,1.2609443664550781,1
NF-BoT-IoT,0.25,42,topogcl,1258,,,0.5236874222755432,1
NF-BoT-IoT,0.25,42,topogcl,1259,,,0.5295577645301819,1
NF-BoT-IoT,0.25,42,topogcl,1260,,,0.6029638051986694,0
NF-BoT-IoT,0.25,42,topogcl,1261,,,0.27730730175971985,0
NF-BoT-IoT,0.25,42,topogcl,1262,,,0.5396416187286377,1
NF-BoT-IoT,0.25,42,topogcl,1263,,,0.43071669340133667,0
NF-BoT-IoT,0.25,42,topogcl,1264,,,0.8101784586906433,1
NF-BoT-IoT,0.25,42,topogcl,1265,,,0.5452380776405334,1
NF-BoT-IoT,0.25,42,topogcl,1266,,,0.10248363763093948,1
NF-BoT-IoT,0.25,42,topogcl,1267,,,0.6032348275184631,0
NF-BoT-IoT,0.25,42,topogcl,1268,,,0.5238522887229919,1
NF-BoT-IoT,0.25,42,topogcl,1269,,,0.5825825333595276,1
NF-BoT-IoT,0.25,42,topogcl,1270,,,0.5161513686180115,1
NF-BoT-IoT,0.25,42,topogcl,1271,,,1.2086001634597778,1
NF-BoT-IoT,0.25,42,topogcl,1272,,,0.5553534626960754,1
NF-BoT-IoT,0.25,42,topogcl,1273,,,0.8113764524459839,1
NF-BoT-IoT,0.25,42,topogcl,1274,,,0.9823341965675354,1
NF-BoT-IoT,0.25,42,topogcl,1275,,,0.5395251512527466,1
NF-BoT-IoT,0.25,42,topogcl,1276,,,0.5257335305213928,0
NF-BoT-IoT,0.25,42,topogcl,1277,,,0.5156073570251465,1
NF-BoT-IoT,0.25,42,topogcl,1278,,,0.989275336265564,1
NF-BoT-IoT,0.25,42,topogcl,1279,,,0.18673445284366608,1
NF-BoT-IoT,0.25,42,topogcl,1280,,,0.5250711441040039,1
NF-BoT-IoT,0.25,42,topogcl,1281,,,2.225395917892456,1
NF-BoT-IoT,0.25,42,topogcl,1282,,,0.5394535064697266,0
NF-BoT-IoT,0.25,42,topogcl,1283,,,0.5253069996833801,1
NF-BoT-IoT,0.25,42,topogcl,1284,,,0.5389108657836914,1
NF-BoT-IoT,0.25,42,topogcl,1285,,,1.1818784475326538,1
NF-BoT-IoT,0.25,42,topogcl,1286,,,0.5092273354530334,0
NF-BoT-IoT,0.25,42,topogcl,1287,,,0.6032726764678955,0
NF-BoT-IoT,0.25,42,topogcl,1288,,,0.9746027588844299,1
NF-BoT-IoT,0.25,42,topogcl,1289,,,0.529798686504364,0
NF-BoT-IoT,0.25,42,topogcl,1290,,,0.5691428780555725,0
NF-BoT-IoT,0.25,42,topogcl,1291,,,0.5553193092346191,1
NF-BoT-IoT,0.25,42,topogcl,1292,,,0.6030720472335815,0
NF-BoT-IoT,0.25,42,topogcl,1293,,,0.540195107460022,1
NF-BoT-IoT,0.25,42,topogcl,1294,,,0.30427098274230957,1
NF-BoT-IoT,0.25,42,topogcl,1295,,,0.8365583419799805,1
NF-BoT-IoT,0.25,42,topogcl,1296,,,0.9881628751754761,1
NF-BoT-IoT,0.25,42,topogcl,1297,,,0.18140099942684174,1
NF-BoT-IoT,0.25,42,topogcl,1298,,,0.4934137761592865,1
NF-BoT-IoT,0.25,42,topogcl,1299,,,0.8979927897453308,1
NF-BoT-IoT,0.25,42,topogcl,1300,,,0.9418303966522217,1
NF-BoT-IoT,0.25,42,topogcl,1301,,,0.6212669610977173,1
NF-BoT-IoT,0.25,42,topogcl,1302,,,1.4554998874664307,1
NF-BoT-IoT,0.25,42,topogcl,1303,,,0.5341230034828186,1
NF-BoT-IoT,0.25,42,topogcl,1304,,,0.448493093252182,1
NF-BoT-IoT,0.25,42,topogcl,1305,,,0.5928187370300293,0
NF-BoT-IoT,0.25,42,topogcl,1306,,,1.7720179557800293,1
NF-BoT-IoT,0.25,42,topogcl,1307,,,0.5446659326553345,1
NF-BoT-IoT,0.25,42,topogcl,1308,,,0.5411896705627441,1
NF-BoT-IoT,0.25,42,topogcl,1309,,,0.7724598050117493,1
NF-BoT-IoT,0.25,42,topogcl,1310,,,0.5303192734718323,1
NF-BoT-IoT,0.25,42,topogcl,1311,,,0.6205833554267883,1
NF-BoT-IoT,0.25,42,topogcl,1312,,,0.5404307842254639,0
NF-BoT-IoT,0.25,42,topogcl,1313,,,0.8170426487922668,1
NF-BoT-IoT,0.25,42,topogcl,1314,,,0.536504864692688,1
NF-BoT-IoT,0.25,42,topogcl,1315,,,0.5292607545852661,1
NF-BoT-IoT,0.25,42,topogcl,1316,,,0.622010350227356,1
NF-BoT-IoT,0.25,42,topogcl,1317,,,0.6059420704841614,1
NF-BoT-IoT,0.25,42,topogcl,1318,,,0.9314819574356079,1
NF-BoT-IoT,0.25,42,topogcl,1319,,,0.5220268368721008,1
NF-BoT-IoT,0.25,42,topogcl,1320,,,0.538031816482544,1
NF-BoT-IoT,0.25,42,topogcl,1321,,,0.28999143838882446,1
NF-BoT-IoT,0.25,42,topogcl,1322,,,0.5527252554893494,0
NF-BoT-IoT,0.25,42,topogcl,1323,,,1.4884839057922363,0
NF-BoT-IoT,0.25,42,topogcl,1324,,,1.2737069129943848,1
NF-BoT-IoT,0.25,42,topogcl,1325,,,0.5253886580467224,1
NF-BoT-IoT,0.25,42,topogcl,1326,,,0.8791047930717468,1
NF-BoT-IoT,0.25,42,topogcl,1327,,,0.5252324342727661,1
NF-BoT-IoT,0.25,42,topogcl,1328,,,0.5275411009788513,0
NF-BoT-IoT,0.25,42,topogcl,1329,,,0.834870457649231,1
NF-BoT-IoT,0.25,42,topogcl,1330,,,0.9413537979125977,1
NF-BoT-IoT,0.25,42,topogcl,1331,,,0.5412765741348267,1
NF-BoT-IoT,0.25,42,topogcl,1332,,,0.49955683946609497,1
NF-BoT-IoT,0.25,42,topogcl,1333,,,0.5255407691001892,1
NF-BoT-IoT,0.25,42,topogcl,1334,,,0.9860954880714417,1
NF-BoT-IoT,0.25,42,topogcl,1335,,,0.5262607336044312,1
NF-BoT-IoT,0.25,42,topogcl,1336,,,0.9701301455497742,1
NF-BoT-IoT,0.25,42,topogcl,1337,,,0.6088309288024902,1
NF-BoT-IoT,0.25,42,topogcl,1338,,,1.4928101301193237,1
NF-BoT-IoT,0.25,42,topogcl,1339,,,1.6912040710449219,0
NF-BoT-IoT,0.25,42,topogcl,1340,,,0.5269399285316467,1
NF-BoT-IoT,0.25,42,topogcl,1341,,,0.8742292523384094,1
NF-BoT-IoT,0.25,42,topogcl,1342,,,2.7766196727752686,1
NF-BoT-IoT,0.25,42,topogcl,1343,,,0.536841869354248,1
NF-BoT-IoT,0.25,42,topogcl,1344,,,0.9797037243843079,1
NF-BoT-IoT,0.25,42,topogcl,1345,,,0.9695352911949158,1
NF-BoT-IoT,0.25,42,topogcl,1346,,,0.6047234535217285,1
NF-BoT-IoT,0.25,42,topogcl,1347,,,0.38895711302757263,1
NF-BoT-IoT,0.25,42,topogcl,1348,,,0.5452495217323303,1
NF-BoT-IoT,0.25,42,topogcl,1349,,,0.5334911942481995,0
NF-BoT-IoT,0.25,42,topogcl,1350,,,0.4236598610877991,0
NF-BoT-IoT,0.25,42,topogcl,1351,,,0.5300769209861755,1
NF-BoT-IoT,0.25,42,topogcl,1352,,,0.5876299738883972,0
NF-BoT-IoT,0.25,42,topogcl,1353,,,0.5798842906951904,1
NF-BoT-IoT,0.25,42,topogcl,1354,,,0.53521329164505,1
NF-BoT-IoT,0.25,42,topogcl,1355,,,1.137629747390747,1
NF-BoT-IoT,0.25,42,topogcl,1356,,,0.5470026731491089,1
NF-BoT-IoT,0.25,42,topogcl,1357,,,1.0936243534088135,1
NF-BoT-IoT,0.25,42,topogcl,1358,,,0.5356822609901428,1
NF-BoT-IoT,0.25,42,topogcl,1359,,,0.5436964631080627,1
NF-BoT-IoT,0.25,42,topogcl,1360,,,0.6344331502914429,0
NF-BoT-IoT,0.25,42,topogcl,1361,,,0.5550224184989929,1
NF-BoT-IoT,0.25,42,topogcl,1362,,,0.5386878252029419,1
NF-BoT-IoT,0.25,42,topogcl,1363,,,0.5259125232696533,1
NF-BoT-IoT,0.25,42,topogcl,1364,,,0.9469401240348816,1
NF-BoT-IoT,0.25,42,topogcl,1365,,,0.5350980758666992,1
NF-BoT-IoT,0.25,42,topogcl,1366,,,0.6325606107711792,1
NF-BoT-IoT,0.25,42,topogcl,1367,,,0.5545517802238464,1
NF-BoT-IoT,0.25,42,topogcl,1368,,,0.3989996016025543,0
NF-BoT-IoT,0.25,42,topogcl,1369,,,0.5343133211135864,0
NF-BoT-IoT,0.25,42,topogcl,1370,,,0.24033653736114502,1
NF-BoT-IoT,0.25,42,topogcl,1371,,,3.852019786834717,1
NF-BoT-IoT,0.25,42,topogcl,1372,,,1.1422466039657593,1
NF-BoT-IoT,0.25,42,topogcl,1373,,,0.9506875872612,1
NF-BoT-IoT,0.25,42,topogcl,1374,,,0.5460284352302551,1
NF-BoT-IoT,0.25,42,topogcl,1375,,,0.24771247804164886,1
NF-BoT-IoT,0.25,42,topogcl,1376,,,0.5382372140884399,1
NF-BoT-IoT,0.25,42,topogcl,1377,,,0.2810620367527008,1
NF-BoT-IoT,0.25,42,topogcl,1378,,,0.6650975346565247,1
NF-BoT-IoT,0.25,42,topogcl,1379,,,0.5222736597061157,1
NF-BoT-IoT,0.25,42,topogcl,1380,,,0.5201700925827026,0
NF-BoT-IoT,0.25,42,topogcl,1381,,,0.5360115170478821,1
NF-BoT-IoT,0.25,42,topogcl,1382,,,0.39899513125419617,0
NF-BoT-IoT,0.25,42,topogcl,1383,,,0.25892406702041626,1
NF-BoT-IoT,0.25,42,topogcl,1384,,,1.134824275970459,1
NF-BoT-IoT,0.25,42,topogcl,1385,,,0.533087968826294,0
NF-BoT-IoT,0.25,42,topogcl,1386,,,0.6009722352027893,1
NF-BoT-IoT,0.25,42,topogcl,1387,,,0.5476186871528625,1
NF-BoT-IoT,0.25,42,topogcl,1388,,,0.9583457708358765,1
NF-BoT-IoT,0.25,42,topogcl,1389,,,0.5283105969429016,1
NF-BoT-IoT,0.25,42,topogcl,1390,,,0.9818791151046753,1
NF-BoT-IoT,0.25,42,topogcl,1391,,,0.5815115571022034,1
NF-BoT-IoT,0.25,42,topogcl,1392,,,1.4781991243362427,1
NF-BoT-IoT,0.25,42,topogcl,1393,,,0.883669376373291,1
NF-BoT-IoT,0.25,42,topogcl,1394,,,1.0995159149169922,1
NF-BoT-IoT,0.25,42,topogcl,1395,,,0.5358650088310242,1
NF-BoT-IoT,0.25,42,topogcl,1396,,,0.5011479258537292,1
NF-BoT-IoT,0.25,42,topogcl,1397,,,0.6180530190467834,1
NF-BoT-IoT,0.25,42,topogcl,1398,,,0.5298153162002563,0
NF-BoT-IoT,0.25,42,topogcl,1399,,,0.24252720177173615,1
NF-BoT-IoT,0.25,42,topogcl,1400,,,0.6576677560806274,1
NF-BoT-IoT,0.25,42,topogcl,1401,,,0.7824864983558655,1
NF-BoT-IoT,0.25,42,topogcl,1402,,,0.9307302832603455,1
NF-BoT-IoT,0.25,42,topogcl,1403,,,0.5813684463500977,1
NF-BoT-IoT,0.25,42,topogcl,1404,,,0.395500510931015,1
NF-BoT-IoT,0.25,42,topogcl,1405,,,0.34612154960632324,0
NF-BoT-IoT,0.25,42,topogcl,1406,,,0.5473952293395996,1
NF-BoT-IoT,0.25,42,topogcl,1407,,,0.4005308449268341,1
NF-BoT-IoT,0.25,42,topogcl,1408,,,0.4409262239933014,1
NF-BoT-IoT,0.25,42,topogcl,1409,,,1.5789321660995483,1
NF-BoT-IoT,0.25,42,topogcl,1410,,,0.5250711441040039,1
NF-BoT-IoT,0.25,42,topogcl,1411,,,0.5293223261833191,1
NF-BoT-IoT,0.25,42,topogcl,1412,,,0.5396416187286377,1
NF-BoT-IoT,0.25,42,topogcl,1413,,,0.9021323919296265,1
NF-BoT-IoT,0.25,42,topogcl,1414,,,0.6398720145225525,1
NF-BoT-IoT,0.25,42,topogcl,1415,,,0.5393610000610352,1
NF-BoT-IoT,0.25,42,topogcl,1416,,,0.4316166937351227,1
NF-BoT-IoT,0.25,42,topogcl,1417,,,0.6025763750076294,0
NF-BoT-IoT,0.25,42,topogcl,1418,,,0.5379216074943542,1
NF-BoT-IoT,0.25,42,topogcl,1419,,,0.3969242572784424,0
NF-BoT-IoT,0.25,42,topogcl,1420,,,0.2558264136314392,1
NF-BoT-IoT,0.25,42,topogcl,1421,,,0.5260475873947144,1
NF-BoT-IoT,0.25,42,topogcl,1422,,,0.47555163502693176,1
NF-BoT-IoT,0.25,42,topogcl,1423,,,0.5445941686630249,0
NF-BoT-IoT,0.25,42,topogcl,1424,,,0.4350864589214325,1
NF-BoT-IoT,0.25,42,topogcl,1425,,,0.7630523443222046,1
NF-BoT-IoT,0.25,42,topogcl,1426,,,0.9028955101966858,1
NF-BoT-IoT,0.25,42,topogcl,1427,,,0.509007453918457,0
NF-BoT-IoT,0.25,42,topogcl,1428,,,0.3999785780906677,0
NF-BoT-IoT,0.25,42,topogcl,1429,,,0.5393297672271729,0
NF-BoT-IoT,0.25,42,topogcl,1430,,,0.5356573462486267,1
NF-BoT-IoT,0.25,42,topogcl,1431,,,0.37837743759155273,1
NF-BoT-IoT,0.25,42,topogcl,1432,,,1.3913968801498413,1
NF-BoT-IoT,0.25,42,topogcl,1433,,,0.49197080731391907,1
NF-BoT-IoT,0.25,42,topogcl,1434,,,0.9848290681838989,1
NF-BoT-IoT,0.25,42,topogcl,1435,,,0.6858078837394714,1
NF-BoT-IoT,0.25,42,topogcl,1436,,,0.4756428301334381,0
NF-BoT-IoT,0.25,42,topogcl,1437,,,0.8536816239356995,1
NF-BoT-IoT,0.25,42,topogcl,1438,,,0.48636922240257263,0
NF-BoT-IoT,0.25,42,topogcl,1439,,,0.9667706489562988,1
NF-BoT-IoT,0.25,42,topogcl,1440,,,0.5537142157554626,1
NF-BoT-IoT,0.25,42,topogcl,1441,,,0.5436400771141052,1
NF-BoT-IoT,0.25,42,topogcl,1442,,,0.5429888367652893,1
NF-BoT-IoT,0.25,42,topogcl,1443,,,0.20576885342597961,1
NF-BoT-IoT,0.25,42,topogcl,1444,,,0.5267148613929749,1
NF-BoT-IoT,0.25,42,topogcl,1445,,,0.8847357034683228,1
NF-BoT-IoT,0.25,42,topogcl,1446,,,0.5391573309898376,1
NF-BoT-IoT,0.25,42,topogcl,1447,,,0.22407129406929016,0
NF-BoT-IoT,0.25,42,topogcl,1448,,,4.7946977615356445,1
NF-BoT-IoT,0.25,42,topogcl,1449,,,0.5277117490768433,1
NF-BoT-IoT,0.25,42,topogcl,1450,,,0.2411923110485077,1
NF-BoT-IoT,0.25,42,topogcl,1451,,,0.5423435568809509,1
NF-BoT-IoT,0.25,42,topogcl,1452,,,1.1752307415008545,1
NF-BoT-IoT,0.25,42,topogcl,1453,,,0.5279293656349182,1
NF-BoT-IoT,0.25,42,topogcl,1454,,,0.6723910570144653,1
NF-BoT-IoT,0.25,42,topogcl,1455,,,0.5301460027694702,1
NF-BoT-IoT,0.25,42,topogcl,1456,,,0.5235825181007385,1
NF-BoT-IoT,0.25,42,topogcl,1457,,,0.5409620404243469,1
NF-BoT-IoT,0.25,42,topogcl,1458,,,1.1636930704116821,1
NF-BoT-IoT,0.25,42,topogcl,1459,,,0.8683052659034729,1
NF-BoT-IoT,0.25,42,topogcl,1460,,,0.5399383902549744,1
NF-BoT-IoT,0.25,42,topogcl,1461,,,2.14377498626709,1
NF-BoT-IoT,0.25,42,topogcl,1462,,,0.6520532369613647,1
NF-BoT-IoT,0.25,42,topogcl,1463,,,0.3622504472732544,1
NF-BoT-IoT,0.25,42,topogcl,1464,,,0.5082972049713135,1
NF-BoT-IoT,0.25,42,topogcl,1465,,,0.5362194180488586,1
NF-BoT-IoT,0.25,42,topogcl,1466,,,1.58293616771698,1
NF-BoT-IoT,0.25,42,topogcl,1467,,,0.9930661916732788,1
NF-BoT-IoT,0.25,42,topogcl,1468,,,0.5303194522857666,1
NF-BoT-IoT,0.25,42,topogcl,1469,,,0.5073671936988831,1
NF-BoT-IoT,0.25,42,topogcl,1470,,,0.7752484679222107,1
NF-BoT-IoT,0.25,42,topogcl,1471,,,0.2633496820926666,1
NF-BoT-IoT,0.25,42,topogcl,1472,,,1.8730230331420898,1
NF-BoT-IoT,0.25,42,topogcl,1473,,,0.5252586603164673,1
NF-BoT-IoT,0.25,42,topogcl,1474,,,0.5251325964927673,1
NF-BoT-IoT,0.25,42,topogcl,1475,,,0.5356822609901428,0
NF-BoT-IoT,0.25,42,topogcl,1476,,,0.626175045967102,1
NF-BoT-IoT,0.25,42,topogcl,1477,,,0.4771771728992462,1
NF-BoT-IoT,0.25,42,topogcl,1478,,,0.9580265879631042,1
NF-BoT-IoT,0.25,42,topogcl,1479,,,0.43881818652153015,0
NF-BoT-IoT,0.25,42,topogcl,1480,,,0.28376030921936035,1
NF-BoT-IoT,0.25,42,topogcl,1481,,,0.5104978680610657,1
NF-BoT-IoT,0.25,42,topogcl,1482,,,1.3794174194335938,1
NF-BoT-IoT,0.25,42,topogcl,1483,,,0.27138036489486694,0
NF-BoT-IoT,0.25,42,topogcl,1484,,,0.5592511296272278,1
NF-BoT-IoT,0.25,42,topogcl,1485,,,0.6265417337417603,1
NF-BoT-IoT,0.25,42,topogcl,1486,,,0.957642674446106,1
NF-BoT-IoT,0.25,42,topogcl,1487,,,0.5057143568992615,1
NF-BoT-IoT,0.25,42,topogcl,1488,,,0.7466484308242798,1
NF-BoT-IoT,0.25,42,topogcl,1489,,,2.1256561279296875,1
NF-BoT-IoT,0.25,42,topogcl,1490,,,0.6092020869255066,1
NF-BoT-IoT,0.25,42,topogcl,1491,,,2.885016441345215,1
NF-BoT-IoT,0.25,42,topogcl,1492,,,0.41983577609062195,1
NF-BoT-IoT,0.25,42,topogcl,1493,,,0.8822781443595886,1
NF-BoT-IoT,0.25,42,topogcl,1494,,,0.34106194972991943,0
NF-BoT-IoT,0.25,42,topogcl,1495,,,0.9781920313835144,1
NF-BoT-IoT,0.25,42,topogcl,1496,,,0.599393904209137,0
NF-BoT-IoT,0.25,42,topogcl,1497,,,0.675745964050293,1
NF-BoT-IoT,0.25,42,topogcl,1498,,,0.5283345580101013,1
NF-BoT-IoT,0.25,42,topogcl,1499,,,0.11025935411453247,1
NF-BoT-IoT,0.25,42,topogcl,1500,,,0.856831967830658,0
NF-BoT-IoT,0.25,42,topogcl,1501,,,0.5362312197685242,1
NF-BoT-IoT,0.25,42,topogcl,1502,,,0.18504224717617035,1
NF-BoT-IoT,0.25,42,topogcl,1503,,,0.5257582664489746,1
NF-BoT-IoT,0.25,42,topogcl,1504,,,0.5396196842193604,1
NF-BoT-IoT,0.25,42,topogcl,1505,,,1.0548397302627563,1
NF-BoT-IoT,0.25,42,topogcl,1506,,,1.2756178379058838,1
NF-BoT-IoT,0.25,42,topogcl,1507,,,0.5883063673973083,1
NF-BoT-IoT,0.25,42,topogcl,1508,,,0.5673638582229614,1
NF-BoT-IoT,0.25,42,topogcl,1509,,,0.5281057357788086,1
NF-BoT-IoT,0.25,42,topogcl,1510,,,0.5395976901054382,1
NF-BoT-IoT,0.25,42,topogcl,1511,,,0.5255236029624939,1
NF-BoT-IoT,0.25,42,topogcl,1512,,,0.9175778031349182,1
NF-BoT-IoT,0.25,42,topogcl,1513,,,1.0003845691680908,1
NF-BoT-IoT,0.25,42,topogcl,1514,,,0.7669433355331421,1
NF-BoT-IoT,0.25,42,topogcl,1515,,,0.3944103717803955,1
NF-BoT-IoT,0.25,42,topogcl,1516,,,0.5534193515777588,1
NF-BoT-IoT,0.25,42,topogcl,1517,,,0.5271117091178894,1
NF-BoT-IoT,0.25,42,topogcl,1518,,,0.5725154876708984,1
NF-BoT-IoT,0.25,42,topogcl,1519,,,0.47876107692718506,1
NF-BoT-IoT,0.25,42,topogcl,1520,,,0.6985461115837097,1
NF-BoT-IoT,0.25,42,topogcl,1521,,,1.154754400253296,1
NF-BoT-IoT,0.25,42,topogcl,1522,,,0.5683774352073669,1
NF-BoT-IoT,0.25,42,topogcl,1523,,,0.817838728427887,1
NF-BoT-IoT,0.25,42,topogcl,1524,,,0.5358866453170776,1
NF-BoT-IoT,0.25,42,topogcl,1525,,,0.4262673556804657,1
NF-BoT-IoT,0.25,42,topogcl,1526,,,0.534958004951477,1
NF-BoT-IoT,0.25,42,topogcl,1527,,,0.9770898818969727,1
NF-BoT-IoT,0.25,42,topogcl,1528,,,0.8167278170585632,1
NF-BoT-IoT,0.25,42,topogcl,1529,,,0.684517502784729,0
NF-BoT-IoT,0.25,42,topogcl,1530,,,0.5263813734054565,1
NF-BoT-IoT,0.25,42,topogcl,1531,,,0.2687718868255615,1
NF-BoT-IoT,0.25,42,topogcl,1532,,,0.45485666394233704,0
NF-BoT-IoT,0.25,42,topogcl,1533,,,0.26983752846717834,1
NF-BoT-IoT,0.25,42,topogcl,1534,,,0.6341007947921753,0
NF-BoT-IoT,0.25,42,topogcl,1535,,,0.8868899941444397,1
NF-BoT-IoT,0.25,42,topogcl,1536,,,0.5287267565727234,1
NF-BoT-IoT,0.25,42,topogcl,1537,,,0.15262719988822937,1
NF-BoT-IoT,0.25,42,topogcl,1538,,,0.5302965641021729,1
NF-BoT-IoT,0.25,42,topogcl,1539,,,0.5251325964927673,1
NF-BoT-IoT,0.25,42,topogcl,1540,,,0.5296511650085449,1
NF-BoT-IoT,0.25,42,topogcl,1541,,,0.8330464363098145,0
NF-BoT-IoT,0.25,42,topogcl,1542,,,0.7142782211303711,1
NF-BoT-IoT,0.25,42,topogcl,1543,,,0.587913990020752,1
NF-BoT-IoT,0.25,42,topogcl,1544,,,0.5304391980171204,1
NF-BoT-IoT,0.25,42,topogcl,1545,,,0.25400790572166443,1
NF-BoT-IoT,0.25,42,topogcl,1546,,,1.033660888671875,1
NF-BoT-IoT,0.25,42,topogcl,1547,,,0.7563524842262268,1
NF-BoT-IoT,0.25,42,topogcl,1548,,,0.5425779223442078,1
NF-BoT-IoT,0.25,42,topogcl,1549,,,2.1294846534729004,1
NF-BoT-IoT,0.25,42,topogcl,1550,,,0.20984452962875366,1
NF-BoT-IoT,0.25,42,topogcl,1551,,,0.5297208428382874,1
NF-BoT-IoT,0.25,42,topogcl,1552,,,0.5301228761672974,1
NF-BoT-IoT,0.25,42,topogcl,1553,,,0.5314969420433044,1
NF-BoT-IoT,0.25,42,topogcl,1554,,,1.6672134399414062,1
NF-BoT-IoT,0.25,42,topogcl,1555,,,0.16707709431648254,1
NF-BoT-IoT,0.25,42,topogcl,1556,,,0.5362221002578735,1
NF-BoT-IoT,0.25,42,topogcl,1557,,,1.4726091623306274,1
NF-BoT-IoT,0.25,42,topogcl,1558,,,0.9160140156745911,1
NF-BoT-IoT,0.25,42,topogcl,1559,,,0.5393388867378235,1
NF-BoT-IoT,0.25,42,topogcl,1560,,,0.617592453956604,1
NF-BoT-IoT,0.25,42,topogcl,1561,,,0.6344115734100342,0
NF-BoT-IoT,0.25,42,topogcl,1562,,,0.5391561388969421,1
NF-BoT-IoT,0.25,42,topogcl,1563,,,0.36740750074386597,1
NF-BoT-IoT,0.25,42,topogcl,1564,,,0.6502052545547485,1
NF-BoT-IoT,0.25,42,topogcl,1565,,,1.061448574066162,1
NF-BoT-IoT,0.25,42,topogcl,1566,,,0.54674232006073,1
NF-BoT-IoT,0.25,42,topogcl,1567,,,1.446553349494934,1
NF-BoT-IoT,0.25,42,topogcl,1568,,,2.9814634323120117,1
NF-BoT-IoT,0.25,42,topogcl,1569,,,0.529744029045105,1
NF-BoT-IoT,0.25,42,topogcl,1570,,,0.5298848152160645,1
NF-BoT-IoT,0.25,42,topogcl,1571,,,0.5260855555534363,0
NF-BoT-IoT,0.25,42,topogcl,1572,,,0.7441760897636414,1
NF-BoT-IoT,0.25,42,topogcl,1573,,,0.5121746063232422,1
NF-BoT-IoT,0.25,42,topogcl,1574,,,0.5358179807662964,1
NF-BoT-IoT,0.25,42,topogcl,1575,,,0.5029304623603821,1
NF-BoT-IoT,0.25,42,topogcl,1576,,,0.924894392490387,1
NF-BoT-IoT,0.25,42,topogcl,1577,,,0.48152440786361694,1
NF-BoT-IoT,0.25,42,topogcl,1578,,,0.5250711441040039,1
NF-BoT-IoT,0.25,42,topogcl,1579,,,0.433753103017807,1
NF-BoT-IoT,0.25,42,topogcl,1580,,,0.1555166393518448,1
NF-BoT-IoT,0.25,42,topogcl,1581,,,0.5306744575500488,1
NF-BoT-IoT,0.25,42,topogcl,1582,,,0.46709924936294556,1
NF-BoT-IoT,0.25,42,topogcl,1583,,,0.8881856799125671,1
NF-BoT-IoT,0.25,42,topogcl,1584,,,0.24935439229011536,1
NF-BoT-IoT,0.25,42,topogcl,1585,,,0.5082228779792786,1
NF-BoT-IoT,0.25,42,topogcl,1586,,,1.512192726135254,1
NF-BoT-IoT,0.25,42,topogcl,1587,,,0.5432421565055847,1
NF-BoT-IoT,0.25,42,topogcl,1588,,,1.0505423545837402,1
NF-BoT-IoT,0.25,42,topogcl,1589,,,1.6735528707504272,1
NF-BoT-IoT,0.25,42,topogcl,1590,,,1.3132034540176392,1
NF-BoT-IoT,0.25,42,topogcl,1591,,,0.6081680059432983,1
NF-BoT-IoT,0.25,42,topogcl,1592,,,0.9749324917793274,1
NF-BoT-IoT,0.25,42,topogcl,1593,,,0.5440511703491211,1
NF-BoT-IoT,0.25,42,topogcl,1594,,,0.7038194537162781,1
NF-BoT-IoT,0.25,42,topogcl,1595,,,0.516806960105896,1
NF-BoT-IoT,0.25,42,topogcl,1596,,,0.35581767559051514,1
NF-BoT-IoT,0.25,42,topogcl,1597,,,0.5257077813148499,1
NF-BoT-IoT,0.25,42,topogcl,1598,,,0.5252586603164673,1
NF-BoT-IoT,0.25,42,topogcl,1599,,,0.5578581690788269,1
NF-BoT-IoT,0.25,42,topogcl,1600,,,0.601770281791687,1
NF-BoT-IoT,0.25,42,topogcl,1601,,,0.5299079418182373,1
NF-BoT-IoT,0.25,42,topogcl,1602,,,0.38686251640319824,1
NF-BoT-IoT,0.25,42,topogcl,1603,,,0.49676600098609924,0
NF-BoT-IoT,0.25,42,topogcl,1604,,,0.2225538194179535,0
NF-BoT-IoT,0.25,42,topogcl,1605,,,0.761414647102356,1
NF-BoT-IoT,0.25,42,topogcl,1606,,,0.5535188317298889,0
NF-BoT-IoT,0.25,42,topogcl,1607,,,2.9838650226593018,1
NF-BoT-IoT,0.25,42,topogcl,1608,,,1.3728015422821045,1
NF-BoT-IoT,0.25,42,topogcl,1609,,,3.5129430294036865,1
NF-BoT-IoT,0.25,42,topogcl,1610,,,0.5292513966560364,1
NF-BoT-IoT,0.25,42,topogcl,1611,,,0.4682583212852478,1
NF-BoT-IoT,0.25,42,topogcl,1612,,,0.5381201505661011,1
NF-BoT-IoT,0.25,42,topogcl,1613,,,0.5536516308784485,0
NF-BoT-IoT,0.25,42,topogcl,1614,,,0.5297917127609253,1
NF-BoT-IoT,0.25,42,topogcl,1615,,,1.0540207624435425,1
NF-BoT-IoT,0.25,42,topogcl,1616,,,0.8891283869743347,1
NF-BoT-IoT,0.25,42,topogcl,1617,,,0.5065799951553345,1
NF-BoT-IoT,0.25,42,topogcl,1618,,,1.6755086183547974,1
NF-BoT-IoT,0.25,42,topogcl,1619,,,1.0278104543685913,1
NF-BoT-IoT,0.25,42,topogcl,1620,,,0.2396145462989807,1
NF-BoT-IoT,0.25,42,topogcl,1621,,,0.5191633105278015,0
NF-BoT-IoT,0.25,42,topogcl,1622,,,0.5422444343566895,1
NF-BoT-IoT,0.25,42,topogcl,1623,,,0.5340664386749268,1
NF-BoT-IoT,0.25,42,topogcl,1624,,,0.5347040891647339,1
NF-BoT-IoT,0.25,42,topogcl,1625,,,0.6947300434112549,1
NF-BoT-IoT,0.25,42,topogcl,1626,,,0.5415084362030029,1
NF-BoT-IoT,0.25,42,topogcl,1627,,,0.5409332513809204,1
NF-BoT-IoT,0.25,42,topogcl,1628,,,1.0455881357192993,1
NF-BoT-IoT,0.25,42,topogcl,1629,,,0.5533624887466431,0
NF-BoT-IoT,0.25,42,topogcl,1630,,,0.5287802815437317,1
NF-BoT-IoT,0.25,42,topogcl,1631,,,0.216861754655838,1
NF-BoT-IoT,0.25,42,topogcl,1632,,,0.532136857509613,0
NF-BoT-IoT,0.25,42,topogcl,1633,,,0.5360416173934937,1
NF-BoT-IoT,0.25,42,topogcl,1634,,,0.5844494104385376,0
NF-BoT-IoT,0.25,42,topogcl,1635,,,0.5252586603164673,1
NF-BoT-IoT,0.25,42,topogcl,1636,,,0.9803085923194885,1
NF-BoT-IoT,0.25,42,topogcl,1637,,,0.5295985341072083,1
NF-BoT-IoT,0.25,42,topogcl,1638,,,1.4418296813964844,1
NF-BoT-IoT,0.25,42,topogcl,1639,,,0.5534180402755737,0
NF-BoT-IoT,0.25,42,topogcl,1640,,,0.5254930257797241,1
NF-BoT-IoT,0.25,42,topogcl,1641,,,0.5473352670669556,1
NF-BoT-IoT,0.25,42,topogcl,1642,,,0.5384101867675781,1
NF-BoT-IoT,0.25,42,topogcl,1643,,,0.5251944661140442,1
NF-BoT-IoT,0.25,42,topogcl,1644,,,0.6021745800971985,0
NF-BoT-IoT,0.25,42,topogcl,1645,,,0.5301460027694702,0
NF-BoT-IoT,0.25,42,topogcl,1646,,,0.5153763294219971,0
NF-BoT-IoT,0.25,42,topogcl,1647,,,0.5042487382888794,0
NF-BoT-IoT,0.25,42,topogcl,1648,,,2.0408594608306885,1
NF-BoT-IoT,0.25,42,topogcl,1649,,,0.5284700989723206,0
NF-BoT-IoT,0.25,42,topogcl,1650,,,0.9591714143753052,1
NF-BoT-IoT,0.25,42,topogcl,1651,,,0.2093920260667801,1
NF-BoT-IoT,0.25,42,topogcl,1652,,,0.26114609837532043,1
NF-BoT-IoT,0.25,42,topogcl,1653,,,0.5386922359466553,1
NF-BoT-IoT,0.25,42,topogcl,1654,,,0.5276457071304321,1
NF-BoT-IoT,0.25,42,topogcl,1655,,,0.43712514638900757,1
NF-BoT-IoT,0.25,42,topogcl,1656,,,0.9245314002037048,1
NF-BoT-IoT,0.25,42,topogcl,1657,,,0.6800808310508728,1
NF-BoT-IoT,0.25,42,topogcl,1658,,,0.8957009315490723,1
NF-BoT-IoT,0.25,42,topogcl,1659,,,0.5993284583091736,0
NF-BoT-IoT,0.25,42,topogcl,1660,,,0.5360115170478821,1
NF-BoT-IoT,0.25,42,topogcl,1661,,,0.40939807891845703,0
NF-BoT-IoT,0.25,42,topogcl,1662,,,1.169277548789978,1
NF-BoT-IoT,0.25,42,topogcl,1663,,,1.5740618705749512,1
NF-BoT-IoT,0.25,42,topogcl,1664,,,0.6260866522789001,1
NF-BoT-IoT,0.25,42,topogcl,1665,,,0.5501006245613098,1
NF-BoT-IoT,0.25,42,topogcl,1666,,,0.458341509103775,1
NF-BoT-IoT,0.25,42,topogcl,1667,,,0.5273290872573853,1
NF-BoT-IoT,0.25,42,topogcl,1668,,,1.3867301940917969,1
NF-BoT-IoT,0.25,42,topogcl,1669,,,0.9440088272094727,1
NF-BoT-IoT,0.25,42,topogcl,1670,,,0.5185141563415527,1
NF-BoT-IoT,0.25,42,topogcl,1671,,,0.5396275520324707,1
NF-BoT-IoT,0.25,42,topogcl,1672,,,0.2875615358352661,0
NF-BoT-IoT,0.25,42,topogcl,1673,,,0.5361514687538147,0
NF-BoT-IoT,0.25,42,topogcl,1674,,,0.2532632052898407,1
NF-BoT-IoT,0.25,42,topogcl,1675,,,0.502349853515625,1
NF-BoT-IoT,0.25,42,topogcl,1676,,,0.5117342472076416,1
NF-BoT-IoT,0.25,42,topogcl,1677,,,0.5356822609901428,1
NF-BoT-IoT,0.25,42,topogcl,1678,,,0.6302887797355652,1
NF-BoT-IoT,0.25,42,topogcl,1679,,,0.46359431743621826,1
NF-BoT-IoT,0.25,42,topogcl,1680,,,0.8159674406051636,1
NF-BoT-IoT,0.25,42,topogcl,1681,,,0.6317435503005981,1
NF-BoT-IoT,0.25,42,topogcl,1682,,,0.5389545559883118,1
NF-BoT-IoT,0.25,42,topogcl,1683,,,0.5356822609901428,0
NF-BoT-IoT,0.25,42,topogcl,1684,,,1.7541377544403076,0
NF-BoT-IoT,0.25,42,topogcl,1685,,,0.5362374186515808,0
NF-BoT-IoT,0.25,42,topogcl,1686,,,0.5048767924308777,1
NF-BoT-IoT,0.25,42,topogcl,1687,,,0.6917703747749329,1
NF-BoT-IoT,0.25,42,topogcl,1688,,,1.3136488199234009,1
NF-BoT-IoT,0.25,42,topogcl,1689,,,0.8179248571395874,0
NF-BoT-IoT,0.25,42,topogcl,1690,,,0.19544440507888794,0
NF-BoT-IoT,0.25,42,topogcl,1691,,,0.5329416990280151,1
NF-BoT-IoT,0.25,42,topogcl,1692,,,0.48499029874801636,1
NF-BoT-IoT,0.25,42,topogcl,1693,,,1.0994117259979248,0
NF-BoT-IoT,0.25,42,topogcl,1694,,,0.8702208399772644,1
NF-BoT-IoT,0.25,42,topogcl,1695,,,0.5784856677055359,1
NF-BoT-IoT,0.25,42,topogcl,1696,,,0.9642471671104431,1
NF-BoT-IoT,0.25,42,topogcl,1697,,,0.3743884265422821,0
NF-BoT-IoT,0.25,42,topogcl,1698,,,0.4380783438682556,0
NF-BoT-IoT,0.25,42,topogcl,1699,,,0.33587464690208435,1
NF-BoT-IoT,0.25,42,topogcl,1700,,,0.5215641856193542,1
NF-BoT-IoT,0.25,42,topogcl,1701,,,0.539232075214386,1
NF-BoT-IoT,0.25,42,topogcl,1702,,,1.2289538383483887,1
NF-BoT-IoT,0.25,42,topogcl,1703,,,0.8013348579406738,1
NF-BoT-IoT,0.25,42,topogcl,1704,,,1.3904783725738525,1
NF-BoT-IoT,0.25,42,topogcl,1705,,,0.5088608860969543,0
NF-BoT-IoT,0.25,42,topogcl,1706,,,0.27901795506477356,1
NF-BoT-IoT,0.25,42,topogcl,1707,,,0.5698569416999817,1
NF-BoT-IoT,0.25,42,topogcl,1708,,,0.5385444164276123,1
NF-BoT-IoT,0.25,42,topogcl,1709,,,0.5253232717514038,1
NF-BoT-IoT,0.25,42,topogcl,1710,,,1.4046729803085327,1
NF-BoT-IoT,0.25,42,topogcl,1711,,,0.5300033688545227,1
NF-BoT-IoT,0.25,42,topogcl,1712,,,0.5253232717514038,1
NF-BoT-IoT,0.25,42,topogcl,1713,,,0.6424745917320251,1
NF-BoT-IoT,0.25,42,topogcl,1714,,,0.9884233474731445,1
NF-BoT-IoT,0.25,42,topogcl,1715,,,0.5293037295341492,1
NF-BoT-IoT,0.25,42,topogcl,1716,,,1.2277220487594604,1
NF-BoT-IoT,0.25,42,topogcl,1717,,,0.25531336665153503,1
NF-BoT-IoT,0.25,42,topogcl,1718,,,0.5193381905555725,1
NF-BoT-IoT,0.25,42,topogcl,1719,,,0.5889151096343994,1
NF-BoT-IoT,0.25,42,topogcl,1720,,,0.4942559599876404,1
NF-BoT-IoT,0.25,42,topogcl,1721,,,0.9716376662254333,1
NF-BoT-IoT,0.25,42,topogcl,1722,,,0.6020456552505493,1
NF-BoT-IoT,0.25,42,topogcl,1723,,,1.6829560995101929,0
NF-BoT-IoT,0.25,42,topogcl,1724,,,0.5148259997367859,0
NF-BoT-IoT,0.25,42,topogcl,1725,,,0.6126537919044495,1
NF-BoT-IoT,0.25,42,topogcl,1726,,,0.4363859295845032,0
NF-BoT-IoT,0.25,42,topogcl,1727,,,0.894507110118866,1
NF-BoT-IoT,0.25,42,topogcl,1728,,,0.9827061891555786,1
NF-BoT-IoT,0.25,42,topogcl,1729,,,1.4375360012054443,1
NF-BoT-IoT,0.25,42,topogcl,1730,,,0.5354707837104797,1
NF-BoT-IoT,0.25,42,topogcl,1731,,,0.5026056170463562,1
NF-BoT-IoT,0.25,42,topogcl,1732,,,0.5281670093536377,1
NF-BoT-IoT,0.25,42,topogcl,1733,,,0.4893518388271332,1
NF-BoT-IoT,0.25,42,topogcl,1734,,,0.7346016764640808,1
NF-BoT-IoT,0.25,42,topogcl,1735,,,0.888729989528656,1
NF-BoT-IoT,0.25,42,topogcl,1736,,,0.9690075516700745,1
NF-BoT-IoT,0.25,42,topogcl,1737,,,0.519846498966217,1
NF-BoT-IoT,0.25,42,topogcl,1738,,,0.5357266068458557,1
NF-BoT-IoT,0.25,42,topogcl,1739,,,0.7909300923347473,0
NF-BoT-IoT,0.25,42,topogcl,1740,,,0.5739777088165283,1
NF-BoT-IoT,0.25,42,topogcl,1741,,,0.5359129309654236,1
NF-BoT-IoT,0.25,42,topogcl,1742,,,0.5298848152160645,1
NF-BoT-IoT,0.25,42,topogcl,1743,,,0.24615153670310974,1
NF-BoT-IoT,0.25,42,topogcl,1744,,,0.6864516139030457,1
NF-BoT-IoT,0.25,42,topogcl,1745,,,0.43449893593788147,0
NF-BoT-IoT,0.25,42,topogcl,1746,,,0.9387657642364502,1
NF-BoT-IoT,0.25,42,topogcl,1747,,,0.5533741116523743,0
NF-BoT-IoT,0.25,42,topogcl,1748,,,0.5437728762626648,1
NF-BoT-IoT,0.25,42,topogcl,1749,,,0.6033623218536377,0
NF-BoT-IoT,0.25,42,topogcl,1750,,,0.6265637874603271,1
NF-BoT-IoT,0.25,42,topogcl,1751,,,0.2488473504781723,0
NF-BoT-IoT,0.25,42,topogcl,1752,,,0.9722633957862854,1
NF-BoT-IoT,0.25,42,topogcl,1753,,,0.5271586179733276,1
NF-BoT-IoT,0.25,42,topogcl,1754,,,0.951023519039154,1
NF-BoT-IoT,0.25,42,topogcl,1755,,,0.4360871911048889,1
NF-BoT-IoT,0.25,42,topogcl,1756,,,0.5284624695777893,1
NF-BoT-IoT,0.25,42,topogcl,1757,,,1.0863250494003296,1
NF-BoT-IoT,0.25,42,topogcl,1758,,,1.25272536277771,1
NF-BoT-IoT,0.25,42,topogcl,1759,,,1.5579458475112915,1
NF-BoT-IoT,0.25,42,topogcl,1760,,,0.5334227681159973,1
NF-BoT-IoT,0.25,42,topogcl,1761,,,0.5222153067588806,1
NF-BoT-IoT,0.25,42,topogcl,1762,,,0.3739560544490814,0
NF-BoT-IoT,0.25,42,topogcl,1763,,,0.42462998628616333,0
NF-BoT-IoT,0.25,42,topogcl,1764,,,0.5390920639038086,1
NF-BoT-IoT,0.25,42,topogcl,1765,,,0.528997540473938,1
NF-BoT-IoT,0.25,42,topogcl,1766,,,0.526965320110321,1
NF-BoT-IoT,0.25,42,topogcl,1767,,,0.5291953086853027,1
NF-BoT-IoT,0.25,42,topogcl,1768,,,0.5368655920028687,1
NF-BoT-IoT,0.25,42,topogcl,1769,,,1.3555402755737305,0
NF-BoT-IoT,0.25,42,topogcl,1770,,,0.5390490889549255,1
NF-BoT-IoT,0.25,42,topogcl,1771,,,0.5362929701805115,1
NF-BoT-IoT,0.25,42,topogcl,1772,,,0.33546119928359985,1
NF-BoT-IoT,0.25,42,topogcl,1773,,,0.7066361308097839,1
NF-BoT-IoT,0.25,42,topogcl,1774,,,0.24395348131656647,1
NF-BoT-IoT,0.25,42,topogcl,1775,,,0.5365966558456421,1
NF-BoT-IoT,0.25,42,topogcl,1776,,,0.4631156325340271,1
NF-BoT-IoT,0.25,42,topogcl,1777,,,0.3097289204597473,0
NF-BoT-IoT,0.25,42,topogcl,1778,,,0.5185123682022095,0
NF-BoT-IoT,0.25,42,topogcl,1779,,,0.2659355401992798,1
NF-BoT-IoT,0.25,42,topogcl,1780,,,0.3816149830818176,0
NF-BoT-IoT,0.25,42,topogcl,1781,,,0.528231680393219,1
NF-BoT-IoT,0.25,42,topogcl,1782,,,1.0280654430389404,1
NF-BoT-IoT,0.25,42,topogcl,1783,,,0.9280838370323181,1
NF-BoT-IoT,0.25,42,topogcl,1784,,,0.6612500548362732,1
NF-BoT-IoT,0.25,42,topogcl,1785,,,0.9378370046615601,1
NF-BoT-IoT,0.25,42,topogcl,1786,,,1.095629334449768,1
NF-BoT-IoT,0.25,42,topogcl,1787,,,0.4377872347831726,1
NF-BoT-IoT,0.25,42,topogcl,1788,,,0.8284351825714111,1
NF-BoT-IoT,0.25,42,topogcl,1789,,,1.8485567569732666,1
NF-BoT-IoT,0.25,42,topogcl,1790,,,0.2547808587551117,1
NF-BoT-IoT,0.25,42,topogcl,1791,,,1.8055697679519653,1
NF-BoT-IoT,0.25,42,topogcl,1792,,,0.9707221388816833,1
NF-BoT-IoT,0.25,42,topogcl,1793,,,0.6076861023902893,1
NF-BoT-IoT,0.25,42,topogcl,1794,,,0.5295586585998535,1
NF-BoT-IoT,0.25,42,topogcl,1795,,,0.2571949064731598,1
NF-BoT-IoT,0.25,42,topogcl,1796,,,0.6001931428909302,0
NF-BoT-IoT,0.25,42,topogcl,1797,,,0.7821089625358582,1
NF-BoT-IoT,0.25,42,topogcl,1798,,,0.6376693248748779,1
NF-BoT-IoT,0.25,42,topogcl,1799,,,0.833042323589325,1
NF-BoT-IoT,0.25,42,topogcl,1800,,,0.5395191311836243,1
NF-BoT-IoT,0.25,42,topogcl,1801,,,0.5253232717514038,1
NF-BoT-IoT,0.25,42,topogcl,1802,,,0.5817570686340332,1
NF-BoT-IoT,0.25,42,topogcl,1803,,,0.5377692580223083,1
NF-BoT-IoT,0.25,42,topogcl,1804,,,0.6824986934661865,1
NF-BoT-IoT,0.25,42,topogcl,1805,,,0.9105043411254883,1
NF-BoT-IoT,0.25,42,topogcl,1806,,,0.6402450203895569,1
NF-BoT-IoT,0.25,42,topogcl,1807,,,4.433534622192383,1
NF-BoT-IoT,0.25,42,topogcl,1808,,,0.5299079418182373,1
NF-BoT-IoT,0.25,42,topogcl,1809,,,0.5350218415260315,1
NF-BoT-IoT,0.25,42,topogcl,1810,,,0.5475181341171265,0
NF-BoT-IoT,0.25,42,topogcl,1811,,,0.30349475145339966,0
NF-BoT-IoT,0.25,42,topogcl,1812,,,0.5292372703552246,1
NF-BoT-IoT,0.25,42,topogcl,1813,,,0.5591126084327698,1
NF-BoT-IoT,0.25,42,topogcl,1814,,,0.5422672033309937,1
NF-BoT-IoT,0.25,42,topogcl,1815,,,0.598970353603363,1
NF-BoT-IoT,0.25,42,topogcl,1816,,,0.9475746154785156,1
NF-BoT-IoT,0.25,42,topogcl,1817,,,0.5430235862731934,1
NF-BoT-IoT,0.25,42,topogcl,1818,,,0.45788225531578064,1
NF-BoT-IoT,0.25,42,topogcl,1819,,,0.6844350695610046,1
NF-BoT-IoT,0.25,42,topogcl,1820,,,0.6237932443618774,1
NF-BoT-IoT,0.25,42,topogcl,1821,,,1.0945154428482056,1
NF-BoT-IoT,0.25,42,topogcl,1822,,,0.47217392921447754,1
NF-BoT-IoT,0.25,42,topogcl,1823,,,0.576348066329956,1
NF-BoT-IoT,0.25,42,topogcl,1824,,,0.5493873357772827,1
NF-BoT-IoT,0.25,42,topogcl,1825,,,0.4874594211578369,0
NF-BoT-IoT,0.25,42,topogcl,1826,,,0.5179053544998169,1
NF-BoT-IoT,0.25,42,topogcl,1827,,,0.2611238360404968,1
NF-BoT-IoT,0.25,42,topogcl,1828,,,0.8714814186096191,1
NF-BoT-IoT,0.25,42,topogcl,1829,,,3.2714524269104004,1
NF-BoT-IoT,0.25,42,topogcl,1830,,,0.6032464504241943,0
NF-BoT-IoT,0.25,42,topogcl,1831,,,0.2605109214782715,1
NF-BoT-IoT,0.25,42,topogcl,1832,,,0.5410047173500061,1
NF-BoT-IoT,0.25,42,topogcl,1833,,,0.5331655740737915,0
NF-BoT-IoT,0.25,42,topogcl,1834,,,0.9727499485015869,1
NF-BoT-IoT,0.25,42,topogcl,1835,,,0.43343961238861084,1
NF-BoT-IoT,0.25,42,topogcl,1836,,,1.1370333433151245,1
NF-BoT-IoT,0.25,42,topogcl,1837,,,0.9403697848320007,1
NF-BoT-IoT,0.25,42,topogcl,1838,,,0.9784873127937317,1
NF-BoT-IoT,0.25,42,topogcl,1839,,,0.4880049526691437,1
NF-BoT-IoT,0.25,42,topogcl,1840,,,0.9292623400688171,1
NF-BoT-IoT,0.25,42,topogcl,1841,,,0.6611331701278687,1
NF-BoT-IoT,0.25,42,topogcl,1842,,,0.43086883425712585,1
NF-BoT-IoT,0.25,42,topogcl,1843,,,0.668307363986969,1
NF-BoT-IoT,0.25,42,topogcl,1844,,,0.7050784230232239,1
NF-BoT-IoT,0.25,42,topogcl,1845,,,0.5419889688491821,0
NF-BoT-IoT,0.25,42,topogcl,1846,,,0.5301517248153687,1
NF-BoT-IoT,0.25,42,topogcl,1847,,,0.552711009979248,0
NF-BoT-IoT,0.25,42,topogcl,1848,,,1.265866756439209,1
NF-BoT-IoT,0.25,42,topogcl,1849,,,0.5360115170478821,1
NF-BoT-IoT,0.25,42,topogcl,1850,,,0.6617655158042908,1
NF-BoT-IoT,0.25,42,topogcl,1851,,,0.5396196842193604,1
NF-BoT-IoT,0.25,42,topogcl,1852,,,1.1927523612976074,0
NF-BoT-IoT,0.25,42,topogcl,1853,,,0.5296508073806763,1
NF-BoT-IoT,0.25,42,topogcl,1854,,,0.5254976749420166,1
NF-BoT-IoT,0.25,42,topogcl,1855,,,0.5285148024559021,1
NF-BoT-IoT,0.25,42,topogcl,1856,,,0.16376663744449615,1
NF-BoT-IoT,0.25,42,topogcl,1857,,,0.5797809362411499,1
NF-BoT-IoT,0.25,42,topogcl,1858,,,0.9296354651451111,1
NF-BoT-IoT,0.25,42,topogcl,1859,,,0.25126373767852783,1
NF-BoT-IoT,0.25,42,topogcl,1860,,,0.5279046297073364,1
NF-BoT-IoT,0.25,42,topogcl,1861,,,0.4510267972946167,1
NF-BoT-IoT,0.25,42,topogcl,1862,,,0.49540600180625916,1
NF-BoT-IoT,0.25,42,topogcl,1863,,,0.5338894724845886,1
NF-BoT-IoT,0.25,42,topogcl,1864,,,0.5032421350479126,1
NF-BoT-IoT,0.25,42,topogcl,1865,,,0.9118519425392151,1
NF-BoT-IoT,0.25,42,topogcl,1866,,,0.512876033782959,1
NF-BoT-IoT,0.25,42,topogcl,1867,,,0.7507686018943787,1
NF-BoT-IoT,0.25,42,topogcl,1868,,,0.6379370093345642,1
NF-BoT-IoT,0.25,42,topogcl,1869,,,0.47741860151290894,0
NF-BoT-IoT,0.25,42,topogcl,1870,,,0.5537365674972534,1
NF-BoT-IoT,0.25,42,topogcl,1871,,,0.5302435755729675,0
NF-BoT-IoT,0.25,42,topogcl,1872,,,0.858087956905365,1
NF-BoT-IoT,0.25,42,topogcl,1873,,,0.8047385811805725,1
NF-BoT-IoT,0.25,42,topogcl,1874,,,0.9535317420959473,1
NF-BoT-IoT,0.25,42,topogcl,1875,,,0.2547881603240967,1
NF-BoT-IoT,0.25,42,topogcl,1876,,,0.9395865201950073,1
NF-BoT-IoT,0.25,42,topogcl,1877,,,0.9492260217666626,1
NF-BoT-IoT,0.25,42,topogcl,1878,,,0.6197085976600647,1
NF-BoT-IoT,0.25,42,topogcl,1879,,,0.5090007781982422,1
NF-BoT-IoT,0.25,42,topogcl,1880,,,0.5740283131599426,1
NF-BoT-IoT,0.25,42,topogcl,1881,,,0.3923828899860382,1
NF-BoT-IoT,0.25,42,topogcl,1882,,,1.153357982635498,1
NF-BoT-IoT,0.25,42,topogcl,1883,,,0.5301228761672974,1
NF-BoT-IoT,0.25,42,topogcl,1884,,,0.397908091545105,1
NF-BoT-IoT,0.25,42,topogcl,1885,,,0.5252586603164673,1
NF-BoT-IoT,0.25,42,topogcl,1886,,,0.39941105246543884,0
NF-BoT-IoT,0.25,42,topogcl,1887,,,0.38817158341407776,1
NF-BoT-IoT,0.25,42,topogcl,1888,,,0.5393569469451904,1
NF-BoT-IoT,0.25,42,topogcl,1889,,,0.7445150017738342,1
NF-BoT-IoT,0.25,42,topogcl,1890,,,0.21631057560443878,0
NF-BoT-IoT,0.25,42,topogcl,1891,,,0.9887990355491638,1
NF-BoT-IoT,0.25,42,topogcl,1892,,,0.6856375336647034,1
NF-BoT-IoT,0.25,42,topogcl,1893,,,0.45650333166122437,1
NF-BoT-IoT,0.25,42,topogcl,1894,,,0.7871937155723572,1
NF-BoT-IoT,0.25,42,topogcl,1895,,,0.5215246081352234,1
NF-BoT-IoT,0.25,42,topogcl,1896,,,0.5537497997283936,0
NF-BoT-IoT,0.25,42,topogcl,1897,,,1.1929025650024414,1
NF-BoT-IoT,0.25,42,topogcl,1898,,,0.9879133701324463,1
NF-BoT-IoT,0.25,42,topogcl,1899,,,0.5671431422233582,1
NF-BoT-IoT,0.25,42,topogcl,1900,,,0.6908719539642334,1
NF-BoT-IoT,0.25,42,topogcl,1901,,,0.5427884459495544,1
NF-BoT-IoT,0.25,42,topogcl,1902,,,0.6839554905891418,1
NF-BoT-IoT,0.25,42,topogcl,1903,,,2.5723581314086914,1
NF-BoT-IoT,0.25,42,topogcl,1904,,,0.9553735256195068,1
NF-BoT-IoT,0.25,42,topogcl,1905,,,0.27464595437049866,1
NF-BoT-IoT,0.25,42,topogcl,1906,,,0.6333432197570801,1
NF-BoT-IoT,0.25,42,topogcl,1907,,,1.0303057432174683,1
NF-BoT-IoT,0.25,42,topogcl,1908,,,0.5356969237327576,1
NF-BoT-IoT,0.25,42,topogcl,1909,,,0.5335069298744202,1
NF-BoT-IoT,0.25,42,topogcl,1910,,,0.2423872947692871,1
NF-BoT-IoT,0.25,42,topogcl,1911,,,0.5303402543067932,1
NF-BoT-IoT,0.25,42,topogcl,1912,,,1.904477596282959,1
NF-BoT-IoT,0.25,42,topogcl,1913,,,0.8458505272865295,1
NF-BoT-IoT,0.25,42,topogcl,1914,,,0.5399748086929321,1
NF-BoT-IoT,0.25,42,topogcl,1915,,,0.9532302618026733,1
NF-BoT-IoT,0.25,42,topogcl,1916,,,0.5358024835586548,1
NF-BoT-IoT,0.25,42,topogcl,1917,,,0.5447109341621399,1
NF-BoT-IoT,0.25,42,topogcl,1918,,,0.14950509369373322,1
NF-BoT-IoT,0.25,42,topogcl,1919,,,0.538651704788208,1
NF-BoT-IoT,0.25,42,topogcl,1920,,,0.887240469455719,1
NF-BoT-IoT,0.25,42,topogcl,1921,,,0.5353009700775146,1
NF-BoT-IoT,0.25,42,topogcl,1922,,,1.1824159622192383,1
NF-BoT-IoT,0.25,42,topogcl,1923,,,0.17725123465061188,1
NF-BoT-IoT,0.25,42,topogcl,1924,,,1.3097747564315796,1
NF-BoT-IoT,0.25,42,topogcl,1925,,,1.9443317651748657,0
NF-BoT-IoT,0.25,42,topogcl,1926,,,0.5973227620124817,0
NF-BoT-IoT,0.25,42,topogcl,1927,,,0.5251950025558472,1
NF-BoT-IoT,0.25,42,topogcl,1928,,,0.5867612361907959,1
NF-BoT-IoT,0.25,42,topogcl,1929,,,0.5362293720245361,1
NF-BoT-IoT,0.25,42,topogcl,1930,,,0.5536094903945923,1
NF-BoT-IoT,0.25,42,topogcl,1931,,,0.4404357671737671,0
NF-BoT-IoT,0.25,42,topogcl,1932,,,1.119952917098999,1
NF-BoT-IoT,0.25,42,topogcl,1933,,,0.3284018635749817,1
NF-BoT-IoT,0.25,42,topogcl,1934,,,1.100783109664917,1
NF-BoT-IoT,0.25,42,topogcl,1935,,,0.4569718837738037,1
NF-BoT-IoT,0.25,42,topogcl,1936,,,0.9030810594558716,1
NF-BoT-IoT,0.25,42,topogcl,1937,,,0.7564086318016052,1
NF-BoT-IoT,0.25,42,topogcl,1938,,,0.43313145637512207,1
NF-BoT-IoT,0.25,42,topogcl,1939,,,0.48385554552078247,1
NF-BoT-IoT,0.25,42,topogcl,1940,,,0.895078718662262,1
NF-BoT-IoT,0.25,42,topogcl,1941,,,0.7305524945259094,1
NF-BoT-IoT,0.25,42,topogcl,1942,,,0.8502504229545593,1
NF-BoT-IoT,0.25,42,topogcl,1943,,,0.43749088048934937,1
NF-BoT-IoT,0.25,42,topogcl,1944,,,0.5295120477676392,1
NF-BoT-IoT,0.25,42,topogcl,1945,,,0.5300264954566956,1
NF-BoT-IoT,0.25,42,topogcl,1946,,,0.5327520966529846,1
NF-BoT-IoT,0.25,42,topogcl,1947,,,0.44476965069770813,1
NF-BoT-IoT,0.25,42,topogcl,1948,,,0.5303882360458374,1
NF-BoT-IoT,0.25,42,topogcl,1949,,,0.5366181135177612,1
NF-BoT-IoT,0.25,42,topogcl,1950,,,0.43506383895874023,0
NF-BoT-IoT,0.25,42,topogcl,1951,,,0.5607505440711975,1
NF-BoT-IoT,0.25,42,topogcl,1952,,,0.815884530544281,1
NF-BoT-IoT,0.25,42,topogcl,1953,,,3.6469852924346924,1
NF-BoT-IoT,0.25,42,topogcl,1954,,,0.5242242813110352,1
NF-BoT-IoT,0.25,42,topogcl,1955,,,2.3437511920928955,1
NF-BoT-IoT,0.25,42,topogcl,1956,,,0.5488404631614685,0
NF-BoT-IoT,0.25,42,topogcl,1957,,,0.28426265716552734,1
NF-BoT-IoT,0.25,42,topogcl,1958,,,0.5231335759162903,1
NF-BoT-IoT,0.25,42,topogcl,1959,,,1.2781832218170166,1
NF-BoT-IoT,0.25,42,topogcl,1960,,,0.6030983924865723,0
NF-BoT-IoT,0.25,42,topogcl,1961,,,0.5336123108863831,1
NF-BoT-IoT,0.25,42,topogcl,1962,,,0.5194414854049683,1
NF-BoT-IoT,0.25,42,topogcl,1963,,,0.8112547397613525,0
NF-BoT-IoT,0.25,42,topogcl,1964,,,0.5090010166168213,1
NF-BoT-IoT,0.25,42,topogcl,1965,,,0.5357718467712402,1
NF-BoT-IoT,0.25,42,topogcl,1966,,,0.2631710469722748,0
NF-BoT-IoT,0.25,42,topogcl,1967,,,0.6831528544425964,1
NF-BoT-IoT,0.25,42,topogcl,1968,,,0.32556867599487305,1
NF-BoT-IoT,0.25,42,topogcl,1969,,,0.9938644170761108,1
NF-BoT-IoT,0.25,42,topogcl,1970,,,0.2504194974899292,1
NF-BoT-IoT,0.25,42,topogcl,1971,,,0.4757018983364105,1
NF-BoT-IoT,0.25,42,topogcl,1972,,,2.172593355178833,1
NF-BoT-IoT,0.25,42,topogcl,1973,,,0.9286648631095886,1
NF-BoT-IoT,0.25,42,topogcl,1974,,,0.12887148559093475,1
NF-BoT-IoT,0.25,42,topogcl,1975,,,0.24358762800693512,1
NF-BoT-IoT,0.25,42,topogcl,1976,,,0.5535761713981628,0
NF-BoT-IoT,0.25,42,topogcl,1977,,,0.534538745880127,1
NF-BoT-IoT,0.25,42,topogcl,1978,,,0.4265757203102112,1
NF-BoT-IoT,0.25,42,topogcl,1979,,,1.0943443775177002,1
NF-BoT-IoT,0.25,42,topogcl,1980,,,1.086586356163025,1
NF-BoT-IoT,0.25,42,topogcl,1981,,,0.2714226245880127,1
NF-BoT-IoT,0.25,42,topogcl,1982,,,0.6189382076263428,0
NF-BoT-IoT,0.25,42,topogcl,1983,,,1.0932955741882324,1
NF-BoT-IoT,0.25,42,topogcl,1984,,,0.9841456413269043,1
NF-BoT-IoT,0.25,42,topogcl,1985,,,0.5308763384819031,1
NF-BoT-IoT,0.25,42,topogcl,1986,,,0.5262443423271179,0
NF-BoT-IoT,0.25,42,topogcl,1987,,,2.073634624481201,1
NF-BoT-IoT,0.25,42,topogcl,1988,,,2.1542935371398926,1
NF-BoT-IoT,0.25,42,topogcl,1989,,,0.4083986282348633,1
NF-BoT-IoT,0.25,42,topogcl,1990,,,0.5331469178199768,1
NF-BoT-IoT,0.25,42,topogcl,1991,,,0.5295354127883911,1
NF-BoT-IoT,0.25,42,topogcl,1992,,,1.01743745803833,1
NF-BoT-IoT,0.25,42,topogcl,1993,,,0.5435433983802795,1
NF-BoT-IoT,0.25,42,topogcl,1994,,,0.6431971192359924,1
NF-BoT-IoT,0.25,42,topogcl,1995,,,0.7676698565483093,1
NF-BoT-IoT,0.25,42,topogcl,1996,,,0.5252586603164673,1
NF-BoT-IoT,0.25,42,topogcl,1997,,,0.5238768458366394,0
NF-BoT-IoT,0.25,42,topogcl,1998,,,0.1329595446586609,1
NF-BoT-IoT,0.25,42,topogcl,1999,,,0.46448439359664917,1
NF-BoT-IoT,0.25,42,topogcl,2000,,,0.8227971792221069,1
NF-BoT-IoT,0.25,42,topogcl,2001,,,0.6272620558738708,1
NF-BoT-IoT,0.25,42,topogcl,2002,,,0.5953184962272644,0
NF-BoT-IoT,0.25,42,topogcl,2003,,,0.2573716938495636,1
NF-BoT-IoT,0.25,42,topogcl,2004,,,0.22348317503929138,1
NF-BoT-IoT,0.25,42,topogcl,2005,,,0.5537497997283936,0
NF-BoT-IoT,0.25,42,topogcl,2006,,,1.4949740171432495,1
NF-BoT-IoT,0.25,42,topogcl,2007,,,0.4629747271537781,1
NF-BoT-IoT,0.25,42,topogcl,2008,,,0.6032049655914307,0
NF-BoT-IoT,0.25,42,topogcl,2009,,,0.5409239530563354,1
NF-BoT-IoT,0.25,42,topogcl,2010,,,0.8616473078727722,0
NF-BoT-IoT,0.25,42,topogcl,2011,,,0.5361963510513306,1
NF-BoT-IoT,0.25,42,topogcl,2012,,,0.16951726377010345,1
NF-BoT-IoT,0.25,42,topogcl,2013,,,0.5295809507369995,1
NF-BoT-IoT,0.25,42,topogcl,2014,,,0.5437796115875244,1
NF-BoT-IoT,0.25,42,topogcl,2015,,,0.5246348977088928,1
NF-BoT-IoT,0.25,42,topogcl,2016,,,0.6271799802780151,0
NF-BoT-IoT,0.25,42,topogcl,2017,,,0.5436497330665588,1
NF-BoT-IoT,0.25,42,topogcl,2018,,,0.545942485332489,1
NF-BoT-IoT,0.25,42,topogcl,2019,,,0.6028364896774292,0
NF-BoT-IoT,0.25,42,topogcl,2020,,,0.5028193593025208,1
NF-BoT-IoT,0.25,42,topogcl,2021,,,0.2615309953689575,1
NF-BoT-IoT,0.25,42,topogcl,2022,,,0.5251325964927673,1
NF-BoT-IoT,0.25,42,topogcl,2023,,,0.5293976068496704,1
NF-BoT-IoT,0.25,42,topogcl,2024,,,0.23806263506412506,1
NF-BoT-IoT,0.25,42,topogcl,2025,,,0.24887937307357788,1
NF-BoT-IoT,0.25,42,topogcl,2026,,,0.9656423330307007,1
NF-BoT-IoT,0.25,42,topogcl,2027,,,0.5271585583686829,1
NF-BoT-IoT,0.25,42,topogcl,2028,,,1.2118586301803589,1
NF-BoT-IoT,0.25,42,topogcl,2029,,,0.9959439039230347,1
NF-BoT-IoT,0.25,42,topogcl,2030,,,0.3749328851699829,0
NF-BoT-IoT,0.25,42,topogcl,2031,,,0.12440046668052673,0
NF-BoT-IoT,0.25,42,topogcl,2032,,,0.5828605890274048,1
NF-BoT-IoT,0.25,42,topogcl,2033,,,0.5088606476783752,0
NF-BoT-IoT,0.25,42,topogcl,2034,,,0.3678360879421234,1
NF-BoT-IoT,0.25,42,topogcl,2035,,,1.0036600828170776,1
NF-BoT-IoT,0.25,42,topogcl,2036,,,0.9905155897140503,1
NF-BoT-IoT,0.25,42,topogcl,2037,,,0.543300449848175,1
NF-BoT-IoT,0.25,42,topogcl,2038,,,0.29133540391921997,1
NF-BoT-IoT,0.25,42,topogcl,2039,,,0.5087809562683105,0
NF-BoT-IoT,0.25,42,topogcl,2040,,,0.5937957763671875,0
NF-BoT-IoT,0.25,42,topogcl,2041,,,0.26590123772621155,1
NF-BoT-IoT,0.25,42,topogcl,2042,,,0.5388830900192261,1
NF-BoT-IoT,0.25,42,topogcl,2043,,,0.5437620878219604,1
NF-BoT-IoT,0.25,42,topogcl,2044,,,0.5296279788017273,1
NF-BoT-IoT,0.25,42,topogcl,2045,,,0.5176339149475098,1
NF-BoT-IoT,0.25,42,topogcl,2046,,,0.9962102174758911,1
NF-BoT-IoT,0.25,42,topogcl,2047,,,0.5326852202415466,1
NF-BoT-IoT,0.25,42,topogcl,2048,,,1.5008268356323242,1
NF-BoT-IoT,0.25,42,topogcl,2049,,,0.9897546172142029,1
NF-BoT-IoT,0.25,42,topogcl,2050,,,0.5256326198577881,1
NF-BoT-IoT,0.25,42,topogcl,2051,,,0.5357266068458557,1
NF-BoT-IoT,0.25,42,topogcl,2052,,,0.5251950025558472,1
NF-BoT-IoT,0.25,42,topogcl,2053,,,0.45119068026542664,1
NF-BoT-IoT,0.25,42,topogcl,2054,,,0.9612264633178711,0
NF-BoT-IoT,0.25,42,topogcl,2055,,,0.53358393907547,0
NF-BoT-IoT,0.25,42,topogcl,2056,,,0.5189365744590759,0
NF-BoT-IoT,0.25,42,topogcl,2057,,,0.6886031627655029,1
NF-BoT-IoT,0.25,42,topogcl,2058,,,0.3979856073856354,1
NF-BoT-IoT,0.25,42,topogcl,2059,,,0.5398062467575073,1
NF-BoT-IoT,0.25,42,topogcl,2060,,,0.5251950025558472,1
NF-BoT-IoT,0.25,42,topogcl,2061,,,0.41438376903533936,1
NF-BoT-IoT,0.25,42,topogcl,2062,,,1.2523266077041626,1
NF-BoT-IoT,0.25,42,topogcl,2063,,,0.3149106800556183,1
NF-BoT-IoT,0.25,42,topogcl,2064,,,0.5367785692214966,1
NF-BoT-IoT,0.25,42,topogcl,2065,,,0.5319143533706665,0
NF-BoT-IoT,0.25,42,topogcl,2066,,,0.5365781188011169,1
NF-BoT-IoT,0.25,42,topogcl,2067,,,0.5127583742141724,1
NF-BoT-IoT,0.25,42,topogcl,2068,,,0.5239066481590271,0
NF-BoT-IoT,0.25,42,topogcl,2069,,,0.7500281929969788,1
NF-BoT-IoT,0.25,42,topogcl,2070,,,0.5283188223838806,1
NF-BoT-IoT,0.25,42,topogcl,2071,,,0.5260284543037415,1
NF-BoT-IoT,0.25,42,topogcl,2072,,,0.7474464774131775,1
NF-BoT-IoT,0.25,42,topogcl,2073,,,0.46933531761169434,1
NF-BoT-IoT,0.25,42,topogcl,2074,,,0.9466004371643066,1
NF-BoT-IoT,0.25,42,topogcl,2075,,,0.3910455107688904,0
NF-BoT-IoT,0.25,42,topogcl,2076,,,0.5516634583473206,1
NF-BoT-IoT,0.25,42,topogcl,2077,,,0.532136857509613,0
NF-BoT-IoT,0.25,42,topogcl,2078,,,0.4472728967666626,1
NF-BoT-IoT,0.25,42,topogcl,2079,,,0.5129813551902771,1
NF-BoT-IoT,0.25,42,topogcl,2080,,,0.6680041551589966,1
NF-BoT-IoT,0.25,42,topogcl,2081,,,0.8417980074882507,1
NF-BoT-IoT,0.25,42,topogcl,2082,,,0.5360621809959412,1
NF-BoT-IoT,0.25,42,topogcl,2083,,,0.5120418071746826,1
NF-BoT-IoT,0.25,42,topogcl,2084,,,0.6187724471092224,0
NF-BoT-IoT,0.25,42,topogcl,2085,,,1.135959267616272,1
NF-BoT-IoT,0.25,42,topogcl,2086,,,0.9040708541870117,1
NF-BoT-IoT,0.25,42,topogcl,2087,,,0.25719010829925537,1
NF-BoT-IoT,0.25,42,topogcl,2088,,,0.8643952012062073,1
NF-BoT-IoT,0.25,42,topogcl,2089,,,0.46994447708129883,1
NF-BoT-IoT,0.25,42,topogcl,2090,,,1.2879420518875122,1
NF-BoT-IoT,0.25,42,topogcl,2091,,,0.5536541938781738,1
NF-BoT-IoT,0.25,42,topogcl,2092,,,0.538140594959259,1
NF-BoT-IoT,0.25,42,topogcl,2093,,,1.0514665842056274,1
NF-BoT-IoT,0.25,42,topogcl,2094,,,0.553162157535553,0
NF-BoT-IoT,0.25,42,topogcl,2095,,,0.5281552076339722,1
NF-BoT-IoT,0.25,42,topogcl,2096,,,0.9439166784286499,1
NF-BoT-IoT,0.25,42,topogcl,2097,,,0.5434561371803284,0
NF-BoT-IoT,0.25,42,topogcl,2098,,,0.46409592032432556,1
NF-BoT-IoT,0.25,42,topogcl,2099,,,1.8590587377548218,1
NF-BoT-IoT,0.25,42,topogcl,2100,,,0.5382500886917114,1
NF-BoT-IoT,0.25,42,topogcl,2101,,,1.0019527673721313,1
NF-BoT-IoT,0.25,42,topogcl,2102,,,0.8416938781738281,0
NF-BoT-IoT,0.25,42,topogcl,2103,,,0.5384337902069092,1
NF-BoT-IoT,0.25,42,topogcl,2104,,,1.399834156036377,1
NF-BoT-IoT,0.25,42,topogcl,2105,,,0.9532287120819092,1
NF-BoT-IoT,0.25,42,topogcl,2106,,,0.4097711741924286,1
NF-BoT-IoT,0.25,42,topogcl,2107,,,0.44425439834594727,1
NF-BoT-IoT,0.25,42,topogcl,2108,,,0.526600182056427,1
NF-BoT-IoT,0.25,42,topogcl,2109,,,0.5543352365493774,1
NF-BoT-IoT,0.25,42,topogcl,2110,,,0.817384660243988,1
NF-BoT-IoT,0.25,42,topogcl,2111,,,0.5300033688545227,1
NF-BoT-IoT,0.25,42,topogcl,2112,,,1.3527874946594238,1
NF-BoT-IoT,0.25,42,topogcl,2113,,,0.9848363995552063,1
NF-BoT-IoT,0.25,42,topogcl,2114,,,0.45353955030441284,1
NF-BoT-IoT,0.25,42,topogcl,2115,,,0.9938232898712158,1
NF-BoT-IoT,0.25,42,topogcl,2116,,,0.9851710796356201,1
NF-BoT-IoT,0.25,42,topogcl,2117,,,1.0574504137039185,1
NF-BoT-IoT,0.25,42,topogcl,2118,,,2.923379898071289,1
NF-BoT-IoT,0.25,42,topogcl,2119,,,0.9542856812477112,1
NF-BoT-IoT,0.25,42,topogcl,2120,,,0.5266441106796265,0
NF-BoT-IoT,0.25,42,topogcl,2121,,,1.2066025733947754,1
NF-BoT-IoT,0.25,42,topogcl,2122,,,1.1191000938415527,1
NF-BoT-IoT,0.25,42,topogcl,2123,,,0.5517517924308777,1
NF-BoT-IoT,0.25,42,topogcl,2124,,,0.6683165431022644,1
NF-BoT-IoT,0.25,42,topogcl,2125,,,1.848151445388794,1
NF-BoT-IoT,0.25,42,topogcl,2126,,,0.6533638834953308,1
NF-BoT-IoT,0.25,42,topogcl,2127,,,0.5236246585845947,0
NF-BoT-IoT,0.25,42,topogcl,2128,,,0.3081147372722626,1
NF-BoT-IoT,0.25,42,topogcl,2129,,,0.5785170793533325,1
NF-BoT-IoT,0.25,42,topogcl,2130,,,0.9524659514427185,1
NF-BoT-IoT,0.25,42,topogcl,2131,,,0.47353705763816833,0
NF-BoT-IoT,0.25,42,topogcl,2132,,,0.5357474088668823,1
NF-BoT-IoT,0.25,42,topogcl,2133,,,0.5440718531608582,1
NF-BoT-IoT,0.25,42,topogcl,2134,,,0.5296275615692139,1
NF-BoT-IoT,0.25,42,topogcl,2135,,,1.927823781967163,1
NF-BoT-IoT,0.25,42,topogcl,2136,,,0.6103402376174927,0
NF-BoT-IoT,0.25,42,topogcl,2137,,,0.6519010066986084,1
NF-BoT-IoT,0.25,42,topogcl,2138,,,0.5068733096122742,0
NF-BoT-IoT,0.25,42,topogcl,2139,,,0.5048566460609436,1
NF-BoT-IoT,0.25,42,topogcl,2140,,,0.5376665592193604,1
NF-BoT-IoT,0.25,42,topogcl,2141,,,0.5536609292030334,0
NF-BoT-IoT,0.25,42,topogcl,2142,,,0.5363287329673767,1
NF-BoT-IoT,0.25,42,topogcl,2143,,,0.9836820960044861,1
NF-BoT-IoT,0.25,42,topogcl,2144,,,0.5028465390205383,1
NF-BoT-IoT,0.25,42,topogcl,2145,,,0.9480615258216858,1
NF-BoT-IoT,0.25,42,topogcl,2146,,,0.516910195350647,1
NF-BoT-IoT,0.25,42,topogcl,2147,,,0.4882802665233612,1
NF-BoT-IoT,0.25,42,topogcl,2148,,,0.508449375629425,1
NF-BoT-IoT,0.25,42,topogcl,2149,,,0.30498483777046204,1
NF-BoT-IoT,0.25,42,topogcl,2150,,,0.4946231245994568,1
NF-BoT-IoT,0.25,42,topogcl,2151,,,1.6380589008331299,1
NF-BoT-IoT,0.25,42,topogcl,2152,,,1.0494449138641357,1
NF-BoT-IoT,0.25,42,topogcl,2153,,,0.547995388507843,1
NF-BoT-IoT,0.25,42,topogcl,2154,,,0.5661641359329224,0
NF-BoT-IoT,0.25,42,topogcl,2155,,,0.529744029045105,1
NF-BoT-IoT,0.25,42,topogcl,2156,,,0.538377583026886,1
NF-BoT-IoT,0.25,42,topogcl,2157,,,0.6343932747840881,0
NF-BoT-IoT,0.25,42,topogcl,2158,,,0.8937765955924988,1
NF-BoT-IoT,0.25,42,topogcl,2159,,,0.5535968542098999,1
NF-BoT-IoT,0.25,42,topogcl,2160,,,0.5257335305213928,1
NF-BoT-IoT,0.25,42,topogcl,2161,,,0.611894428730011,1
NF-BoT-IoT,0.25,42,topogcl,2162,,,0.5365048050880432,1
NF-BoT-IoT,0.25,42,topogcl,2163,,,0.5536817908287048,0
NF-BoT-IoT,0.25,42,topogcl,2164,,,0.6864270567893982,1
NF-BoT-IoT,0.25,42,topogcl,2165,,,0.5606802701950073,1
NF-BoT-IoT,0.25,42,topogcl,2166,,,0.438344269990921,0
NF-BoT-IoT,0.25,42,topogcl,2167,,,0.6430956721305847,1
NF-BoT-IoT,0.25,42,topogcl,2168,,,0.5700143575668335,1
NF-BoT-IoT,0.25,42,topogcl,2169,,,0.7661381959915161,1
NF-BoT-IoT,0.25,42,topogcl,2170,,,1.030505895614624,1
NF-BoT-IoT,0.25,42,topogcl,2171,,,0.27695661783218384,0
NF-BoT-IoT,0.25,42,topogcl,2172,,,1.1299974918365479,1
NF-BoT-IoT,0.25,42,topogcl,2173,,,0.5299525260925293,0
NF-BoT-IoT,0.25,42,topogcl,2174,,,0.5250711441040039,0
NF-BoT-IoT,0.25,42,topogcl,2175,,,0.5536270141601562,0
NF-BoT-IoT,0.25,42,topogcl,2176,,,0.4942920506000519,1
NF-BoT-IoT,0.25,42,topogcl,2177,,,0.539431631565094,0
NF-BoT-IoT,0.25,42,topogcl,2178,,,0.6504390239715576,1
NF-BoT-IoT,0.25,42,topogcl,2179,,,0.680355429649353,1
NF-BoT-IoT,0.25,42,topogcl,2180,,,0.5384002923965454,1
NF-BoT-IoT,0.25,42,topogcl,2181,,,0.5256326198577881,1
NF-BoT-IoT,0.25,42,topogcl,2182,,,0.5994533896446228,0
NF-BoT-IoT,0.25,42,topogcl,2183,,,0.14654873311519623,1
NF-BoT-IoT,0.25,42,topogcl,2184,,,0.43423622846603394,1
NF-BoT-IoT,0.25,42,topogcl,2185,,,0.5397518873214722,1
NF-BoT-IoT,0.25,42,topogcl,2186,,,0.504292368888855,1
NF-BoT-IoT,0.25,42,topogcl,2187,,,0.5377870202064514,1
NF-BoT-IoT,0.25,42,topogcl,2188,,,1.1057281494140625,1
NF-BoT-IoT,0.25,42,topogcl,2189,,,0.5562509894371033,0
NF-BoT-IoT,0.25,42,topogcl,2190,,,0.9976365566253662,1
NF-BoT-IoT,0.25,42,topogcl,2191,,,0.5308388471603394,0
NF-BoT-IoT,0.25,42,topogcl,2192,,,0.3212902247905731,1
NF-BoT-IoT,0.25,42,topogcl,2193,,,0.534964382648468,1
NF-BoT-IoT,0.25,42,topogcl,2194,,,0.5447586178779602,1
NF-BoT-IoT,0.25,42,topogcl,2195,,,0.5297905206680298,0
NF-BoT-IoT,0.25,42,topogcl,2196,,,0.5368207097053528,1
NF-BoT-IoT,0.25,42,topogcl,2197,,,0.2858069837093353,1
NF-BoT-IoT,0.25,42,topogcl,2198,,,0.873631477355957,1
NF-BoT-IoT,0.25,42,topogcl,2199,,,0.9871128797531128,1
NF-BoT-IoT,0.25,42,topogcl,2200,,,0.6383893489837646,1
NF-BoT-IoT,0.25,42,topogcl,2201,,,0.7417802810668945,1
NF-BoT-IoT,0.25,42,topogcl,2202,,,0.8175526857376099,0
NF-BoT-IoT,0.25,42,topogcl,2203,,,0.4387849271297455,1
NF-BoT-IoT,0.25,42,topogcl,2204,,,0.5251950025558472,1
NF-BoT-IoT,0.25,42,topogcl,2205,,,0.5358173251152039,1
NF-BoT-IoT,0.25,42,topogcl,2206,,,0.5374871492385864,1
NF-BoT-IoT,0.25,42,topogcl,2207,,,1.1073215007781982,1
NF-BoT-IoT,0.25,42,topogcl,2208,,,0.15786416828632355,0
NF-BoT-IoT,0.25,42,topogcl,2209,,,0.7837145328521729,1
NF-BoT-IoT,0.25,42,topogcl,2210,,,0.42124512791633606,1
NF-BoT-IoT,0.25,42,topogcl,2211,,,0.538935661315918,1
NF-BoT-IoT,0.25,42,topogcl,2212,,,0.5434780120849609,1
NF-BoT-IoT,0.25,42,topogcl,2213,,,0.6169893741607666,1
NF-BoT-IoT,0.25,42,topogcl,2214,,,0.54388827085495,1
NF-BoT-IoT,0.25,42,topogcl,2215,,,0.9791758060455322,1
NF-BoT-IoT,0.25,42,topogcl,2216,,,0.356421560049057,1
NF-BoT-IoT,0.25,42,topogcl,2217,,,1.1115018129348755,1
NF-BoT-IoT,0.25,42,topogcl,2218,,,0.6338788866996765,0
NF-BoT-IoT,0.25,42,topogcl,2219,,,0.5769005417823792,1
NF-BoT-IoT,0.25,42,topogcl,2220,,,0.28412145376205444,1
NF-BoT-IoT,0.25,42,topogcl,2221,,,0.30827781558036804,1
NF-BoT-IoT,0.25,42,topogcl,2222,,,0.532136857509613,0
NF-BoT-IoT,0.25,42,topogcl,2223,,,1.8931137323379517,1
NF-BoT-IoT,0.25,42,topogcl,2224,,,0.6852436065673828,1
NF-BoT-IoT,0.25,42,topogcl,2225,,,0.5202460289001465,0
NF-BoT-IoT,0.25,42,topogcl,2226,,,1.0467042922973633,1
NF-BoT-IoT,0.25,42,topogcl,2227,,,0.3235527276992798,1
NF-BoT-IoT,0.25,42,topogcl,2228,,,0.4744965434074402,1
NF-BoT-IoT,0.25,42,topogcl,2229,,,1.4069653749465942,1
NF-BoT-IoT,0.25,42,topogcl,2230,,,0.8871785402297974,1
NF-BoT-IoT,0.25,42,topogcl,2231,,,0.5395472049713135,1
NF-BoT-IoT,0.25,42,topogcl,2232,,,0.43645691871643066,1
NF-BoT-IoT,0.25,42,topogcl,2233,,,0.23961061239242554,1
NF-BoT-IoT,0.25,42,topogcl,2234,,,0.9803277850151062,1
NF-BoT-IoT,0.25,42,topogcl,2235,,,0.8596187829971313,1
NF-BoT-IoT,0.25,42,topogcl,2236,,,0.25374749302864075,1
NF-BoT-IoT,0.25,42,topogcl,2237,,,0.9442560076713562,1
NF-BoT-IoT,0.25,42,topogcl,2238,,,0.509007453918457,0
NF-BoT-IoT,0.25,42,topogcl,2239,,,0.8856430649757385,1
NF-BoT-IoT,0.25,42,topogcl,2240,,,0.5436245799064636,1
NF-BoT-IoT,0.25,42,topogcl,2241,,,1.4534094333648682,1
NF-BoT-IoT,0.25,42,topogcl,2242,,,0.5858137607574463,0
NF-BoT-IoT,0.25,42,topogcl,2243,,,0.49558502435684204,1
NF-BoT-IoT,0.25,42,topogcl,2244,,,0.5648208260536194,1
NF-BoT-IoT,0.25,42,topogcl,2245,,,0.5192270278930664,1
NF-BoT-IoT,0.25,42,topogcl,2246,,,0.5092733502388,1
NF-BoT-IoT,0.25,42,topogcl,2247,,,0.6740573644638062,1
NF-BoT-IoT,0.25,42,topogcl,2248,,,0.5159652233123779,0
NF-BoT-IoT,0.25,42,topogcl,2249,,,0.5260601043701172,1
NF-BoT-IoT,0.25,42,topogcl,2250,,,0.6114382743835449,1
NF-BoT-IoT,0.25,42,topogcl,2251,,,0.5303423404693604,1
NF-BoT-IoT,0.25,42,topogcl,2252,,,0.6451969146728516,1
NF-BoT-IoT,0.25,42,topogcl,2253,,,0.44741395115852356,1
NF-BoT-IoT,0.25,42,topogcl,2254,,,0.9619035720825195,1
NF-BoT-IoT,0.25,42,topogcl,2255,,,0.5277819037437439,1
NF-BoT-IoT,0.25,42,topogcl,2256,,,0.8173930048942566,0
NF-BoT-IoT,0.25,42,topogcl,2257,,,1.76847243309021,1
NF-BoT-IoT,0.25,42,topogcl,2258,,,0.5392470359802246,1
NF-BoT-IoT,0.25,42,topogcl,2259,,,1.6150455474853516,1
NF-BoT-IoT,0.25,42,topogcl,2260,,,0.5256624817848206,1
NF-BoT-IoT,0.25,42,topogcl,2261,,,0.5997678637504578,1
NF-BoT-IoT,0.25,42,topogcl,2262,,,0.9654103517532349,1
NF-BoT-IoT,0.25,42,topogcl,2263,,,0.5533624887466431,0
NF-BoT-IoT,0.25,42,topogcl,2264,,,0.38743001222610474,0
NF-BoT-IoT,0.25,42,topogcl,2265,,,0.4596768319606781,1
NF-BoT-IoT,0.25,42,topogcl,2266,,,0.538976788520813,1
NF-BoT-IoT,0.25,42,topogcl,2267,,,0.4324635863304138,0
NF-BoT-IoT,0.25,42,topogcl,2268,,,0.4958406984806061,1
NF-BoT-IoT,0.25,42,topogcl,2269,,,0.4303666651248932,1
NF-BoT-IoT,0.25,42,topogcl,2270,,,0.4089079201221466,1
NF-BoT-IoT,0.25,42,topogcl,2271,,,0.6813153028488159,1
NF-BoT-IoT,0.25,42,topogcl,2272,,,0.7585093975067139,1
NF-BoT-IoT,0.25,42,topogcl,2273,,,0.5090007781982422,1
NF-BoT-IoT,0.25,42,topogcl,2274,,,1.5591413974761963,1
NF-BoT-IoT,0.25,42,topogcl,2275,,,0.7313116788864136,1
NF-BoT-IoT,0.25,42,topogcl,2276,,,0.5134856700897217,1
NF-BoT-IoT,0.25,42,topogcl,2277,,,0.5353189706802368,0
NF-BoT-IoT,0.25,42,topogcl,2278,,,0.5393167734146118,0
NF-BoT-IoT,0.25,42,topogcl,2279,,,0.5036529898643494,1
NF-BoT-IoT,0.25,42,topogcl,2280,,,0.7024039626121521,1
NF-BoT-IoT,0.25,42,topogcl,2281,,,0.2647576630115509,1
NF-BoT-IoT,0.25,42,topogcl,2282,,,0.5374751091003418,1
NF-BoT-IoT,0.25,42,topogcl,2283,,,1.121242880821228,1
NF-BoT-IoT,0.25,42,topogcl,2284,,,0.530220627784729,0
NF-BoT-IoT,0.25,42,topogcl,2285,,,0.5296275019645691,1
NF-BoT-IoT,0.25,42,topogcl,2286,,,0.528348445892334,1
NF-BoT-IoT,0.25,42,topogcl,2287,,,0.49552828073501587,1
NF-BoT-IoT,0.25,42,topogcl,2288,,,0.9667508006095886,1
NF-BoT-IoT,0.25,42,topogcl,2289,,,0.3316117525100708,1
NF-BoT-IoT,0.25,42,topogcl,2290,,,1.349972128868103,1
NF-BoT-IoT,0.25,42,topogcl,2291,,,1.2938013076782227,1
NF-BoT-IoT,0.25,42,topogcl,2292,,,0.5375376343727112,1
NF-BoT-IoT,0.25,42,topogcl,2293,,,0.38344600796699524,1
NF-BoT-IoT,0.25,42,topogcl,2294,,,0.5892255902290344,1
NF-BoT-IoT,0.25,42,topogcl,2295,,,0.31969884037971497,1
NF-BoT-IoT,0.25,42,topogcl,2296,,,0.5297905206680298,0
NF-BoT-IoT,0.25,42,topogcl,2297,,,0.5040198564529419,1
NF-BoT-IoT,0.25,42,topogcl,2298,,,0.5407645106315613,1
NF-BoT-IoT,0.25,42,topogcl,2299,,,0.9369580745697021,1
NF-BoT-IoT,0.25,42,topogcl,2300,,,3.1113741397857666,1
NF-BoT-IoT,0.25,42,topogcl,2301,,,0.5130525827407837,1
NF-BoT-IoT,0.25,42,topogcl,2302,,,0.43407967686653137,1
NF-BoT-IoT,0.25,42,topogcl,2303,,,0.6024500727653503,0
NF-BoT-IoT,0.25,42,topogcl,2304,,,0.4907403588294983,1
NF-BoT-IoT,0.25,42,topogcl,2305,,,0.186775803565979,0
NF-BoT-IoT,0.25,42,topogcl,2306,,,0.9291261434555054,1
NF-BoT-IoT,0.25,42,topogcl,2307,,,0.8939138650894165,1
NF-BoT-IoT,0.25,42,topogcl,2308,,,1.7545734643936157,1
NF-BoT-IoT,0.25,42,topogcl,2309,,,0.5977212190628052,0
NF-BoT-IoT,0.25,42,topogcl,2310,,,0.25963351130485535,1
NF-BoT-IoT,0.25,42,topogcl,2311,,,0.5384779572486877,1
NF-BoT-IoT,0.25,42,topogcl,2312,,,0.710418701171875,1
NF-BoT-IoT,0.25,42,topogcl,2313,,,0.5536609292030334,0
NF-BoT-IoT,0.25,42,topogcl,2314,,,0.8782284259796143,1
NF-BoT-IoT,0.25,42,topogcl,2315,,,1.891796588897705,1
NF-BoT-IoT,0.25,42,topogcl,2316,,,0.5396415591239929,1
NF-BoT-IoT,0.25,42,topogcl,2317,,,0.24122153222560883,1
NF-BoT-IoT,0.25,42,topogcl,2318,,,0.5276609659194946,1
NF-BoT-IoT,0.25,42,topogcl,2319,,,0.610524594783783,1
NF-BoT-IoT,0.25,42,topogcl,2320,,,0.935411274433136,1
NF-BoT-IoT,0.25,42,topogcl,2321,,,0.5643721222877502,1
NF-BoT-IoT,0.25,42,topogcl,2322,,,0.5285277366638184,0
NF-BoT-IoT,0.25,42,topogcl,2323,,,0.9088908433914185,1
NF-BoT-IoT,0.25,42,topogcl,2324,,,0.5331396460533142,1
NF-BoT-IoT,0.25,42,topogcl,2325,,,0.6794742941856384,1
NF-BoT-IoT,0.25,42,topogcl,2326,,,0.5301517248153687,1
NF-BoT-IoT,0.25,42,topogcl,2327,,,0.9034824371337891,1
NF-BoT-IoT,0.25,42,topogcl,2328,,,0.5296508073806763,1
NF-BoT-IoT,0.25,42,topogcl,2329,,,0.6164253950119019,1
NF-BoT-IoT,0.25,42,topogcl,2330,,,1.7094526290893555,1
NF-BoT-IoT,0.25,42,topogcl,2331,,,0.5886015295982361,1
NF-BoT-IoT,0.25,42,topogcl,2332,,,0.25024572014808655,1
NF-BoT-IoT,0.25,42,topogcl,2333,,,0.6133744716644287,1
NF-BoT-IoT,0.25,42,topogcl,2334,,,0.5254557728767395,0
NF-BoT-IoT,0.25,42,topogcl,2335,,,0.5040576457977295,1
NF-BoT-IoT,0.25,42,topogcl,2336,,,0.5545720458030701,1
NF-BoT-IoT,0.25,42,topogcl,2337,,,0.1780489832162857,1
NF-BoT-IoT,0.25,42,topogcl,2338,,,0.2307908833026886,1
NF-BoT-IoT,0.25,42,topogcl,2339,,,0.5323196649551392,1
NF-BoT-IoT,0.25,42,topogcl,2340,,,0.4959198236465454,1
NF-BoT-IoT,0.25,42,topogcl,2341,,,1.089164137840271,0
NF-BoT-IoT,0.25,42,topogcl,2342,,,0.8883435130119324,1
NF-BoT-IoT,0.25,42,topogcl,2343,,,0.6234301328659058,1
NF-BoT-IoT,0.25,42,topogcl,2344,,,0.483053058385849,0
NF-BoT-IoT,0.25,42,topogcl,2345,,,0.18120381236076355,1
NF-BoT-IoT,0.25,42,topogcl,2346,,,0.4005693793296814,1
NF-BoT-IoT,0.25,42,topogcl,2347,,,0.44522058963775635,1
NF-BoT-IoT,0.25,42,topogcl,2348,,,0.6305485963821411,1
NF-BoT-IoT,0.25,42,topogcl,2349,,,0.42825019359588623,0
NF-BoT-IoT,0.25,42,topogcl,2350,,,2.1261372566223145,1
NF-BoT-IoT,0.25,42,topogcl,2351,,,0.8973773121833801,1
NF-BoT-IoT,0.25,42,topogcl,2352,,,0.5335184335708618,1
NF-BoT-IoT,0.25,42,topogcl,2353,,,0.43816596269607544,0
NF-BoT-IoT,0.25,42,topogcl,2354,,,0.20063823461532593,1
NF-BoT-IoT,0.25,42,topogcl,2355,,,0.22975559532642365,0
NF-BoT-IoT,0.25,42,topogcl,2356,,,0.5297439694404602,1
NF-BoT-IoT,0.25,42,topogcl,2357,,,0.5302010178565979,0
NF-BoT-IoT,0.25,42,topogcl,2358,,,0.42514634132385254,1
NF-BoT-IoT,0.25,42,topogcl,2359,,,0.374541699886322,1
NF-BoT-IoT,0.25,42,topogcl,2360,,,0.4271247386932373,1
NF-BoT-IoT,0.25,42,topogcl,2361,,,0.9328462481498718,1
NF-BoT-IoT,0.25,42,topogcl,2362,,,0.1888158768415451,1
NF-BoT-IoT,0.25,42,topogcl,2363,,,0.5064833760261536,1
NF-BoT-IoT,0.25,42,topogcl,2364,,,0.9772751927375793,1
NF-BoT-IoT,0.25,42,topogcl,2365,,,0.6030234098434448,1
NF-BoT-IoT,0.25,42,topogcl,2366,,,0.9525002837181091,1
NF-BoT-IoT,0.25,42,topogcl,2367,,,0.5296042561531067,1
NF-BoT-IoT,0.25,42,topogcl,2368,,,0.2694026827812195,0
NF-BoT-IoT,0.25,42,topogcl,2369,,,0.46854308247566223,1
NF-BoT-IoT,0.25,42,topogcl,2370,,,0.25485503673553467,1
NF-BoT-IoT,0.25,42,topogcl,2371,,,0.422670841217041,0
NF-BoT-IoT,0.25,42,topogcl,2372,,,0.5362067818641663,1
NF-BoT-IoT,0.25,42,topogcl,2373,,,0.5536654591560364,1
NF-BoT-IoT,0.25,42,topogcl,2374,,,0.18037906289100647,1
NF-BoT-IoT,0.25,42,topogcl,2375,,,0.5451711416244507,1
NF-BoT-IoT,0.25,42,topogcl,2376,,,0.5533624887466431,0
NF-BoT-IoT,0.25,42,topogcl,2377,,,0.8986929655075073,1
NF-BoT-IoT,0.25,42,topogcl,2378,,,0.5037147402763367,1
NF-BoT-IoT,0.25,42,topogcl,2379,,,1.586773157119751,1
NF-BoT-IoT,0.25,42,topogcl,2380,,,0.9445441961288452,1
NF-BoT-IoT,0.25,42,topogcl,2381,,,0.5386325120925903,1
NF-BoT-IoT,0.25,42,topogcl,2382,,,0.42529693245887756,0
NF-BoT-IoT,0.25,42,topogcl,2383,,,0.22673293948173523,1
NF-BoT-IoT,0.25,42,topogcl,2384,,,0.47494783997535706,1
NF-BoT-IoT,0.25,42,topogcl,2385,,,0.9688197374343872,1
NF-BoT-IoT,0.25,42,topogcl,2386,,,0.392276793718338,1
NF-BoT-IoT,0.25,42,topogcl,2387,,,1.0817903280258179,1
NF-BoT-IoT,0.25,42,topogcl,2388,,,0.5817166566848755,1
NF-BoT-IoT,0.25,42,topogcl,2389,,,0.5535540580749512,0
NF-BoT-IoT,0.25,42,topogcl,2390,,,0.7446406483650208,1
NF-BoT-IoT,0.25,42,topogcl,2391,,,0.39620518684387207,0
NF-BoT-IoT,0.25,42,topogcl,2392,,,0.5293720364570618,0
NF-BoT-IoT,0.25,42,topogcl,2393,,,0.20439846813678741,1
NF-BoT-IoT,0.25,42,topogcl,2394,,,0.5364996790885925,1
NF-BoT-IoT,0.25,42,topogcl,2395,,,0.5432652831077576,1
NF-BoT-IoT,0.25,42,topogcl,2396,,,0.29670479893684387,0
NF-BoT-IoT,0.25,42,topogcl,2397,,,0.6017599701881409,1
NF-BoT-IoT,0.25,42,topogcl,2398,,,0.541580080986023,1
NF-BoT-IoT,0.25,42,topogcl,2399,,,0.5381646156311035,1
NF-BoT-IoT,0.25,42,topogcl,2400,,,1.035966157913208,1
NF-BoT-IoT,0.25,42,topogcl,2401,,,0.8416624069213867,1
NF-BoT-IoT,0.25,42,topogcl,2402,,,0.5356388688087463,0
NF-BoT-IoT,0.25,42,topogcl,2403,,,0.43258437514305115,1
NF-BoT-IoT,0.25,42,topogcl,2404,,,0.47961995005607605,1
NF-BoT-IoT,0.25,42,topogcl,2405,,,0.4774790108203888,1
NF-BoT-IoT,0.25,42,topogcl,2406,,,0.5066172480583191,1
NF-BoT-IoT,0.25,42,topogcl,2407,,,0.947759211063385,1
NF-BoT-IoT,0.25,42,topogcl,2408,,,0.6699998378753662,1
NF-BoT-IoT,0.25,42,topogcl,2409,,,0.993111789226532,1
NF-BoT-IoT,0.25,42,topogcl,2410,,,0.7283144593238831,1
NF-BoT-IoT,0.25,42,topogcl,2411,,,1.0899584293365479,1
NF-BoT-IoT,0.25,42,topogcl,2412,,,0.802619993686676,0
NF-BoT-IoT,0.25,42,topogcl,2413,,,0.5395345091819763,1
NF-BoT-IoT,0.25,42,topogcl,2414,,,0.540636420249939,1
NF-BoT-IoT,0.25,42,topogcl,2415,,,0.5030875205993652,1
NF-BoT-IoT,0.25,42,topogcl,2416,,,0.5427522659301758,1
NF-BoT-IoT,0.25,42,topogcl,2417,,,0.17895565927028656,1
NF-BoT-IoT,0.25,42,topogcl,2418,,,0.316432923078537,0
NF-BoT-IoT,0.25,42,topogcl,2419,,,0.9544370174407959,1
NF-BoT-IoT,0.25,42,topogcl,2420,,,0.5304296612739563,1
NF-BoT-IoT,0.25,42,topogcl,2421,,,0.5412805080413818,1
NF-BoT-IoT,0.25,42,topogcl,2422,,,0.7840852737426758,1
NF-BoT-IoT,0.25,42,topogcl,2423,,,0.8413206934928894,0
NF-BoT-IoT,0.25,42,topogcl,2424,,,0.6219457983970642,1
NF-BoT-IoT,0.25,42,topogcl,2425,,,0.9686119556427002,1
NF-BoT-IoT,0.25,42,topogcl,2426,,,0.5980218648910522,0
NF-BoT-IoT,0.25,42,topogcl,2427,,,0.2526518702507019,1
NF-BoT-IoT,0.25,42,topogcl,2428,,,1.1077625751495361,1
NF-BoT-IoT,0.25,42,topogcl,2429,,,0.28420165181159973,1
NF-BoT-IoT,0.25,42,topogcl,2430,,,0.6699898838996887,1
NF-BoT-IoT,0.25,42,topogcl,2431,,,0.5351660251617432,1
NF-BoT-IoT,0.25,42,topogcl,2432,,,0.5252586603164673,1
NF-BoT-IoT,0.25,42,topogcl,2433,,,0.5013901591300964,1
NF-BoT-IoT,0.25,42,topogcl,2434,,,0.3389800488948822,0
NF-BoT-IoT,0.25,42,topogcl,2435,,,0.8390104174613953,0
NF-BoT-IoT,0.25,42,topogcl,2436,,,0.5267856121063232,1
NF-BoT-IoT,0.25,42,topogcl,2437,,,0.9858047366142273,1
NF-BoT-IoT,0.25,42,topogcl,2438,,,0.8827524185180664,1
NF-BoT-IoT,0.25,42,topogcl,2439,,,0.8583427667617798,1
NF-BoT-IoT,0.25,42,topogcl,2440,,,0.9669156074523926,1
NF-BoT-IoT,0.25,42,topogcl,2441,,,0.8937379717826843,1
NF-BoT-IoT,0.25,42,topogcl,2442,,,0.5302436351776123,0
NF-BoT-IoT,0.25,42,topogcl,2443,,,0.7054210305213928,1
NF-BoT-IoT,0.25,42,topogcl,2444,,,0.5433946847915649,1
NF-BoT-IoT,0.25,42,topogcl,2445,,,2.2519171237945557,1
NF-BoT-IoT,0.25,42,topogcl,2446,,,0.6343564987182617,0
NF-BoT-IoT,0.25,42,topogcl,2447,,,0.543112576007843,1
NF-BoT-IoT,0.25,42,topogcl,2448,,,0.9472850561141968,1
NF-BoT-IoT,0.25,42,topogcl,2449,,,0.673343300819397,1
NF-BoT-IoT,0.25,42,topogcl,2450,,,0.4558578431606293,1
NF-BoT-IoT,0.25,42,topogcl,2451,,,0.5536270141601562,0
NF-BoT-IoT,0.25,42,topogcl,2452,,,0.5088606476783752,0
NF-BoT-IoT,0.25,42,topogcl,2453,,,0.4133182168006897,1
NF-BoT-IoT,0.25,42,topogcl,2454,,,1.1004297733306885,0
NF-BoT-IoT,0.25,42,topogcl,2455,,,0.4547828733921051,1
NF-BoT-IoT,0.25,42,topogcl,2456,,,0.7302520871162415,1
NF-BoT-IoT,0.25,42,topogcl,2457,,,0.5447327494621277,0
NF-BoT-IoT,0.25,42,topogcl,2458,,,0.970934271812439,1
NF-BoT-IoT,0.25,42,topogcl,2459,,,1.134151577949524,1
NF-BoT-IoT,0.25,42,topogcl,2460,,,0.541588544845581,1
NF-BoT-IoT,0.25,42,topogcl,2461,,,0.6216970086097717,1
NF-BoT-IoT,0.25,42,topogcl,2462,,,0.5393157005310059,1
NF-BoT-IoT,0.25,42,topogcl,2463,,,0.7154198288917542,1
NF-BoT-IoT,0.25,42,topogcl,2464,,,0.5318398475646973,1
NF-BoT-IoT,0.25,42,topogcl,2465,,,0.37131258845329285,0
NF-BoT-IoT,0.25,42,topogcl,2466,,,0.161216601729393,1
NF-BoT-IoT,0.25,42,topogcl,2467,,,0.285760760307312,1
NF-BoT-IoT,0.25,42,topogcl,2468,,,0.8653619885444641,1
NF-BoT-IoT,0.25,42,topogcl,2469,,,0.631362795829773,1
NF-BoT-IoT,0.25,42,topogcl,2470,,,0.6040416955947876,1
NF-BoT-IoT,0.25,42,topogcl,2471,,,0.5421311855316162,1
NF-BoT-IoT,0.25,42,topogcl,2472,,,0.5024780035018921,1
NF-BoT-IoT,0.25,42,topogcl,2473,,,0.31984683871269226,1
NF-BoT-IoT,0.25,42,topogcl,2474,,,0.4661324620246887,1
NF-BoT-IoT,0.25,42,topogcl,2475,,,0.3271763026714325,1
NF-BoT-IoT,0.25,42,topogcl,2476,,,1.0120892524719238,1
NF-BoT-IoT,0.25,42,topogcl,2477,,,0.5153829455375671,1
NF-BoT-IoT,0.25,42,topogcl,2478,,,0.662568986415863,1
NF-BoT-IoT,0.25,42,topogcl,2479,,,0.5272362232208252,0
NF-BoT-IoT,0.25,42,topogcl,2480,,,0.4956974387168884,1
NF-BoT-IoT,0.25,42,topogcl,2481,,,0.6340846419334412,0
NF-BoT-IoT,0.25,42,topogcl,2482,,,0.6100033521652222,1
NF-BoT-IoT,0.25,42,topogcl,2483,,,1.1300276517868042,0
NF-BoT-IoT,0.25,42,topogcl,2484,,,0.805268406867981,1
NF-BoT-IoT,0.25,42,topogcl,2485,,,0.917617917060852,1
NF-BoT-IoT,0.25,42,topogcl,2486,,,0.9717029929161072,1
NF-BoT-IoT,0.25,42,topogcl,2487,,,0.27962273359298706,1
NF-BoT-IoT,0.25,42,topogcl,2488,,,0.6037048101425171,0
NF-BoT-IoT,0.25,42,topogcl,2489,,,0.5284479856491089,0
NF-BoT-IoT,0.25,42,topogcl,2490,,,0.5688844323158264,1
NF-BoT-IoT,0.25,42,topogcl,2491,,,0.6218072175979614,1
NF-BoT-IoT,0.25,42,topogcl,2492,,,0.4128599464893341,0
NF-BoT-IoT,0.25,42,topogcl,2493,,,1.4219586849212646,1
NF-BoT-IoT,0.25,42,topogcl,2494,,,0.603175163269043,1
NF-BoT-IoT,0.25,42,topogcl,2495,,,0.5356822609901428,1
NF-BoT-IoT,0.25,42,topogcl,2496,,,0.566180408000946,1
NF-BoT-IoT,0.25,42,topogcl,2497,,,0.6165385842323303,1
NF-BoT-IoT,0.25,42,topogcl,2498,,,0.5708649754524231,1
NF-BoT-IoT,0.25,42,topogcl,2499,,,0.8830679059028625,1
NF-BoT-IoT,0.25,42,topogcl,2500,,,0.532136857509613,0
NF-BoT-IoT,0.25,42,topogcl,2501,,,0.5672664046287537,1
NF-BoT-IoT,0.25,42,topogcl,2502,,,0.3764340579509735,1
NF-BoT-IoT,0.25,42,topogcl,2503,,,0.6768778562545776,1
NF-BoT-IoT,0.25,42,topogcl,2504,,,0.5392691493034363,1
NF-BoT-IoT,0.25,42,topogcl,2505,,,0.6483513116836548,1
NF-BoT-IoT,0.25,42,topogcl,2506,,,0.5354884266853333,1
NF-BoT-IoT,0.25,42,topogcl,2507,,,0.7907617688179016,1
NF-BoT-IoT,0.25,42,topogcl,2508,,,0.4417191445827484,1
NF-BoT-IoT,0.25,42,topogcl,2509,,,0.5321332216262817,0
NF-BoT-IoT,0.25,42,topogcl,2510,,,0.4390731453895569,1
NF-BoT-IoT,0.25,42,topogcl,2511,,,1.7552204132080078,0
NF-BoT-IoT,0.25,42,topogcl,2512,,,0.5428217649459839,1
NF-BoT-IoT,0.25,42,topogcl,2513,,,0.8309341669082642,1
NF-BoT-IoT,0.25,42,topogcl,2514,,,0.4478406310081482,0
NF-BoT-IoT,0.25,42,topogcl,2515,,,0.23502501845359802,1
NF-BoT-IoT,0.25,42,topogcl,2516,,,1.3827464580535889,1
NF-BoT-IoT,0.25,42,topogcl,2517,,,0.9030932784080505,1
NF-BoT-IoT,0.25,42,topogcl,2518,,,1.375949740409851,1
NF-BoT-IoT,0.25,42,topogcl,2519,,,1.4637616872787476,1
NF-BoT-IoT,0.25,42,topogcl,2520,,,0.5254976749420166,1
NF-BoT-IoT,0.25,42,topogcl,2521,,,0.5376291275024414,1
NF-BoT-IoT,0.25,42,topogcl,2522,,,0.5284385085105896,0
NF-BoT-IoT,0.25,42,topogcl,2523,,,1.0509132146835327,1
NF-BoT-IoT,0.25,42,topogcl,2524,,,0.5259530544281006,1
NF-BoT-IoT,0.25,42,topogcl,2525,,,0.4290761351585388,1
NF-BoT-IoT,0.25,42,topogcl,2526,,,0.528997540473938,0
NF-BoT-IoT,0.25,42,topogcl,2527,,,0.535464346408844,1
NF-BoT-IoT,0.25,42,topogcl,2528,,,0.5423157811164856,1
NF-BoT-IoT,0.25,42,topogcl,2529,,,0.7253713607788086,1
NF-BoT-IoT,0.25,42,topogcl,2530,,,0.9186307787895203,1
NF-BoT-IoT,0.25,42,topogcl,2531,,,0.6018524765968323,0
NF-BoT-IoT,0.25,42,topogcl,2532,,,0.5279812812805176,1
NF-BoT-IoT,0.25,42,topogcl,2533,,,0.3521178066730499,1
NF-BoT-IoT,0.25,42,topogcl,2534,,,0.5246197581291199,0
NF-BoT-IoT,0.25,42,topogcl,2535,,,0.25911709666252136,1
NF-BoT-IoT,0.25,42,topogcl,2536,,,0.24960890412330627,0
NF-BoT-IoT,0.25,42,topogcl,2537,,,0.5396931171417236,0
NF-BoT-IoT,0.25,42,topogcl,2538,,,0.5414295196533203,1
NF-BoT-IoT,0.25,42,topogcl,2539,,,0.39362120628356934,1
NF-BoT-IoT,0.25,42,topogcl,2540,,,0.5360115170478821,1
NF-BoT-IoT,0.25,42,topogcl,2541,,,0.6025741696357727,0
NF-BoT-IoT,0.25,42,topogcl,2542,,,0.5251325964927673,1
NF-BoT-IoT,0.25,42,topogcl,2543,,,1.9892054796218872,1
NF-BoT-IoT,0.25,42,topogcl,2544,,,1.115875244140625,1
NF-BoT-IoT,0.25,42,topogcl,2545,,,0.6182990670204163,0
NF-BoT-IoT,0.25,42,topogcl,2546,,,0.5250711441040039,1
NF-BoT-IoT,0.25,42,topogcl,2547,,,0.7263485193252563,1
NF-BoT-IoT,0.25,42,topogcl,2548,,,0.7864969968795776,1
NF-BoT-IoT,0.25,42,topogcl,2549,,,0.6020596623420715,0
NF-BoT-IoT,0.25,42,topogcl,2550,,,1.1832659244537354,1
NF-BoT-IoT,0.25,42,topogcl,2551,,,0.6252340078353882,1
NF-BoT-IoT,0.25,42,topogcl,2552,,,0.5208454728126526,1
NF-BoT-IoT,0.25,42,topogcl,2553,,,0.5830000638961792,1
NF-BoT-IoT,0.25,42,topogcl,2554,,,0.5945494174957275,0
NF-BoT-IoT,0.25,42,topogcl,2555,,,0.662804901599884,1
NF-BoT-IoT,0.25,42,topogcl,2556,,,0.6340602040290833,0
NF-BoT-IoT,0.25,42,topogcl,2557,,,0.8378076553344727,1
NF-BoT-IoT,0.25,42,topogcl,2558,,,0.532136857509613,0
NF-BoT-IoT,0.25,42,topogcl,2559,,,0.5302435755729675,1
NF-BoT-IoT,0.25,42,topogcl,2560,,,0.5250052213668823,1
NF-BoT-IoT,0.25,42,topogcl,2561,,,0.7326095700263977,1
NF-BoT-IoT,0.25,42,topogcl,2562,,,0.3293827772140503,1
NF-BoT-IoT,0.25,42,topogcl,2563,,,0.5264208912849426,1
NF-BoT-IoT,0.25,42,topogcl,2564,,,1.2200946807861328,1
NF-BoT-IoT,0.25,42,topogcl,2565,,,0.6355558037757874,1
NF-BoT-IoT,0.25,42,topogcl,2566,,,0.2709922194480896,1
NF-BoT-IoT,0.25,42,topogcl,2567,,,0.5292841792106628,1
NF-BoT-IoT,0.25,42,topogcl,2568,,,0.2626940906047821,0
NF-BoT-IoT,0.25,42,topogcl,2569,,,0.6086323857307434,0
NF-BoT-IoT,0.25,42,topogcl,2570,,,0.552018404006958,1
NF-BoT-IoT,0.25,42,topogcl,2571,,,0.8176448941230774,1
NF-BoT-IoT,0.25,42,topogcl,2572,,,0.59809809923172,0
NF-BoT-IoT,0.25,42,topogcl,2573,,,0.7513464689254761,1
NF-BoT-IoT,0.25,42,topogcl,2574,,,0.2874881327152252,1
NF-BoT-IoT,0.25,42,topogcl,2575,,,0.5534617900848389,0
NF-BoT-IoT,0.25,42,topogcl,2576,,,0.8926107883453369,1
NF-BoT-IoT,0.25,42,topogcl,2577,,,0.7919908761978149,1
NF-BoT-IoT,0.25,42,topogcl,2578,,,0.5321246385574341,1
NF-BoT-IoT,0.25,42,topogcl,2579,,,0.7892782688140869,1
NF-BoT-IoT,0.25,42,topogcl,2580,,,0.4985111951828003,0
NF-BoT-IoT,0.25,42,topogcl,2581,,,0.5280663371086121,1
NF-BoT-IoT,0.25,42,topogcl,2582,,,0.5407705307006836,1
NF-BoT-IoT,0.25,42,topogcl,2583,,,0.5419808030128479,1
NF-BoT-IoT,0.25,42,topogcl,2584,,,0.3055713474750519,0
NF-BoT-IoT,0.25,42,topogcl,2585,,,0.8875274062156677,1
NF-BoT-IoT,0.25,42,topogcl,2586,,,0.5150545239448547,1
NF-BoT-IoT,0.25,42,topogcl,2587,,,0.6186290979385376,1
NF-BoT-IoT,0.25,42,topogcl,2588,,,1.165202260017395,1
NF-BoT-IoT,0.25,42,topogcl,2589,,,0.4320721924304962,0
NF-BoT-IoT,0.25,42,topogcl,2590,,,0.45099279284477234,1
NF-BoT-IoT,0.25,42,topogcl,2591,,,0.4374462366104126,0
NF-BoT-IoT,0.25,42,topogcl,2592,,,0.28842318058013916,1
NF-BoT-IoT,0.25,42,topogcl,2593,,,0.5415685176849365,0
NF-BoT-IoT,0.25,42,topogcl,2594,,,0.7393046021461487,1
NF-BoT-IoT,0.25,42,topogcl,2595,,,0.2913135290145874,1
NF-BoT-IoT,0.25,42,topogcl,2596,,,1.7395182847976685,1
NF-BoT-IoT,0.25,42,topogcl,2597,,,0.7710549831390381,0
NF-BoT-IoT,0.25,42,topogcl,2598,,,0.5373189449310303,1
NF-BoT-IoT,0.25,42,topogcl,2599,,,0.5250076651573181,1
NF-BoT-IoT,0.25,42,topogcl,2600,,,0.5301976203918457,1
NF-BoT-IoT,0.25,42,topogcl,2601,,,0.5931389927864075,1
NF-BoT-IoT,0.25,42,topogcl,2602,,,0.9904469847679138,1
NF-BoT-IoT,0.25,42,topogcl,2603,,,0.9679132699966431,1
NF-BoT-IoT,0.25,43,topogcl,0,1.4652258157730103,1,0.24702449142932892,1
NF-BoT-IoT,0.25,43,topogcl,1,0.2565855085849762,1,2.01248836517334,1
NF-BoT-IoT,0.25,43,topogcl,2,0.3359786868095398,1,0.27926814556121826,1
NF-BoT-IoT,0.25,43,topogcl,3,0.2986753284931183,1,0.3565737307071686,1
NF-BoT-IoT,0.25,43,topogcl,4,0.39292478561401367,1,1.893981695175171,1
NF-BoT-IoT,0.25,43,topogcl,5,0.22965054214000702,1,0.26496627926826477,1
NF-BoT-IoT,0.25,43,topogcl,6,1.0968321561813354,1,0.633731484413147,1
NF-BoT-IoT,0.25,43,topogcl,7,0.41469842195510864,1,0.31674158573150635,1
NF-BoT-IoT,0.25,43,topogcl,8,0.35646510124206543,1,0.9502572417259216,1
NF-BoT-IoT,0.25,43,topogcl,9,1.0969796180725098,1,1.0031236410140991,1
NF-BoT-IoT,0.25,43,topogcl,10,0.3550749123096466,1,0.2641063630580902,1
NF-BoT-IoT,0.25,43,topogcl,11,0.3090095520019531,1,0.11640706658363342,1
NF-BoT-IoT,0.25,43,topogcl,12,0.34869760274887085,1,0.2653445303440094,1
NF-BoT-IoT,0.25,43,topogcl,13,0.46642300486564636,1,0.358957439661026,0
NF-BoT-IoT,0.25,43,topogcl,14,0.3591308891773224,0,0.3518412113189697,1
NF-BoT-IoT,0.25,43,topogcl,15,1.2420867681503296,1,0.280696839094162,1
NF-BoT-IoT,0.25,43,topogcl,16,0.8131347894668579,1,0.5425654649734497,1
NF-BoT-IoT,0.25,43,topogcl,17,0.34867924451828003,1,0.23799753189086914,1
NF-BoT-IoT,0.25,43,topogcl,18,0.3372756242752075,0,1.7429897785186768,1
NF-BoT-IoT,0.25,43,topogcl,19,0.3273954689502716,1,0.236079141497612,1
NF-BoT-IoT,0.25,43,topogcl,20,0.24972772598266602,1,0.35015761852264404,1
NF-BoT-IoT,0.25,43,topogcl,21,0.27937984466552734,1,0.7692102193832397,1
NF-BoT-IoT,0.25,43,topogcl,22,0.32609009742736816,0,0.2467488795518875,1
NF-BoT-IoT,0.25,43,topogcl,23,0.4787108600139618,1,0.444184273481369,1
NF-BoT-IoT,0.25,43,topogcl,24,2.0323240756988525,1,0.4793122410774231,1
NF-BoT-IoT,0.25,43,topogcl,25,0.5040045380592346,1,0.25310617685317993,1
NF-BoT-IoT,0.25,43,topogcl,26,1.0206310749053955,1,0.2729123532772064,1
NF-BoT-IoT,0.25,43,topogcl,27,0.3154396414756775,1,0.23535361886024475,1
NF-BoT-IoT,0.25,43,topogcl,28,0.2302662581205368,1,0.34707483649253845,1
NF-BoT-IoT,0.25,43,topogcl,29,0.34315788745880127,1,0.2841847538948059,1
NF-BoT-IoT,0.25,43,topogcl,30,0.264403373003006,1,0.321031779050827,1
NF-BoT-IoT,0.25,43,topogcl,31,0.2798052132129669,1,0.3164215087890625,0
NF-BoT-IoT,0.25,43,topogcl,32,0.4172675609588623,1,1.105333685874939,1
NF-BoT-IoT,0.25,43,topogcl,33,2.5952601432800293,1,0.3621727228164673,1
NF-BoT-IoT,0.25,43,topogcl,34,0.3136729896068573,1,0.35404226183891296,1
NF-BoT-IoT,0.25,43,topogcl,35,0.3632254898548126,1,1.0319087505340576,1
NF-BoT-IoT,0.25,43,topogcl,36,2.378859758377075,1,0.3527899384498596,1
NF-BoT-IoT,0.25,43,topogcl,37,0.351521372795105,1,0.3945379853248596,1
NF-BoT-IoT,0.25,43,topogcl,38,0.2369311898946762,1,1.1206672191619873,1
NF-BoT-IoT,0.25,43,topogcl,39,0.22955431044101715,0,0.33299627900123596,0
NF-BoT-IoT,0.25,43,topogcl,40,0.4172970652580261,1,0.26856473088264465,1
NF-BoT-IoT,0.25,43,topogcl,41,0.33227449655532837,1,1.1154035329818726,1
NF-BoT-IoT,0.25,43,topogcl,42,0.3593563139438629,0,0.3438718318939209,1
NF-BoT-IoT,0.25,43,topogcl,43,0.3936852216720581,0,0.31502780318260193,1
NF-BoT-IoT,0.25,43,topogcl,44,1.0922977924346924,1,0.20183056592941284,1
NF-BoT-IoT,0.25,43,topogcl,45,0.24848997592926025,1,0.32625213265419006,1
NF-BoT-IoT,0.25,43,topogcl,46,1.2888870239257812,0,0.3523285686969757,1
NF-BoT-IoT,0.25,43,topogcl,47,0.2712306082248688,1,0.3526398241519928,1
NF-BoT-IoT,0.25,43,topogcl,48,1.0774762630462646,1,0.3584088385105133,0
NF-BoT-IoT,0.25,43,topogcl,49,0.35287588834762573,1,0.37740933895111084,0
NF-BoT-IoT,0.25,43,topogcl,50,0.7544781565666199,1,0.837923526763916,1
NF-BoT-IoT,0.25,43,topogcl,51,0.296078622341156,1,0.353145033121109,1
NF-BoT-IoT,0.25,43,topogcl,52,0.45196422934532166,1,0.35818424820899963,1
NF-BoT-IoT,0.25,43,topogcl,53,0.42423683404922485,1,0.18312819302082062,1
NF-BoT-IoT,0.25,43,topogcl,54,0.3401552438735962,1,0.4094160497188568,1
NF-BoT-IoT,0.25,43,topogcl,55,0.2570508122444153,1,0.20211845636367798,1
NF-BoT-IoT,0.25,43,topogcl,56,1.5250111818313599,1,0.35589197278022766,1
NF-BoT-IoT,0.25,43,topogcl,57,0.9932722449302673,1,0.33185261487960815,1
NF-BoT-IoT,0.25,43,topogcl,58,1.5680474042892456,1,0.3479180634021759,1
NF-BoT-IoT,0.25,43,topogcl,59,0.304984450340271,1,0.35469725728034973,1
NF-BoT-IoT,0.25,43,topogcl,60,0.2709372639656067,1,0.23746748268604279,1
NF-BoT-IoT,0.25,43,topogcl,61,0.2621026933193207,0,0.34698766469955444,1
NF-BoT-IoT,0.25,43,topogcl,62,0.35340437293052673,0,0.48614203929901123,1
NF-BoT-IoT,0.25,43,topogcl,63,0.34725823998451233,1,0.3499934673309326,1
NF-BoT-IoT,0.25,43,topogcl,64,0.3521047830581665,1,0.26030233502388,1
NF-BoT-IoT,0.25,43,topogcl,65,0.340839147567749,1,0.35488030314445496,0
NF-BoT-IoT,0.25,43,topogcl,66,0.359012246131897,0,0.3549199402332306,1
NF-BoT-IoT,0.25,43,topogcl,67,0.9775439500808716,1,0.3271111845970154,1
NF-BoT-IoT,0.25,43,topogcl,68,0.34807687997817993,1,0.745652973651886,1
NF-BoT-IoT,0.25,43,topogcl,69,0.14978156983852386,1,0.7202455401420593,1
NF-BoT-IoT,0.25,43,topogcl,70,0.35937660932540894,1,0.3321043848991394,1
NF-BoT-IoT,0.25,43,topogcl,71,0.4528507888317108,1,0.3291306793689728,0
NF-BoT-IoT,0.25,43,topogcl,72,0.33691778779029846,0,0.377144992351532,0
NF-BoT-IoT,0.25,43,topogcl,73,0.37289559841156006,1,0.8333907723426819,1
NF-BoT-IoT,0.25,43,topogcl,74,0.24192719161510468,0,0.3812568485736847,1
NF-BoT-IoT,0.25,43,topogcl,75,0.38254547119140625,1,0.3613433241844177,1
NF-BoT-IoT,0.25,43,topogcl,76,0.3529968559741974,1,1.140490174293518,1
NF-BoT-IoT,0.25,43,topogcl,77,0.25627732276916504,1,0.4215528070926666,1
NF-BoT-IoT,0.25,43,topogcl,78,0.31641438603401184,0,0.3520965874195099,0
NF-BoT-IoT,0.25,43,topogcl,79,0.3539574444293976,1,0.0876690149307251,0
NF-BoT-IoT,0.25,43,topogcl,80,0.34705522656440735,1,0.30506569147109985,1
NF-BoT-IoT,0.25,43,topogcl,81,0.7793166041374207,1,1.2094260454177856,1
NF-BoT-IoT,0.25,43,topogcl,82,0.3525298833847046,0,0.2719433903694153,0
NF-BoT-IoT,0.25,43,topogcl,83,0.7883797883987427,1,1.031779170036316,1
NF-BoT-IoT,0.25,43,topogcl,84,0.2591458857059479,1,0.6275225281715393,1
NF-BoT-IoT,0.25,43,topogcl,85,1.1310855150222778,1,1.0432690382003784,1
NF-BoT-IoT,0.25,43,topogcl,86,0.11283248662948608,1,0.3542187809944153,1
NF-BoT-IoT,0.25,43,topogcl,87,0.6549767851829529,0,0.2652616500854492,1
NF-BoT-IoT,0.25,43,topogcl,88,0.44027259945869446,1,0.4544166624546051,0
NF-BoT-IoT,0.25,43,topogcl,89,0.35495585203170776,1,1.273848056793213,1
NF-BoT-IoT,0.25,43,topogcl,90,0.35440340638160706,1,0.4334750473499298,1
NF-BoT-IoT,0.25,43,topogcl,91,0.55746990442276,1,0.3584284484386444,1
NF-BoT-IoT,0.25,43,topogcl,92,0.3542046844959259,1,0.3164215087890625,0
NF-BoT-IoT,0.25,43,topogcl,93,0.40335825085639954,1,0.6127730011940002,1
NF-BoT-IoT,0.25,43,topogcl,94,1.1020461320877075,1,0.35808947682380676,1
NF-BoT-IoT,0.25,43,topogcl,95,0.7523534297943115,1,0.3466041088104248,1
NF-BoT-IoT,0.25,43,topogcl,96,0.43434053659439087,1,0.2707481384277344,1
NF-BoT-IoT,0.25,43,topogcl,97,0.5187088251113892,1,0.31527945399284363,1
NF-BoT-IoT,0.25,43,topogcl,98,0.2957591414451599,1,0.25081464648246765,1
NF-BoT-IoT,0.25,43,topogcl,99,0.3513076603412628,1,0.9681934714317322,1
NF-BoT-IoT,0.25,43,topogcl,100,0.3401552438735962,1,0.999019205570221,1
NF-BoT-IoT,0.25,43,topogcl,101,0.4332767128944397,1,0.790762722492218,1
NF-BoT-IoT,0.25,43,topogcl,102,0.41392505168914795,1,0.32174861431121826,1
NF-BoT-IoT,0.25,43,topogcl,103,0.3542402386665344,1,0.47972938418388367,0
NF-BoT-IoT,0.25,43,topogcl,104,1.2943259477615356,1,0.25618407130241394,1
NF-BoT-IoT,0.25,43,topogcl,105,0.36431899666786194,0,0.3558657467365265,1
NF-BoT-IoT,0.25,43,topogcl,106,1.018296241760254,1,1.2917187213897705,1
NF-BoT-IoT,0.25,43,topogcl,107,0.3298506736755371,1,0.30849775671958923,0
NF-BoT-IoT,0.25,43,topogcl,108,0.25651922821998596,1,1.0296236276626587,1
NF-BoT-IoT,0.25,43,topogcl,109,3.113076686859131,1,1.1035805940628052,1
NF-BoT-IoT,0.25,43,topogcl,110,0.2833472490310669,1,1.1449708938598633,1
NF-BoT-IoT,0.25,43,topogcl,111,0.35549822449684143,0,1.0987462997436523,1
NF-BoT-IoT,0.25,43,topogcl,112,0.25076523423194885,1,0.24394941329956055,1
NF-BoT-IoT,0.25,43,topogcl,113,0.7305973172187805,1,0.12891273200511932,1
NF-BoT-IoT,0.25,43,topogcl,114,0.9352837800979614,1,2.0305287837982178,1
NF-BoT-IoT,0.25,43,topogcl,115,0.3164215087890625,0,0.2722039520740509,0
NF-BoT-IoT,0.25,43,topogcl,116,0.3240725100040436,1,0.32574495673179626,1
NF-BoT-IoT,0.25,43,topogcl,117,0.4463171064853668,1,0.4297403395175934,0
NF-BoT-IoT,0.25,43,topogcl,118,0.37746307253837585,0,0.2707165479660034,1
NF-BoT-IoT,0.25,43,topogcl,119,0.4602935016155243,1,1.0211716890335083,1
NF-BoT-IoT,0.25,43,topogcl,120,0.7632599472999573,1,0.298485666513443,1
NF-BoT-IoT,0.25,43,topogcl,121,0.5292346477508545,1,0.29100745916366577,1
NF-BoT-IoT,0.25,43,topogcl,122,0.4328129291534424,1,0.35980120301246643,1
NF-BoT-IoT,0.25,43,topogcl,123,0.35050609707832336,1,0.9851898550987244,1
NF-BoT-IoT,0.25,43,topogcl,124,0.24623911082744598,1,0.358957439661026,0
NF-BoT-IoT,0.25,43,topogcl,125,0.3164215087890625,0,0.34868675470352173,1
NF-BoT-IoT,0.25,43,topogcl,126,0.9745969176292419,1,0.4015059471130371,1
NF-BoT-IoT,0.25,43,topogcl,127,0.3557108938694,1,1.0110236406326294,1
NF-BoT-IoT,0.25,43,topogcl,128,0.4963151812553406,1,0.34705522656440735,1
NF-BoT-IoT,0.25,43,topogcl,129,0.21880179643630981,1,0.4251871705055237,1
NF-BoT-IoT,0.25,43,topogcl,130,0.35891392827033997,1,0.3931507170200348,0
NF-BoT-IoT,0.25,43,topogcl,131,0.34944021701812744,0,1.1952649354934692,1
NF-BoT-IoT,0.25,43,topogcl,132,0.3105991780757904,1,0.7154942154884338,1
NF-BoT-IoT,0.25,43,topogcl,133,0.23771914839744568,1,0.34855911135673523,1
NF-BoT-IoT,0.25,43,topogcl,134,0.27277371287345886,1,0.35791730880737305,1
NF-BoT-IoT,0.25,43,topogcl,135,0.2813103199005127,1,0.34126123785972595,1
NF-BoT-IoT,0.25,43,topogcl,136,0.23279619216918945,1,0.3063546121120453,0
NF-BoT-IoT,0.25,43,topogcl,137,0.35941317677497864,1,0.34786078333854675,1
NF-BoT-IoT,0.25,43,topogcl,138,0.3757733106613159,1,0.5975123643875122,1
NF-BoT-IoT,0.25,43,topogcl,139,0.3567851781845093,0,0.3091029226779938,1
NF-BoT-IoT,0.25,43,topogcl,140,0.35897472500801086,0,1.8392125368118286,1
NF-BoT-IoT,0.25,43,topogcl,141,1.1174477338790894,1,0.3514426648616791,1
NF-BoT-IoT,0.25,43,topogcl,142,0.3470958471298218,0,0.25499534606933594,1
NF-BoT-IoT,0.25,43,topogcl,143,0.27376946806907654,1,1.188530683517456,1
NF-BoT-IoT,0.25,43,topogcl,144,0.4377174973487854,1,0.2389700561761856,1
NF-BoT-IoT,0.25,43,topogcl,145,0.2719758450984955,0,0.907774031162262,0
NF-BoT-IoT,0.25,43,topogcl,146,2.648731231689453,1,0.35844308137893677,1
NF-BoT-IoT,0.25,43,topogcl,147,0.26492151618003845,1,0.9919588565826416,1
NF-BoT-IoT,0.25,43,topogcl,148,0.29581770300865173,1,0.7291423082351685,1
NF-BoT-IoT,0.25,43,topogcl,149,0.3343884348869324,1,0.3542187809944153,1
NF-BoT-IoT,0.25,43,topogcl,150,0.35314521193504333,1,0.3215162754058838,1
NF-BoT-IoT,0.25,43,topogcl,151,0.11387180536985397,0,0.2499186247587204,1
NF-BoT-IoT,0.25,43,topogcl,152,0.444818377494812,1,0.2542768120765686,1
NF-BoT-IoT,0.25,43,topogcl,153,0.3534368872642517,1,1.3517736196517944,1
NF-BoT-IoT,0.25,43,topogcl,154,0.35561585426330566,1,1.0276107788085938,1
NF-BoT-IoT,0.25,43,topogcl,155,0.75837641954422,1,0.4443475604057312,0
NF-BoT-IoT,0.25,43,topogcl,156,0.6594293117523193,1,0.3164215087890625,0
NF-BoT-IoT,0.25,43,topogcl,157,1.0507161617279053,1,0.8442732095718384,1
NF-BoT-IoT,0.25,43,topogcl,158,0.3592166304588318,1,0.25409913063049316,1
NF-BoT-IoT,0.25,43,topogcl,159,0.3406177759170532,1,0.3549392819404602,1
NF-BoT-IoT,0.25,43,topogcl,160,0.251149982213974,1,1.034929871559143,1
NF-BoT-IoT,0.25,43,topogcl,161,0.4609989821910858,1,0.3570452630519867,1
NF-BoT-IoT,0.25,43,topogcl,162,0.27211421728134155,0,1.0249582529067993,1
NF-BoT-IoT,0.25,43,topogcl,163,0.35246244072914124,1,0.3499281406402588,1
NF-BoT-IoT,0.25,43,topogcl,164,1.7795904874801636,1,0.3579748868942261,0
NF-BoT-IoT,0.25,43,topogcl,165,0.2203826904296875,0,2.1783056259155273,1
NF-BoT-IoT,0.25,43,topogcl,166,0.4288117289543152,1,0.2808574140071869,0
NF-BoT-IoT,0.25,43,topogcl,167,0.4318232536315918,1,0.2033650279045105,0
NF-BoT-IoT,0.25,43,topogcl,168,0.41900962591171265,0,1.0215049982070923,1
NF-BoT-IoT,0.25,43,topogcl,169,0.4155276417732239,1,1.3486907482147217,0
NF-BoT-IoT,0.25,43,topogcl,170,0.3454456031322479,0,0.43845513463020325,1
NF-BoT-IoT,0.25,43,topogcl,171,0.25376084446907043,1,0.3520819842815399,0
NF-BoT-IoT,0.25,43,topogcl,172,0.3311030864715576,1,0.6567488312721252,1
NF-BoT-IoT,0.25,43,topogcl,173,0.6255375742912292,1,0.35426193475723267,1
NF-BoT-IoT,0.25,43,topogcl,174,0.46635597944259644,1,0.3530994653701782,1
NF-BoT-IoT,0.25,43,topogcl,175,0.26577094197273254,1,0.9878359436988831,1
NF-BoT-IoT,0.25,43,topogcl,176,1.0166877508163452,1,0.6444272994995117,1
NF-BoT-IoT,0.25,43,topogcl,177,0.34057748317718506,1,0.5923399329185486,1
NF-BoT-IoT,0.25,43,topogcl,178,0.412142813205719,1,0.35962438583374023,0
NF-BoT-IoT,0.25,43,topogcl,179,0.2537389099597931,1,0.43683919310569763,1
NF-BoT-IoT,0.25,43,topogcl,180,1.0703455209732056,1,0.3582139015197754,0
NF-BoT-IoT,0.25,43,topogcl,181,0.31412428617477417,1,0.38690006732940674,1
NF-BoT-IoT,0.25,43,topogcl,182,0.3519255220890045,0,0.4141988754272461,1
NF-BoT-IoT,0.25,43,topogcl,183,0.256876140832901,1,0.37719249725341797,0
NF-BoT-IoT,0.25,43,topogcl,184,0.3176460862159729,1,2.0217771530151367,1
NF-BoT-IoT,0.25,43,topogcl,185,0.3592015206813812,1,0.7427296042442322,1
NF-BoT-IoT,0.25,43,topogcl,186,0.23465056717395782,1,0.12171269208192825,1
NF-BoT-IoT,0.25,43,topogcl,187,1.0830596685409546,1,1.3784817457199097,1
NF-BoT-IoT,0.25,43,topogcl,188,1.2231028079986572,1,0.559708297252655,1
NF-BoT-IoT,0.25,43,topogcl,189,0.3531126379966736,1,0.10496167838573456,1
NF-BoT-IoT,0.25,43,topogcl,190,2.6148436069488525,1,0.3567086458206177,1
NF-BoT-IoT,0.25,43,topogcl,191,0.2502673864364624,0,0.4443485736846924,0
NF-BoT-IoT,0.25,43,topogcl,192,0.4681762158870697,1,0.20935381948947906,0
NF-BoT-IoT,0.25,43,topogcl,193,0.2557111382484436,1,0.35450246930122375,0
NF-BoT-IoT,0.25,43,topogcl,194,1.1144829988479614,1,2.8939454555511475,1
NF-BoT-IoT,0.25,43,topogcl,195,0.3591163754463196,0,0.34960171580314636,1
NF-BoT-IoT,0.25,43,topogcl,196,0.36173608899116516,0,1.0807347297668457,1
NF-BoT-IoT,0.25,43,topogcl,197,0.730268120765686,0,0.2925761044025421,1
NF-BoT-IoT,0.25,43,topogcl,198,0.3582461178302765,1,2.589637279510498,1
NF-BoT-IoT,0.25,43,topogcl,199,0.1650112122297287,1,0.15009354054927826,1
NF-BoT-IoT,0.25,43,topogcl,200,0.4079713821411133,1,1.1237783432006836,1
NF-BoT-IoT,0.25,43,topogcl,201,0.26900434494018555,1,0.3164215087890625,0
NF-BoT-IoT,0.25,43,topogcl,202,1.0855149030685425,1,0.35548263788223267,1
NF-BoT-IoT,0.25,43,topogcl,203,0.3520369827747345,1,0.6809051632881165,1
NF-BoT-IoT,0.25,43,topogcl,204,0.37742167711257935,0,0.3224022686481476,1
NF-BoT-IoT,0.25,43,topogcl,205,0.1816919893026352,1,0.9928179383277893,1
NF-BoT-IoT,0.25,43,topogcl,206,1.7934681177139282,1,0.3576611876487732,1
NF-BoT-IoT,0.25,43,topogcl,207,0.34492945671081543,1,0.33107537031173706,0
NF-BoT-IoT,0.25,43,topogcl,208,0.27191367745399475,0,1.256130337715149,1
NF-BoT-IoT,0.25,43,topogcl,209,1.3510230779647827,1,0.3766728639602661,0
NF-BoT-IoT,0.25,43,topogcl,210,0.4791439473628998,1,0.1533208042383194,1
NF-BoT-IoT,0.25,43,topogcl,211,0.3774357736110687,0,0.35371842980384827,1
NF-BoT-IoT,0.25,43,topogcl,212,0.3534151613712311,1,0.30916571617126465,0
NF-BoT-IoT,0.25,43,topogcl,213,0.31503018736839294,1,0.3185204863548279,1
NF-BoT-IoT,0.25,43,topogcl,214,0.3474619388580322,1,2.821441650390625,1
NF-BoT-IoT,0.25,43,topogcl,215,0.2719099521636963,0,0.3378605246543884,0
NF-BoT-IoT,0.25,43,topogcl,216,0.4588764011859894,1,0.35907748341560364,0
NF-BoT-IoT,0.25,43,topogcl,217,0.27150604128837585,1,0.20514346659183502,1
NF-BoT-IoT,0.25,43,topogcl,218,0.3593238592147827,0,0.3098718822002411,1
NF-BoT-IoT,0.25,43,topogcl,219,0.2970399856567383,1,0.2883916199207306,1
NF-BoT-IoT,0.25,43,topogcl,220,0.8166972994804382,1,0.4109749495983124,1
NF-BoT-IoT,0.25,43,topogcl,221,0.7692981362342834,1,0.6451806426048279,0
NF-BoT-IoT,0.25,43,topogcl,222,0.32209521532058716,1,0.3466510474681854,0
NF-BoT-IoT,0.25,43,topogcl,223,0.35737812519073486,0,0.45505020022392273,0
NF-BoT-IoT,0.25,43,topogcl,224,0.2969881594181061,1,0.44793081283569336,1
NF-BoT-IoT,0.25,43,topogcl,225,2.834911823272705,1,1.0759197473526,1
NF-BoT-IoT,0.25,43,topogcl,226,0.35378357768058777,1,0.3494293689727783,1
NF-BoT-IoT,0.25,43,topogcl,227,0.8810723423957825,1,1.8611332178115845,1
NF-BoT-IoT,0.25,43,topogcl,228,1.1072931289672852,1,0.46731290221214294,1
NF-BoT-IoT,0.25,43,topogcl,229,0.3415412902832031,1,1.0913162231445312,1
NF-BoT-IoT,0.25,43,topogcl,230,0.253248929977417,1,0.35632726550102234,0
NF-BoT-IoT,0.25,43,topogcl,231,4.1129279136657715,1,0.5026530027389526,1
NF-BoT-IoT,0.25,43,topogcl,232,0.294224351644516,1,0.17706529796123505,1
NF-BoT-IoT,0.25,43,topogcl,233,0.3399251699447632,1,0.68088299036026,1
NF-BoT-IoT,0.25,43,topogcl,234,0.3540898859500885,1,0.8845700621604919,1
NF-BoT-IoT,0.25,43,topogcl,235,0.23613719642162323,1,0.4877016246318817,1
NF-BoT-IoT,0.25,43,topogcl,236,0.19833678007125854,0,0.3608545958995819,1
NF-BoT-IoT,0.25,43,topogcl,237,0.3241097331047058,1,0.35931459069252014,1
NF-BoT-IoT,0.25,43,topogcl,238,0.32944339513778687,1,1.1388492584228516,1
NF-BoT-IoT,0.25,43,topogcl,239,0.2833268344402313,1,0.28482532501220703,1
NF-BoT-IoT,0.25,43,topogcl,240,0.35418564081192017,1,0.34944021701812744,1
NF-BoT-IoT,0.25,43,topogcl,241,0.4290271997451782,1,0.23484833538532257,1
NF-BoT-IoT,0.25,43,topogcl,242,0.3561415672302246,0,0.2199803590774536,0
NF-BoT-IoT,0.25,43,topogcl,243,0.26544952392578125,1,0.44843047857284546,1
NF-BoT-IoT,0.25,43,topogcl,244,0.33220696449279785,1,1.1156038045883179,1
NF-BoT-IoT,0.25,43,topogcl,245,0.35530513525009155,1,1.0294008255004883,1
NF-BoT-IoT,0.25,43,topogcl,246,0.37740322947502136,1,0.2593418061733246,1
NF-BoT-IoT,0.25,43,topogcl,247,1.8537112474441528,1,0.5472755432128906,1
NF-BoT-IoT,0.25,43,topogcl,248,0.9950087666511536,1,0.352897584438324,1
NF-BoT-IoT,0.25,43,topogcl,249,0.4075043201446533,1,0.28773507475852966,1
NF-BoT-IoT,0.25,43,topogcl,250,0.3012584447860718,1,1.8661777973175049,1
NF-BoT-IoT,0.25,43,topogcl,251,0.3337351381778717,0,0.3626294732093811,1
NF-BoT-IoT,0.25,43,topogcl,252,0.2512418329715729,1,3.4368906021118164,1
NF-BoT-IoT,0.25,43,topogcl,253,0.5480883121490479,1,0.6242741346359253,1
NF-BoT-IoT,0.25,43,topogcl,254,0.23643091320991516,1,0.36368754506111145,0
NF-BoT-IoT,0.25,43,topogcl,255,0.3520728051662445,0,0.3176257610321045,1
NF-BoT-IoT,0.25,43,topogcl,256,0.249792218208313,1,0.9950841665267944,1
NF-BoT-IoT,0.25,43,topogcl,257,0.3249492049217224,0,1.3134795427322388,1
NF-BoT-IoT,0.25,43,topogcl,258,0.357772558927536,1,0.24005655944347382,1
NF-BoT-IoT,0.25,43,topogcl,259,0.3587585687637329,1,0.363554447889328,0
NF-BoT-IoT,0.25,43,topogcl,260,0.3491145074367523,1,1.4523555040359497,1
NF-BoT-IoT,0.25,43,topogcl,261,0.3549434542655945,1,0.3072257936000824,1
NF-BoT-IoT,0.25,43,topogcl,262,0.5442183613777161,1,1.0044409036636353,1
NF-BoT-IoT,0.25,43,topogcl,263,0.7171392440795898,1,0.6483134627342224,1
NF-BoT-IoT,0.25,43,topogcl,264,0.34869760274887085,1,1.1178728342056274,1
NF-BoT-IoT,0.25,43,topogcl,265,0.47001007199287415,1,0.35883158445358276,1
NF-BoT-IoT,0.25,43,topogcl,266,0.24809695780277252,0,0.7454743981361389,1
NF-BoT-IoT,0.25,43,topogcl,267,0.3164215087890625,0,1.472881555557251,1
NF-BoT-IoT,0.25,43,topogcl,268,0.35333991050720215,0,0.34724220633506775,1
NF-BoT-IoT,0.25,43,topogcl,269,0.3580577075481415,1,0.3518624007701874,0
NF-BoT-IoT,0.25,43,topogcl,270,0.4049713611602783,1,0.2531316578388214,1
NF-BoT-IoT,0.25,43,topogcl,271,0.3479290306568146,1,1.3550066947937012,0
NF-BoT-IoT,0.25,43,topogcl,272,0.3605949580669403,1,0.2691796123981476,1
NF-BoT-IoT,0.25,43,topogcl,273,0.3592875897884369,1,0.236276775598526,1
NF-BoT-IoT,0.25,43,topogcl,274,0.3406177759170532,1,0.33313897252082825,1
NF-BoT-IoT,0.25,43,topogcl,275,1.0695074796676636,1,0.3597332239151001,1
NF-BoT-IoT,0.25,43,topogcl,276,0.3564262390136719,1,0.3540404736995697,1
NF-BoT-IoT,0.25,43,topogcl,277,0.20331761240959167,1,0.478900283575058,1
NF-BoT-IoT,0.25,43,topogcl,278,0.35419389605522156,1,0.6658021211624146,1
NF-BoT-IoT,0.25,43,topogcl,279,0.35846883058547974,1,3.0153629779815674,1
NF-BoT-IoT,0.25,43,topogcl,280,0.3549675941467285,1,0.4256194531917572,1
NF-BoT-IoT,0.25,43,topogcl,281,0.3883982002735138,1,0.2601958215236664,1
NF-BoT-IoT,0.25,43,topogcl,282,0.34904882311820984,0,0.35703498125076294,1
NF-BoT-IoT,0.25,43,topogcl,283,0.26653653383255005,1,0.3970579504966736,1
NF-BoT-IoT,0.25,43,topogcl,284,0.7244619131088257,1,0.35176101326942444,1
NF-BoT-IoT,0.25,43,topogcl,285,0.40776997804641724,1,0.4390397369861603,1
NF-BoT-IoT,0.25,43,topogcl,286,0.46028798818588257,1,0.1923324167728424,1
NF-BoT-IoT,0.25,43,topogcl,287,0.5398147106170654,1,0.9899569749832153,1
NF-BoT-IoT,0.25,43,topogcl,288,0.47436225414276123,1,0.35808736085891724,1
NF-BoT-IoT,0.25,43,topogcl,289,0.26052746176719666,0,1.3539313077926636,0
NF-BoT-IoT,0.25,43,topogcl,290,0.34442007541656494,0,0.2718505859375,0
NF-BoT-IoT,0.25,43,topogcl,291,1.098429799079895,1,0.4309886395931244,1
NF-BoT-IoT,0.25,43,topogcl,292,0.28666573762893677,1,0.35886964201927185,0
NF-BoT-IoT,0.25,43,topogcl,293,0.263313353061676,1,0.24960334599018097,1
NF-BoT-IoT,0.25,43,topogcl,294,0.7227463722229004,1,1.6015937328338623,1
NF-BoT-IoT,0.25,43,topogcl,295,0.3591657280921936,1,1.0696977376937866,1
NF-BoT-IoT,0.25,43,topogcl,296,1.1319211721420288,1,4.109987735748291,1
NF-BoT-IoT,0.25,43,topogcl,297,0.16247865557670593,0,0.36855003237724304,1
NF-BoT-IoT,0.25,43,topogcl,298,1.0745258331298828,1,0.3581694960594177,1
NF-BoT-IoT,0.25,43,topogcl,299,0.24595290422439575,1,0.25266268849372864,1
NF-BoT-IoT,0.25,43,topogcl,300,0.22811412811279297,1,2.281747817993164,1
NF-BoT-IoT,0.25,43,topogcl,301,0.9951748847961426,1,0.36077678203582764,1
NF-BoT-IoT,0.25,43,topogcl,302,0.35159558057785034,1,1.0844141244888306,1
NF-BoT-IoT,0.25,43,topogcl,303,0.3492676317691803,1,0.9088329076766968,1
NF-BoT-IoT,0.25,43,topogcl,304,0.3257403075695038,0,0.34828314185142517,1
NF-BoT-IoT,0.25,43,topogcl,305,0.3581985533237457,1,1.0213781595230103,1
NF-BoT-IoT,0.25,43,topogcl,306,0.3398955464363098,1,0.3399251699447632,1
NF-BoT-IoT,0.25,43,topogcl,307,0.36070093512535095,1,0.34032830595970154,1
NF-BoT-IoT,0.25,43,topogcl,308,0.3572767674922943,0,1.0016100406646729,1
NF-BoT-IoT,0.25,43,topogcl,309,0.7469629645347595,1,0.598606288433075,1
NF-BoT-IoT,0.25,43,topogcl,310,0.35589656233787537,1,0.340482622385025,0
NF-BoT-IoT,0.25,43,topogcl,311,0.34285539388656616,1,0.43381962180137634,0
NF-BoT-IoT,0.25,43,topogcl,312,0.25825124979019165,1,0.26532042026519775,0
NF-BoT-IoT,0.25,43,topogcl,313,0.3647514581680298,0,0.7863742709159851,1
NF-BoT-IoT,0.25,43,topogcl,314,0.41835543513298035,1,0.4611625671386719,0
NF-BoT-IoT,0.25,43,topogcl,315,0.35827481746673584,1,0.3605346977710724,1
NF-BoT-IoT,0.25,43,topogcl,316,0.27270838618278503,1,1.0248888731002808,1
NF-BoT-IoT,0.25,43,topogcl,317,0.4605410099029541,1,0.43098336458206177,1
NF-BoT-IoT,0.25,43,topogcl,318,0.2584129869937897,1,0.4633254110813141,1
NF-BoT-IoT,0.25,43,topogcl,319,0.3609692454338074,1,0.3487526774406433,1
NF-BoT-IoT,0.25,43,topogcl,320,0.2641724944114685,1,1.0246914625167847,1
NF-BoT-IoT,0.25,43,topogcl,321,0.35185548663139343,1,0.44094157218933105,1
NF-BoT-IoT,0.25,43,topogcl,322,2.340207099914551,1,1.0791453123092651,1
NF-BoT-IoT,0.25,43,topogcl,323,0.8136780261993408,1,0.7663210034370422,0
NF-BoT-IoT,0.25,43,topogcl,324,0.2590443193912506,1,1.107835054397583,1
NF-BoT-IoT,0.25,43,topogcl,325,0.2508469223976135,1,0.23305432498455048,0
NF-BoT-IoT,0.25,43,topogcl,326,0.23794196546077728,1,1.0775799751281738,1
NF-BoT-IoT,0.25,43,topogcl,327,0.3129296898841858,1,0.325863778591156,1
NF-BoT-IoT,0.25,43,topogcl,328,0.4131494462490082,1,0.32528093457221985,1
NF-BoT-IoT,0.25,43,topogcl,329,0.32482850551605225,1,0.8653799295425415,1
NF-BoT-IoT,0.25,43,topogcl,330,0.35176074504852295,0,0.408944308757782,1
NF-BoT-IoT,0.25,43,topogcl,331,0.6285266876220703,1,0.3287874162197113,0
NF-BoT-IoT,0.25,43,topogcl,332,0.12505383789539337,1,0.44945821166038513,1
NF-BoT-IoT,0.25,43,topogcl,333,0.5949918031692505,1,0.6031038761138916,1
NF-BoT-IoT,0.25,43,topogcl,334,4.601568698883057,1,0.35959377884864807,1
NF-BoT-IoT,0.25,43,topogcl,335,0.3577416241168976,1,0.6722006797790527,1
NF-BoT-IoT,0.25,43,topogcl,336,0.3572103679180145,0,0.9738955497741699,1
NF-BoT-IoT,0.25,43,topogcl,337,1.1150506734848022,1,0.508558452129364,1
NF-BoT-IoT,0.25,43,topogcl,338,1.0080161094665527,1,0.3509337306022644,1
NF-BoT-IoT,0.25,43,topogcl,339,0.41837185621261597,1,0.3492129147052765,1
NF-BoT-IoT,0.25,43,topogcl,340,0.35589656233787537,1,0.320576936006546,0
NF-BoT-IoT,0.25,43,topogcl,341,0.3461395502090454,1,0.3357524275779724,0
NF-BoT-IoT,0.25,43,topogcl,342,1.0244665145874023,1,0.31202590465545654,1
NF-BoT-IoT,0.25,43,topogcl,343,0.44536206126213074,1,0.20870940387248993,0
NF-BoT-IoT,0.25,43,topogcl,344,0.23513354361057281,1,0.36075738072395325,0
NF-BoT-IoT,0.25,43,topogcl,345,1.0839670896530151,1,0.42867985367774963,1
NF-BoT-IoT,0.25,43,topogcl,346,0.42841044068336487,1,0.7349684238433838,1
NF-BoT-IoT,0.25,43,topogcl,347,1.0276936292648315,1,0.3544740676879883,1
NF-BoT-IoT,0.25,43,topogcl,348,0.25007331371307373,1,0.35076066851615906,0
NF-BoT-IoT,0.25,43,topogcl,349,0.23335686326026917,1,0.33271247148513794,1
NF-BoT-IoT,0.25,43,topogcl,350,1.3468374013900757,1,0.5188302993774414,1
NF-BoT-IoT,0.25,43,topogcl,351,0.3495340645313263,1,0.3449511229991913,1
NF-BoT-IoT,0.25,43,topogcl,352,0.3216001093387604,0,0.3487515151500702,1
NF-BoT-IoT,0.25,43,topogcl,353,0.504007875919342,1,0.3524678945541382,1
NF-BoT-IoT,0.25,43,topogcl,354,0.3491145074367523,1,1.1792335510253906,1
NF-BoT-IoT,0.25,43,topogcl,355,0.3525001108646393,1,1.2855592966079712,1
NF-BoT-IoT,0.25,43,topogcl,356,0.36004605889320374,1,0.34787124395370483,1
NF-BoT-IoT,0.25,43,topogcl,357,1.0244604349136353,1,0.35038378834724426,1
NF-BoT-IoT,0.25,43,topogcl,358,1.5842843055725098,1,1.1411957740783691,1
NF-BoT-IoT,0.25,43,topogcl,359,0.3215153217315674,0,0.41592052578926086,1
NF-BoT-IoT,0.25,43,topogcl,360,0.3413800597190857,1,0.3215157985687256,1
NF-BoT-IoT,0.25,43,topogcl,361,0.22733187675476074,1,0.2466287463903427,1
NF-BoT-IoT,0.25,43,topogcl,362,0.7740814089775085,1,0.42873239517211914,1
NF-BoT-IoT,0.25,43,topogcl,363,0.33621111512184143,1,2.319814443588257,1
NF-BoT-IoT,0.25,43,topogcl,364,1.035365104675293,1,0.35531651973724365,1
NF-BoT-IoT,0.25,43,topogcl,365,0.2642247974872589,1,0.17489637434482574,0
NF-BoT-IoT,0.25,43,topogcl,366,0.2786039412021637,1,0.34807687997817993,1
NF-BoT-IoT,0.25,43,topogcl,367,1.0162601470947266,1,0.3957633972167969,1
NF-BoT-IoT,0.25,43,topogcl,368,0.32103222608566284,0,0.3773293197154999,0
NF-BoT-IoT,0.25,43,topogcl,369,0.3549357056617737,1,0.3787793517112732,0
NF-BoT-IoT,0.25,43,topogcl,370,0.4248526394367218,1,0.9858558773994446,1
NF-BoT-IoT,0.25,43,topogcl,371,0.35370761156082153,1,1.029112458229065,1
NF-BoT-IoT,0.25,43,topogcl,372,0.34083911776542664,1,0.34787124395370483,1
NF-BoT-IoT,0.25,43,topogcl,373,0.41320332884788513,0,0.3580301105976105,1
NF-BoT-IoT,0.25,43,topogcl,374,0.17651772499084473,0,0.35915014147758484,0
NF-BoT-IoT,0.25,43,topogcl,375,0.7429004907608032,1,0.4420942962169647,1
NF-BoT-IoT,0.25,43,topogcl,376,0.7011900544166565,1,1.07059907913208,1
NF-BoT-IoT,0.25,43,topogcl,377,0.4262639880180359,1,2.0431246757507324,1
NF-BoT-IoT,0.25,43,topogcl,378,0.714562177658081,1,0.2900230586528778,1
NF-BoT-IoT,0.25,43,topogcl,379,1.3035333156585693,1,0.3066067099571228,1
NF-BoT-IoT,0.25,43,topogcl,380,0.35494911670684814,1,0.09718813002109528,1
NF-BoT-IoT,0.25,43,topogcl,381,0.34591197967529297,1,0.35908830165863037,0
NF-BoT-IoT,0.25,43,topogcl,382,0.19350473582744598,0,2.2111873626708984,1
NF-BoT-IoT,0.25,43,topogcl,383,0.39037781953811646,0,0.358957439661026,0
NF-BoT-IoT,0.25,43,topogcl,384,0.41294851899147034,1,1.1781665086746216,1
NF-BoT-IoT,0.25,43,topogcl,385,0.3774162828922272,0,0.34803256392478943,1
NF-BoT-IoT,0.25,43,topogcl,386,0.25434717535972595,1,0.35917168855667114,1
NF-BoT-IoT,0.25,43,topogcl,387,0.460537314414978,1,0.32166019082069397,1
NF-BoT-IoT,0.25,43,topogcl,388,0.6846544146537781,1,1.0170634984970093,1
NF-BoT-IoT,0.25,43,topogcl,389,1.017642855644226,1,1.0259243249893188,1
NF-BoT-IoT,0.25,43,topogcl,390,0.34496185183525085,1,0.445952832698822,1
NF-BoT-IoT,0.25,43,topogcl,391,0.2945674955844879,1,0.45472559332847595,1
NF-BoT-IoT,0.25,43,topogcl,392,0.350603312253952,1,0.27283743023872375,1
NF-BoT-IoT,0.25,43,topogcl,393,0.35959380865097046,1,0.30098411440849304,0
NF-BoT-IoT,0.25,43,topogcl,394,0.3486976623535156,1,0.2919185161590576,1
NF-BoT-IoT,0.25,43,topogcl,395,0.377125084400177,0,0.5827239155769348,1
NF-BoT-IoT,0.25,43,topogcl,396,0.3474619388580322,1,1.0320003032684326,1
NF-BoT-IoT,0.25,43,topogcl,397,1.0318617820739746,1,0.2482532560825348,1
NF-BoT-IoT,0.25,43,topogcl,398,1.053406834602356,1,0.09938476979732513,1
NF-BoT-IoT,0.25,43,topogcl,399,0.3503201901912689,1,0.3570452630519867,1
NF-BoT-IoT,0.25,43,topogcl,400,1.1205666065216064,1,0.9793033003807068,1
NF-BoT-IoT,0.25,43,topogcl,401,0.3413335084915161,1,1.1348072290420532,1
NF-BoT-IoT,0.25,43,topogcl,402,0.35151827335357666,1,1.0374932289123535,1
NF-BoT-IoT,0.25,43,topogcl,403,0.3575088381767273,0,0.3537076413631439,1
NF-BoT-IoT,0.25,43,topogcl,404,0.7079294323921204,1,0.13669505715370178,1
NF-BoT-IoT,0.25,43,topogcl,405,0.2489805370569229,1,0.2604160010814667,0
NF-BoT-IoT,0.25,43,topogcl,406,0.5050908923149109,1,0.34045833349227905,1
NF-BoT-IoT,0.25,43,topogcl,407,0.4156491458415985,1,0.37027886509895325,0
NF-BoT-IoT,0.25,43,topogcl,408,0.23714539408683777,1,1.881681203842163,1
NF-BoT-IoT,0.25,43,topogcl,409,1.1133333444595337,1,0.3215162754058838,1
NF-BoT-IoT,0.25,43,topogcl,410,0.2696869373321533,0,0.27487683296203613,1
NF-BoT-IoT,0.25,43,topogcl,411,0.34037503600120544,1,0.6840949058532715,1
NF-BoT-IoT,0.25,43,topogcl,412,0.3002471923828125,1,0.7140166163444519,1
NF-BoT-IoT,0.25,43,topogcl,413,0.6263391971588135,1,0.2573753595352173,1
NF-BoT-IoT,0.25,43,topogcl,414,0.27284181118011475,1,0.3468885123729706,1
NF-BoT-IoT,0.25,43,topogcl,415,0.410586953163147,1,0.348914235830307,1
NF-BoT-IoT,0.25,43,topogcl,416,0.34537044167518616,1,0.5136817693710327,1
NF-BoT-IoT,0.25,43,topogcl,417,0.2906625270843506,1,0.21874216198921204,1
NF-BoT-IoT,0.25,43,topogcl,418,0.22769705951213837,0,0.2442496120929718,1
NF-BoT-IoT,0.25,43,topogcl,419,0.9075145721435547,0,0.6459969878196716,1
NF-BoT-IoT,0.25,43,topogcl,420,0.30867743492126465,1,0.43076157569885254,1
NF-BoT-IoT,0.25,43,topogcl,421,0.32152506709098816,0,0.3597337007522583,1
NF-BoT-IoT,0.25,43,topogcl,422,0.17547987401485443,1,0.35928529500961304,0
NF-BoT-IoT,0.25,43,topogcl,423,0.9787487983703613,1,1.029823899269104,1
NF-BoT-IoT,0.25,43,topogcl,424,0.38651737570762634,1,0.8578733801841736,0
NF-BoT-IoT,0.25,43,topogcl,425,1.110824465751648,1,0.526963472366333,1
NF-BoT-IoT,0.25,43,topogcl,426,0.3579748570919037,1,0.3529083728790283,1
NF-BoT-IoT,0.25,43,topogcl,427,0.2543042302131653,1,0.4214628040790558,1
NF-BoT-IoT,0.25,43,topogcl,428,0.43972697854042053,1,1.2767196893692017,1
NF-BoT-IoT,0.25,43,topogcl,429,2.7653629779815674,1,0.34867581725120544,1
NF-BoT-IoT,0.25,43,topogcl,430,0.423165500164032,1,0.43247902393341064,1
NF-BoT-IoT,0.25,43,topogcl,431,0.2639508843421936,1,0.35300424695014954,1
NF-BoT-IoT,0.25,43,topogcl,432,0.4496879279613495,1,2.688478469848633,1
NF-BoT-IoT,0.25,43,topogcl,433,0.5648849010467529,1,0.40174761414527893,0
NF-BoT-IoT,0.25,43,topogcl,434,1.1339845657348633,0,2.5665760040283203,1
NF-BoT-IoT,0.25,43,topogcl,435,0.30683669447898865,0,0.6996276378631592,1
NF-BoT-IoT,0.25,43,topogcl,436,0.2510230243206024,1,0.18986542522907257,1
NF-BoT-IoT,0.25,43,topogcl,437,0.32980263233184814,0,0.33834150433540344,1
NF-BoT-IoT,0.25,43,topogcl,438,0.35452401638031006,1,0.42132046818733215,1
NF-BoT-IoT,0.25,43,topogcl,439,0.2393357902765274,0,1.06144118309021,1
NF-BoT-IoT,0.25,43,topogcl,440,0.3579544723033905,1,1.3301360607147217,1
NF-BoT-IoT,0.25,43,topogcl,441,0.26259973645210266,1,0.17994515597820282,1
NF-BoT-IoT,0.25,43,topogcl,442,0.47145164012908936,1,0.7326691746711731,1
NF-BoT-IoT,0.25,43,topogcl,443,0.35260874032974243,1,0.3124798536300659,1
NF-BoT-IoT,0.25,43,topogcl,444,0.35836678743362427,1,0.4455581605434418,1
NF-BoT-IoT,0.25,43,topogcl,445,0.34981516003608704,0,0.29362621903419495,1
NF-BoT-IoT,0.25,43,topogcl,446,0.3476724922657013,1,1.5646717548370361,1
NF-BoT-IoT,0.25,43,topogcl,447,0.34108343720436096,0,0.9057547450065613,1
NF-BoT-IoT,0.25,43,topogcl,448,0.3403182029724121,1,0.308227002620697,1
NF-BoT-IoT,0.25,43,topogcl,449,0.35625597834587097,1,0.3495338261127472,1
NF-BoT-IoT,0.25,43,topogcl,450,0.25414690375328064,1,1.967481255531311,1
NF-BoT-IoT,0.25,43,topogcl,451,0.3556487560272217,1,0.23961569368839264,0
NF-BoT-IoT,0.25,43,topogcl,452,0.26469191908836365,1,0.3523719906806946,1
NF-BoT-IoT,0.25,43,topogcl,453,0.3663026690483093,1,0.3537076413631439,1
NF-BoT-IoT,0.25,43,topogcl,454,0.3523838520050049,0,0.5084257125854492,0
NF-BoT-IoT,0.25,43,topogcl,455,0.4474293291568756,0,2.218219757080078,1
NF-BoT-IoT,0.25,43,topogcl,456,0.7593401670455933,1,1.0216598510742188,1
NF-BoT-IoT,0.25,43,topogcl,457,0.265192449092865,0,0.2838316559791565,1
NF-BoT-IoT,0.25,43,topogcl,458,0.3531019389629364,1,0.4212079644203186,1
NF-BoT-IoT,0.25,43,topogcl,459,0.35166364908218384,0,1.0717384815216064,1
NF-BoT-IoT,0.25,43,topogcl,460,0.45202183723449707,1,0.28075942397117615,1
NF-BoT-IoT,0.25,43,topogcl,461,1.3599562644958496,1,0.8516032099723816,1
NF-BoT-IoT,0.25,43,topogcl,462,0.25123608112335205,1,0.34191030263900757,1
NF-BoT-IoT,0.25,43,topogcl,463,0.35102206468582153,1,0.17705412209033966,1
NF-BoT-IoT,0.25,43,topogcl,464,0.35407957434654236,1,1.5074429512023926,1
NF-BoT-IoT,0.25,43,topogcl,465,0.3521237075328827,0,2.2028913497924805,1
NF-BoT-IoT,0.25,43,topogcl,466,0.34816259145736694,1,2.8205556869506836,1
NF-BoT-IoT,0.25,43,topogcl,467,0.3576922118663788,1,0.7379089593887329,1
NF-BoT-IoT,0.25,43,topogcl,468,0.9100131988525391,1,0.6741876602172852,1
NF-BoT-IoT,0.25,43,topogcl,469,0.6199175119400024,1,1.2216222286224365,1
NF-BoT-IoT,0.25,43,topogcl,470,1.1174226999282837,1,2.0196046829223633,1
NF-BoT-IoT,0.25,43,topogcl,471,0.34319639205932617,1,0.23518142104148865,1
NF-BoT-IoT,0.25,43,topogcl,472,0.9957505464553833,1,0.35235029458999634,1
NF-BoT-IoT,0.25,43,topogcl,473,0.2019096463918686,1,0.6385498046875,1
NF-BoT-IoT,0.25,43,topogcl,474,0.355131596326828,1,1.4086557626724243,1
NF-BoT-IoT,0.25,43,topogcl,475,0.3486720323562622,0,0.3556583821773529,1
NF-BoT-IoT,0.25,43,topogcl,476,0.333351194858551,1,0.2724786698818207,0
NF-BoT-IoT,0.25,43,topogcl,477,0.30331629514694214,1,1.4184589385986328,1
NF-BoT-IoT,0.25,43,topogcl,478,0.41010066866874695,0,0.11907754093408585,1
NF-BoT-IoT,0.25,43,topogcl,479,0.33749833703041077,0,0.3544538915157318,1
NF-BoT-IoT,0.25,43,topogcl,480,0.50943922996521,1,0.19340069591999054,0
NF-BoT-IoT,0.25,43,topogcl,481,0.35714465379714966,1,0.3591682016849518,0
NF-BoT-IoT,0.25,43,topogcl,482,0.409384548664093,0,0.3595486581325531,1
NF-BoT-IoT,0.25,43,topogcl,483,0.5999064445495605,1,0.3103610873222351,1
NF-BoT-IoT,0.25,43,topogcl,484,1.0591647624969482,1,0.3215162754058838,1
NF-BoT-IoT,0.25,43,topogcl,485,0.5339381694793701,1,0.6913178563117981,1
NF-BoT-IoT,0.25,43,topogcl,486,0.3582075834274292,0,2.8688242435455322,1
NF-BoT-IoT,0.25,43,topogcl,487,0.8138318061828613,1,0.3617483675479889,1
NF-BoT-IoT,0.25,43,topogcl,488,1.365050196647644,1,0.34226152300834656,0
NF-BoT-IoT,0.25,43,topogcl,489,0.865125298500061,1,0.341113805770874,1
NF-BoT-IoT,0.25,43,topogcl,490,0.343218058347702,1,0.2927860617637634,1
NF-BoT-IoT,0.25,43,topogcl,491,0.8656558394432068,1,0.3582405149936676,1
NF-BoT-IoT,0.25,43,topogcl,492,0.8998594284057617,0,0.31863537430763245,1
NF-BoT-IoT,0.25,43,topogcl,493,0.2592414915561676,1,0.3527408242225647,1
NF-BoT-IoT,0.25,43,topogcl,494,0.29423731565475464,1,0.36231109499931335,1
NF-BoT-IoT,0.25,43,topogcl,495,0.32950085401535034,1,0.6795476078987122,1
NF-BoT-IoT,0.25,43,topogcl,496,0.816376268863678,1,0.3481407165527344,1
NF-BoT-IoT,0.25,43,topogcl,497,1.240644097328186,1,1.5975663661956787,1
NF-BoT-IoT,0.25,43,topogcl,498,0.1170743778347969,1,0.6006930470466614,1
NF-BoT-IoT,0.25,43,topogcl,499,0.3429776132106781,1,0.321068674325943,0
NF-BoT-IoT,0.25,43,topogcl,500,0.35768669843673706,1,0.2402282953262329,1
NF-BoT-IoT,0.25,43,topogcl,501,0.3545132577419281,1,1.0316765308380127,1
NF-BoT-IoT,0.25,43,topogcl,502,0.25241973996162415,1,1.002852439880371,1
NF-BoT-IoT,0.25,43,topogcl,503,0.3113856315612793,1,1.244357943534851,1
NF-BoT-IoT,0.25,43,topogcl,504,0.32673683762550354,1,0.3471560776233673,1
NF-BoT-IoT,0.25,43,topogcl,505,0.7420333027839661,1,1.2476024627685547,1
NF-BoT-IoT,0.25,43,topogcl,506,0.35450246930122375,1,0.35911574959754944,0
NF-BoT-IoT,0.25,43,topogcl,507,0.24577181041240692,0,0.3975185453891754,1
NF-BoT-IoT,0.25,43,topogcl,508,0.35480839014053345,1,0.7439340353012085,1
NF-BoT-IoT,0.25,43,topogcl,509,0.33327385783195496,1,1.0186049938201904,1
NF-BoT-IoT,0.25,43,topogcl,510,0.2701622545719147,1,0.357796847820282,1
NF-BoT-IoT,0.25,43,topogcl,511,0.35210463404655457,1,0.3275128901004791,0
NF-BoT-IoT,0.25,43,topogcl,512,0.5411519408226013,1,0.361883282661438,1
NF-BoT-IoT,0.25,43,topogcl,513,0.43465912342071533,1,0.2753586173057556,1
NF-BoT-IoT,0.25,43,topogcl,514,0.20984551310539246,1,0.36012083292007446,1
NF-BoT-IoT,0.25,43,topogcl,515,0.35845160484313965,0,0.2653205394744873,1
NF-BoT-IoT,0.25,43,topogcl,516,0.23865137994289398,0,0.13944581151008606,1
NF-BoT-IoT,0.25,43,topogcl,517,0.27134519815444946,0,0.6050497889518738,0
NF-BoT-IoT,0.25,43,topogcl,518,1.078466534614563,1,0.271597683429718,1
NF-BoT-IoT,0.25,43,topogcl,519,0.3529070019721985,1,0.6101536154747009,1
NF-BoT-IoT,0.25,43,topogcl,520,1.1252714395523071,1,0.4421221911907196,0
NF-BoT-IoT,0.25,43,topogcl,521,0.999509871006012,1,0.3399251699447632,1
NF-BoT-IoT,0.25,43,topogcl,522,0.2709271013736725,0,1.6167786121368408,1
NF-BoT-IoT,0.25,43,topogcl,523,0.1130954846739769,0,0.36002635955810547,1
NF-BoT-IoT,0.25,43,topogcl,524,0.33486950397491455,0,0.2429196834564209,1
NF-BoT-IoT,0.25,43,topogcl,525,0.27624446153640747,1,0.3534145951271057,1
NF-BoT-IoT,0.25,43,topogcl,526,1.0119653940200806,1,0.35472896695137024,1
NF-BoT-IoT,0.25,43,topogcl,527,1.0812513828277588,1,0.6792129874229431,1
NF-BoT-IoT,0.25,43,topogcl,528,0.3557661771774292,1,1.158406138420105,1
NF-BoT-IoT,0.25,43,topogcl,529,0.35867738723754883,0,1.0107871294021606,1
NF-BoT-IoT,0.25,43,topogcl,530,0.5147700905799866,1,1.0340807437896729,1
NF-BoT-IoT,0.25,43,topogcl,531,0.35474374890327454,1,0.34131747484207153,1
NF-BoT-IoT,0.25,43,topogcl,532,0.2830279469490051,1,1.0123143196105957,1
NF-BoT-IoT,0.25,43,topogcl,533,0.24117709696292877,1,1.1274787187576294,0
NF-BoT-IoT,0.25,43,topogcl,534,0.736546516418457,1,0.358957439661026,0
NF-BoT-IoT,0.25,43,topogcl,535,0.3474619388580322,1,0.31641438603401184,0
NF-BoT-IoT,0.25,43,topogcl,536,0.7447659969329834,1,0.2204785943031311,1
NF-BoT-IoT,0.25,43,topogcl,537,0.35902494192123413,1,0.24025829136371613,0
NF-BoT-IoT,0.25,43,topogcl,538,1.8126906156539917,1,0.34705522656440735,1
NF-BoT-IoT,0.25,43,topogcl,539,0.2652831971645355,1,0.23559054732322693,0
NF-BoT-IoT,0.25,43,topogcl,540,0.34193992614746094,1,0.4606693685054779,1
NF-BoT-IoT,0.25,43,topogcl,541,0.3531668782234192,0,0.6098982691764832,1
NF-BoT-IoT,0.25,43,topogcl,542,0.3492436707019806,1,0.33847370743751526,1
NF-BoT-IoT,0.25,43,topogcl,543,1.1192001104354858,1,0.11466097086668015,0
NF-BoT-IoT,0.25,43,topogcl,544,0.3399251699447632,1,0.5685506463050842,1
NF-BoT-IoT,0.25,43,topogcl,545,0.19846375286579132,0,1.018465280532837,1
NF-BoT-IoT,0.25,43,topogcl,546,0.9102919697761536,1,0.4140273332595825,1
NF-BoT-IoT,0.25,43,topogcl,547,0.67452073097229,1,0.8206474781036377,1
NF-BoT-IoT,0.25,43,topogcl,548,2.0123918056488037,1,0.32174935936927795,1
NF-BoT-IoT,0.25,43,topogcl,549,0.3905790448188782,1,0.20412059128284454,1
NF-BoT-IoT,0.25,43,topogcl,550,0.41830000281333923,1,1.3923228979110718,1
NF-BoT-IoT,0.25,43,topogcl,551,1.0206539630889893,1,0.32174935936927795,0
NF-BoT-IoT,0.25,43,topogcl,552,0.32160070538520813,1,0.35928529500961304,0
NF-BoT-IoT,0.25,43,topogcl,553,0.35259702801704407,0,0.48598435521125793,1
NF-BoT-IoT,0.25,43,topogcl,554,1.0913957357406616,1,0.27692487835884094,1
NF-BoT-IoT,0.25,43,topogcl,555,0.260956734418869,1,0.12637917697429657,1
NF-BoT-IoT,0.25,43,topogcl,556,0.641845166683197,1,0.3615628182888031,1
NF-BoT-IoT,0.25,43,topogcl,557,0.2622617185115814,1,0.42916518449783325,1
NF-BoT-IoT,0.25,43,topogcl,558,1.0687780380249023,1,0.28283265233039856,1
NF-BoT-IoT,0.25,43,topogcl,559,0.3404496908187866,1,0.4460797607898712,0
NF-BoT-IoT,0.25,43,topogcl,560,0.4532439410686493,0,1.1966567039489746,1
NF-BoT-IoT,0.25,43,topogcl,561,1.4091166257858276,1,0.4312938451766968,1
NF-BoT-IoT,0.25,43,topogcl,562,0.35217857360839844,0,0.2535313069820404,1
NF-BoT-IoT,0.25,43,topogcl,563,0.3579573333263397,1,0.44706571102142334,1
NF-BoT-IoT,0.25,43,topogcl,564,0.3594467341899872,1,0.3093325197696686,1
NF-BoT-IoT,0.25,43,topogcl,565,0.3885722756385803,1,0.354502409696579,1
NF-BoT-IoT,0.25,43,topogcl,566,1.1110327243804932,1,0.35898086428642273,0
NF-BoT-IoT,0.25,43,topogcl,567,0.24882085621356964,1,0.13658657670021057,1
NF-BoT-IoT,0.25,43,topogcl,568,0.9914386868476868,1,0.456628680229187,1
NF-BoT-IoT,0.25,43,topogcl,569,0.45016729831695557,1,0.36711567640304565,1
NF-BoT-IoT,0.25,43,topogcl,570,0.786844789981842,1,0.43566831946372986,1
NF-BoT-IoT,0.25,43,topogcl,571,0.3346945345401764,0,0.35936659574508667,1
NF-BoT-IoT,0.25,43,topogcl,572,2.2677571773529053,1,0.7093154788017273,1
NF-BoT-IoT,0.25,43,topogcl,573,1.548234224319458,1,0.990961492061615,1
NF-BoT-IoT,0.25,43,topogcl,574,0.3424994647502899,1,0.9842223525047302,1
NF-BoT-IoT,0.25,43,topogcl,575,0.9683454632759094,1,0.3407920300960541,1
NF-BoT-IoT,0.25,43,topogcl,576,0.3543979227542877,0,0.36134248971939087,1
NF-BoT-IoT,0.25,43,topogcl,577,0.2713768482208252,1,0.5406917929649353,1
NF-BoT-IoT,0.25,43,topogcl,578,0.9834781885147095,1,0.4340154528617859,1
NF-BoT-IoT,0.25,43,topogcl,579,0.3037976622581482,1,0.5062971711158752,1
NF-BoT-IoT,0.25,43,topogcl,580,0.2767033576965332,0,0.35249894857406616,1
NF-BoT-IoT,0.25,43,topogcl,581,0.5738471746444702,1,3.2501471042633057,1
NF-BoT-IoT,0.25,43,topogcl,582,0.3603791296482086,1,0.35767170786857605,1
NF-BoT-IoT,0.25,43,topogcl,583,0.34828314185142517,1,0.3590121865272522,1
NF-BoT-IoT,0.25,43,topogcl,584,2.6290512084960938,1,0.24802745878696442,1
NF-BoT-IoT,0.25,43,topogcl,585,1.8866950273513794,1,0.2850852906703949,1
NF-BoT-IoT,0.25,43,topogcl,586,0.24564684927463531,1,0.3499825596809387,0
NF-BoT-IoT,0.25,43,topogcl,587,0.3509589731693268,0,0.2905806303024292,1
NF-BoT-IoT,0.25,43,topogcl,588,0.35458138585090637,1,0.2767006754875183,1
NF-BoT-IoT,0.25,43,topogcl,589,0.39801162481307983,1,0.4606001675128937,0
NF-BoT-IoT,0.25,43,topogcl,590,0.44420379400253296,1,1.6015079021453857,1
NF-BoT-IoT,0.25,43,topogcl,591,0.35508599877357483,1,0.28668439388275146,1
NF-BoT-IoT,0.25,43,topogcl,592,0.4192005395889282,0,0.4459076225757599,1
NF-BoT-IoT,0.25,43,topogcl,593,0.34943994879722595,1,0.08962748944759369,1
NF-BoT-IoT,0.25,43,topogcl,594,1.3948960304260254,1,0.24315620958805084,0
NF-BoT-IoT,0.25,43,topogcl,595,0.31441381573677063,1,0.49381881952285767,1
NF-BoT-IoT,0.25,43,topogcl,596,0.2602616548538208,1,0.35737648606300354,1
NF-BoT-IoT,0.25,43,topogcl,597,2.5736277103424072,1,1.0361087322235107,1
NF-BoT-IoT,0.25,43,topogcl,598,0.3579748868942261,1,0.14510837197303772,1
NF-BoT-IoT,0.25,43,topogcl,599,0.502127468585968,1,0.39176908135414124,1
NF-BoT-IoT,0.25,43,topogcl,600,0.4458233714103699,1,0.3869450092315674,1
NF-BoT-IoT,0.25,43,topogcl,601,1.4430742263793945,1,1.1465414762496948,1
NF-BoT-IoT,0.25,43,topogcl,602,0.3774065375328064,0,0.35259705781936646,1
NF-BoT-IoT,0.25,43,topogcl,603,0.2813129127025604,1,0.2038377821445465,1
NF-BoT-IoT,0.25,43,topogcl,604,0.22862328588962555,1,0.4322231113910675,1
NF-BoT-IoT,0.25,43,topogcl,605,0.24280622601509094,1,0.3505939245223999,1
NF-BoT-IoT,0.25,43,topogcl,606,0.2392427623271942,1,0.5211570262908936,1
NF-BoT-IoT,0.25,43,topogcl,607,0.32505688071250916,1,0.1610058695077896,1
NF-BoT-IoT,0.25,43,topogcl,608,0.6195647120475769,1,0.35530513525009155,1
NF-BoT-IoT,0.25,43,topogcl,609,0.35960400104522705,1,0.29196250438690186,1
NF-BoT-IoT,0.25,43,topogcl,610,0.4841579794883728,1,0.236819326877594,1
NF-BoT-IoT,0.25,43,topogcl,611,2.6895837783813477,1,0.24522866308689117,1
NF-BoT-IoT,0.25,43,topogcl,612,0.35533109307289124,0,0.35300731658935547,1
NF-BoT-IoT,0.25,43,topogcl,613,1.2796157598495483,1,0.5240079164505005,1
NF-BoT-IoT,0.25,43,topogcl,614,0.5064927339553833,1,0.3518131375312805,1
NF-BoT-IoT,0.25,43,topogcl,615,0.23601795732975006,1,2.0303549766540527,1
NF-BoT-IoT,0.25,43,topogcl,616,2.6084794998168945,1,0.11817820370197296,0
NF-BoT-IoT,0.25,43,topogcl,617,0.16154302656650543,0,0.3545457124710083,1
NF-BoT-IoT,0.25,43,topogcl,618,0.3801724910736084,1,0.468252032995224,1
NF-BoT-IoT,0.25,43,topogcl,619,0.2973397970199585,1,0.2895529866218567,0
NF-BoT-IoT,0.25,43,topogcl,620,0.25289809703826904,1,0.5199689865112305,1
NF-BoT-IoT,0.25,43,topogcl,621,0.3028651773929596,1,0.4311748147010803,1
NF-BoT-IoT,0.25,43,topogcl,622,0.33740121126174927,0,0.3520371913909912,1
NF-BoT-IoT,0.25,43,topogcl,623,3.7410900592803955,1,0.3135191798210144,1
NF-BoT-IoT,0.25,43,topogcl,624,0.35866811871528625,1,0.4250659942626953,1
NF-BoT-IoT,0.25,43,topogcl,625,0.3593868315219879,0,0.33572283387184143,0
NF-BoT-IoT,0.25,43,topogcl,626,2.5082900524139404,1,0.556047797203064,1
NF-BoT-IoT,0.25,43,topogcl,627,2.434401273727417,1,0.35694199800491333,1
NF-BoT-IoT,0.25,43,topogcl,628,1.0302037000656128,1,0.3556060194969177,1
NF-BoT-IoT,0.25,43,topogcl,629,0.3230738639831543,1,0.4079217314720154,1
NF-BoT-IoT,0.25,43,topogcl,630,0.3446875810623169,0,0.3301703631877899,0
NF-BoT-IoT,0.25,43,topogcl,631,0.46420902013778687,1,0.24805037677288055,1
NF-BoT-IoT,0.25,43,topogcl,632,0.5100105404853821,1,0.44688329100608826,1
NF-BoT-IoT,0.25,43,topogcl,633,0.35344770550727844,1,0.4434836506843567,1
NF-BoT-IoT,0.25,43,topogcl,634,0.4711112082004547,1,1.2732131481170654,1
NF-BoT-IoT,0.25,43,topogcl,635,0.4388957619667053,1,0.4088413119316101,1
NF-BoT-IoT,0.25,43,topogcl,636,0.2986503541469574,1,0.3891735374927521,0
NF-BoT-IoT,0.25,43,topogcl,637,0.49744072556495667,1,1.166509747505188,1
NF-BoT-IoT,0.25,43,topogcl,638,4.786046028137207,1,1.1489440202713013,1
NF-BoT-IoT,0.25,43,topogcl,639,0.3486754596233368,1,1.03034508228302,1
NF-BoT-IoT,0.25,43,topogcl,640,0.3542511761188507,0,0.5215152502059937,1
NF-BoT-IoT,0.25,43,topogcl,641,0.35246071219444275,1,0.3515614867210388,1
NF-BoT-IoT,0.25,43,topogcl,642,0.42845332622528076,1,0.30205416679382324,1
NF-BoT-IoT,0.25,43,topogcl,643,0.2443043440580368,1,0.3534368872642517,1
NF-BoT-IoT,0.25,43,topogcl,644,1.1281766891479492,1,0.3517065644264221,1
NF-BoT-IoT,0.25,43,topogcl,645,0.3548268675804138,1,0.29566553235054016,1
NF-BoT-IoT,0.25,43,topogcl,646,1.8807586431503296,1,0.4282665252685547,1
NF-BoT-IoT,0.25,43,topogcl,647,0.29888176918029785,1,1.468011498451233,1
NF-BoT-IoT,0.25,43,topogcl,648,1.2727688550949097,1,0.20149065554141998,1
NF-BoT-IoT,0.25,43,topogcl,649,0.3491845428943634,0,0.29959216713905334,1
NF-BoT-IoT,0.25,43,topogcl,650,,,0.24742619693279266,1
NF-BoT-IoT,0.25,43,topogcl,651,,,0.16892926394939423,1
NF-BoT-IoT,0.25,43,topogcl,652,,,0.4385468661785126,1
NF-BoT-IoT,0.25,43,topogcl,653,,,0.9697644114494324,1
NF-BoT-IoT,0.25,43,topogcl,654,,,1.131581425666809,1
NF-BoT-IoT,0.25,43,topogcl,655,,,0.2653382420539856,1
NF-BoT-IoT,0.25,43,topogcl,656,,,0.3534368574619293,1
NF-BoT-IoT,0.25,43,topogcl,657,,,0.35204625129699707,1
NF-BoT-IoT,0.25,43,topogcl,658,,,0.9577068090438843,1
NF-BoT-IoT,0.25,43,topogcl,659,,,1.4392443895339966,1
NF-BoT-IoT,0.25,43,topogcl,660,,,0.35207220911979675,1
NF-BoT-IoT,0.25,43,topogcl,661,,,0.2676393687725067,1
NF-BoT-IoT,0.25,43,topogcl,662,,,0.3164215087890625,0
NF-BoT-IoT,0.25,43,topogcl,663,,,0.5339613556861877,1
NF-BoT-IoT,0.25,43,topogcl,664,,,0.3140254020690918,1
NF-BoT-IoT,0.25,43,topogcl,665,,,0.352897584438324,1
NF-BoT-IoT,0.25,43,topogcl,666,,,0.2569490075111389,1
NF-BoT-IoT,0.25,43,topogcl,667,,,0.35993239283561707,1
NF-BoT-IoT,0.25,43,topogcl,668,,,0.4773764908313751,1
NF-BoT-IoT,0.25,43,topogcl,669,,,0.2637515068054199,1
NF-BoT-IoT,0.25,43,topogcl,670,,,0.976466178894043,1
NF-BoT-IoT,0.25,43,topogcl,671,,,1.1475738286972046,1
NF-BoT-IoT,0.25,43,topogcl,672,,,0.31641438603401184,0
NF-BoT-IoT,0.25,43,topogcl,673,,,0.22676095366477966,0
NF-BoT-IoT,0.25,43,topogcl,674,,,1.7350373268127441,1
NF-BoT-IoT,0.25,43,topogcl,675,,,0.3232554495334625,0
NF-BoT-IoT,0.25,43,topogcl,676,,,0.3540898859500885,1
NF-BoT-IoT,0.25,43,topogcl,677,,,0.4504069685935974,1
NF-BoT-IoT,0.25,43,topogcl,678,,,0.4379798471927643,1
NF-BoT-IoT,0.25,43,topogcl,679,,,0.3734601140022278,1
NF-BoT-IoT,0.25,43,topogcl,680,,,1.0002259016036987,1
NF-BoT-IoT,0.25,43,topogcl,681,,,0.2811630666255951,1
NF-BoT-IoT,0.25,43,topogcl,682,,,0.34048888087272644,0
NF-BoT-IoT,0.25,43,topogcl,683,,,0.34579625725746155,1
NF-BoT-IoT,0.25,43,topogcl,684,,,0.34004008769989014,1
NF-BoT-IoT,0.25,43,topogcl,685,,,0.34261554479599,1
NF-BoT-IoT,0.25,43,topogcl,686,,,0.35338276624679565,1
NF-BoT-IoT,0.25,43,topogcl,687,,,0.3625587821006775,1
NF-BoT-IoT,0.25,43,topogcl,688,,,1.6428388357162476,1
NF-BoT-IoT,0.25,43,topogcl,689,,,0.16950623691082,1
NF-BoT-IoT,0.25,43,topogcl,690,,,0.23449210822582245,1
NF-BoT-IoT,0.25,43,topogcl,691,,,0.3560488522052765,1
NF-BoT-IoT,0.25,43,topogcl,692,,,0.2873534858226776,1
NF-BoT-IoT,0.25,43,topogcl,693,,,0.23579378426074982,1
NF-BoT-IoT,0.25,43,topogcl,694,,,0.2565686106681824,1
NF-BoT-IoT,0.25,43,topogcl,695,,,0.35521453619003296,1
NF-BoT-IoT,0.25,43,topogcl,696,,,0.3428577184677124,1
NF-BoT-IoT,0.25,43,topogcl,697,,,2.484646797180176,1
NF-BoT-IoT,0.25,43,topogcl,698,,,1.0028542280197144,1
NF-BoT-IoT,0.25,43,topogcl,699,,,0.3215157985687256,0
NF-BoT-IoT,0.25,43,topogcl,700,,,0.33598199486732483,0
NF-BoT-IoT,0.25,43,topogcl,701,,,0.3521871268749237,0
NF-BoT-IoT,0.25,43,topogcl,702,,,0.3527372479438782,0
NF-BoT-IoT,0.25,43,topogcl,703,,,0.35431793332099915,1
NF-BoT-IoT,0.25,43,topogcl,704,,,0.43262821435928345,1
NF-BoT-IoT,0.25,43,topogcl,705,,,0.35699620842933655,1
NF-BoT-IoT,0.25,43,topogcl,706,,,0.3422504961490631,1
NF-BoT-IoT,0.25,43,topogcl,707,,,0.33653026819229126,1
NF-BoT-IoT,0.25,43,topogcl,708,,,0.45640814304351807,0
NF-BoT-IoT,0.25,43,topogcl,709,,,0.25364089012145996,1
NF-BoT-IoT,0.25,43,topogcl,710,,,0.4401845932006836,1
NF-BoT-IoT,0.25,43,topogcl,711,,,0.80949866771698,1
NF-BoT-IoT,0.25,43,topogcl,712,,,0.4509948194026947,0
NF-BoT-IoT,0.25,43,topogcl,713,,,1.1090967655181885,1
NF-BoT-IoT,0.25,43,topogcl,714,,,0.24978229403495789,1
NF-BoT-IoT,0.25,43,topogcl,715,,,0.4211364984512329,1
NF-BoT-IoT,0.25,43,topogcl,716,,,0.3334549069404602,1
NF-BoT-IoT,0.25,43,topogcl,717,,,1.5367096662521362,1
NF-BoT-IoT,0.25,43,topogcl,718,,,0.3522292673587799,0
NF-BoT-IoT,0.25,43,topogcl,719,,,3.1945559978485107,1
NF-BoT-IoT,0.25,43,topogcl,720,,,0.25556930899620056,1
NF-BoT-IoT,0.25,43,topogcl,721,,,0.3488701283931732,1
NF-BoT-IoT,0.25,43,topogcl,722,,,0.4665320813655853,1
NF-BoT-IoT,0.25,43,topogcl,723,,,1.0183312892913818,1
NF-BoT-IoT,0.25,43,topogcl,724,,,0.5005095601081848,1
NF-BoT-IoT,0.25,43,topogcl,725,,,0.4549258053302765,0
NF-BoT-IoT,0.25,43,topogcl,726,,,0.33433443307876587,1
NF-BoT-IoT,0.25,43,topogcl,727,,,0.33901917934417725,1
NF-BoT-IoT,0.25,43,topogcl,728,,,0.3757454752922058,0
NF-BoT-IoT,0.25,43,topogcl,729,,,0.18786433339118958,1
NF-BoT-IoT,0.25,43,topogcl,730,,,0.39775794744491577,1
NF-BoT-IoT,0.25,43,topogcl,731,,,0.25359341502189636,0
NF-BoT-IoT,0.25,43,topogcl,732,,,0.3530084192752838,1
NF-BoT-IoT,0.25,43,topogcl,733,,,0.3000622093677521,1
NF-BoT-IoT,0.25,43,topogcl,734,,,1.412906527519226,1
NF-BoT-IoT,0.25,43,topogcl,735,,,0.3565737307071686,1
NF-BoT-IoT,0.25,43,topogcl,736,,,0.7135006189346313,1
NF-BoT-IoT,0.25,43,topogcl,737,,,0.36624279618263245,1
NF-BoT-IoT,0.25,43,topogcl,738,,,0.36317178606987,1
NF-BoT-IoT,0.25,43,topogcl,739,,,0.367516428232193,0
NF-BoT-IoT,0.25,43,topogcl,740,,,0.5823334455490112,1
NF-BoT-IoT,0.25,43,topogcl,741,,,0.4834898114204407,1
NF-BoT-IoT,0.25,43,topogcl,742,,,1.0772737264633179,1
NF-BoT-IoT,0.25,43,topogcl,743,,,0.33749833703041077,0
NF-BoT-IoT,0.25,43,topogcl,744,,,0.3593563735485077,1
NF-BoT-IoT,0.25,43,topogcl,745,,,0.3515508770942688,1
NF-BoT-IoT,0.25,43,topogcl,746,,,0.279144823551178,1
NF-BoT-IoT,0.25,43,topogcl,747,,,0.2714484632015228,0
NF-BoT-IoT,0.25,43,topogcl,748,,,0.5613982677459717,1
NF-BoT-IoT,0.25,43,topogcl,749,,,0.43312254548072815,1
NF-BoT-IoT,0.25,43,topogcl,750,,,0.15312297642230988,1
NF-BoT-IoT,0.25,43,topogcl,751,,,0.45516237616539,0
NF-BoT-IoT,0.25,43,topogcl,752,,,1.0772596597671509,1
NF-BoT-IoT,0.25,43,topogcl,753,,,0.35905060172080994,0
NF-BoT-IoT,0.25,43,topogcl,754,,,0.4108268618583679,1
NF-BoT-IoT,0.25,43,topogcl,755,,,0.3584168553352356,1
NF-BoT-IoT,0.25,43,topogcl,756,,,0.35262900590896606,1
NF-BoT-IoT,0.25,43,topogcl,757,,,0.3565215468406677,1
NF-BoT-IoT,0.25,43,topogcl,758,,,1.6968679428100586,1
NF-BoT-IoT,0.25,43,topogcl,759,,,0.23523575067520142,1
NF-BoT-IoT,0.25,43,topogcl,760,,,0.3401552438735962,1
NF-BoT-IoT,0.25,43,topogcl,761,,,0.4576961100101471,1
NF-BoT-IoT,0.25,43,topogcl,762,,,0.356354296207428,1
NF-BoT-IoT,0.25,43,topogcl,763,,,0.6556074619293213,1
NF-BoT-IoT,0.25,43,topogcl,764,,,0.35902267694473267,0
NF-BoT-IoT,0.25,43,topogcl,765,,,0.35962438583374023,1
NF-BoT-IoT,0.25,43,topogcl,766,,,0.33884793519973755,0
NF-BoT-IoT,0.25,43,topogcl,767,,,0.35990461707115173,1
NF-BoT-IoT,0.25,43,topogcl,768,,,0.26447930932044983,1
NF-BoT-IoT,0.25,43,topogcl,769,,,0.23947376012802124,1
NF-BoT-IoT,0.25,43,topogcl,770,,,0.6472688913345337,1
NF-BoT-IoT,0.25,43,topogcl,771,,,0.41618698835372925,1
NF-BoT-IoT,0.25,43,topogcl,772,,,0.35811734199523926,1
NF-BoT-IoT,0.25,43,topogcl,773,,,0.25142550468444824,1
NF-BoT-IoT,0.25,43,topogcl,774,,,0.5132714509963989,1
NF-BoT-IoT,0.25,43,topogcl,775,,,0.5066931247711182,1
NF-BoT-IoT,0.25,43,topogcl,776,,,0.29453566670417786,1
NF-BoT-IoT,0.25,43,topogcl,777,,,0.328484445810318,0
NF-BoT-IoT,0.25,43,topogcl,778,,,0.35145631432533264,0
NF-BoT-IoT,0.25,43,topogcl,779,,,0.3597184121608734,1
NF-BoT-IoT,0.25,43,topogcl,780,,,0.3494977653026581,0
NF-BoT-IoT,0.25,43,topogcl,781,,,0.41625499725341797,1
NF-BoT-IoT,0.25,43,topogcl,782,,,0.34085020422935486,1
NF-BoT-IoT,0.25,43,topogcl,783,,,0.27264294028282166,1
NF-BoT-IoT,0.25,43,topogcl,784,,,0.31641438603401184,0
NF-BoT-IoT,0.25,43,topogcl,785,,,0.2497849464416504,1
NF-BoT-IoT,0.25,43,topogcl,786,,,0.2710550129413605,1
NF-BoT-IoT,0.25,43,topogcl,787,,,0.23823332786560059,1
NF-BoT-IoT,0.25,43,topogcl,788,,,0.35912978649139404,1
NF-BoT-IoT,0.25,43,topogcl,789,,,3.9527909755706787,1
NF-BoT-IoT,0.25,43,topogcl,790,,,0.32160070538520813,1
NF-BoT-IoT,0.25,43,topogcl,791,,,0.35450243949890137,0
NF-BoT-IoT,0.25,43,topogcl,792,,,2.839348793029785,1
NF-BoT-IoT,0.25,43,topogcl,793,,,0.3205777406692505,1
NF-BoT-IoT,0.25,43,topogcl,794,,,0.35538357496261597,1
NF-BoT-IoT,0.25,43,topogcl,795,,,1.328129768371582,1
NF-BoT-IoT,0.25,43,topogcl,796,,,0.48736223578453064,0
NF-BoT-IoT,0.25,43,topogcl,797,,,0.36930641531944275,0
NF-BoT-IoT,0.25,43,topogcl,798,,,0.3164215087890625,0
NF-BoT-IoT,0.25,43,topogcl,799,,,0.3539678752422333,1
NF-BoT-IoT,0.25,43,topogcl,800,,,0.7455333471298218,1
NF-BoT-IoT,0.25,43,topogcl,801,,,0.45504114031791687,1
NF-BoT-IoT,0.25,43,topogcl,802,,,3.5306661128997803,1
NF-BoT-IoT,0.25,43,topogcl,803,,,0.3491842746734619,0
NF-BoT-IoT,0.25,43,topogcl,804,,,0.3698052763938904,1
NF-BoT-IoT,0.25,43,topogcl,805,,,0.3401552438735962,1
NF-BoT-IoT,0.25,43,topogcl,806,,,0.3520721197128296,1
NF-BoT-IoT,0.25,43,topogcl,807,,,0.34108275175094604,1
NF-BoT-IoT,0.25,43,topogcl,808,,,0.24766848981380463,1
NF-BoT-IoT,0.25,43,topogcl,809,,,0.42060890793800354,0
NF-BoT-IoT,0.25,43,topogcl,810,,,0.2121260166168213,1
NF-BoT-IoT,0.25,43,topogcl,811,,,1.314156413078308,1
NF-BoT-IoT,0.25,43,topogcl,812,,,0.35397908091545105,1
NF-BoT-IoT,0.25,43,topogcl,813,,,0.34814926981925964,1
NF-BoT-IoT,0.25,43,topogcl,814,,,0.32795968651771545,1
NF-BoT-IoT,0.25,43,topogcl,815,,,0.8816179633140564,1
NF-BoT-IoT,0.25,43,topogcl,816,,,0.2570399343967438,1
NF-BoT-IoT,0.25,43,topogcl,817,,,0.35420799255371094,1
NF-BoT-IoT,0.25,43,topogcl,818,,,0.2719777226448059,0
NF-BoT-IoT,0.25,43,topogcl,819,,,0.24995854496955872,1
NF-BoT-IoT,0.25,43,topogcl,820,,,1.1089712381362915,1
NF-BoT-IoT,0.25,43,topogcl,821,,,0.44971367716789246,1
NF-BoT-IoT,0.25,43,topogcl,822,,,0.4122715890407562,1
NF-BoT-IoT,0.25,43,topogcl,823,,,0.44432127475738525,0
NF-BoT-IoT,0.25,43,topogcl,824,,,1.1217046976089478,1
NF-BoT-IoT,0.25,43,topogcl,825,,,0.42230743169784546,1
NF-BoT-IoT,0.25,43,topogcl,826,,,0.3512750566005707,1
NF-BoT-IoT,0.25,43,topogcl,827,,,0.7579433917999268,1
NF-BoT-IoT,0.25,43,topogcl,828,,,0.35016801953315735,1
NF-BoT-IoT,0.25,43,topogcl,829,,,0.3468925654888153,1
NF-BoT-IoT,0.25,43,topogcl,830,,,0.3503892421722412,0
NF-BoT-IoT,0.25,43,topogcl,831,,,0.568148672580719,1
NF-BoT-IoT,0.25,43,topogcl,832,,,2.7401344776153564,1
NF-BoT-IoT,0.25,43,topogcl,833,,,0.37441134452819824,1
NF-BoT-IoT,0.25,43,topogcl,834,,,0.3215157985687256,1
NF-BoT-IoT,0.25,43,topogcl,835,,,0.1709083616733551,1
NF-BoT-IoT,0.25,43,topogcl,836,,,0.24387644231319427,1
NF-BoT-IoT,0.25,43,topogcl,837,,,0.9924049377441406,1
NF-BoT-IoT,0.25,43,topogcl,838,,,0.36929163336753845,1
NF-BoT-IoT,0.25,43,topogcl,839,,,0.6463519334793091,1
NF-BoT-IoT,0.25,43,topogcl,840,,,0.3451571464538574,0
NF-BoT-IoT,0.25,43,topogcl,841,,,0.7649751901626587,0
NF-BoT-IoT,0.25,43,topogcl,842,,,0.24801839888095856,1
NF-BoT-IoT,0.25,43,topogcl,843,,,0.45272308588027954,1
NF-BoT-IoT,0.25,43,topogcl,844,,,0.26532378792762756,0
NF-BoT-IoT,0.25,43,topogcl,845,,,0.7644608616828918,1
NF-BoT-IoT,0.25,43,topogcl,846,,,0.33339184522628784,0
NF-BoT-IoT,0.25,43,topogcl,847,,,0.3589077591896057,1
NF-BoT-IoT,0.25,43,topogcl,848,,,0.2724747657775879,0
NF-BoT-IoT,0.25,43,topogcl,849,,,1.3021739721298218,1
NF-BoT-IoT,0.25,43,topogcl,850,,,0.759335458278656,1
NF-BoT-IoT,0.25,43,topogcl,851,,,0.3541971743106842,1
NF-BoT-IoT,0.25,43,topogcl,852,,,0.3527545928955078,1
NF-BoT-IoT,0.25,43,topogcl,853,,,0.3364328145980835,0
NF-BoT-IoT,0.25,43,topogcl,854,,,0.3350506126880646,1
NF-BoT-IoT,0.25,43,topogcl,855,,,0.3563905358314514,1
NF-BoT-IoT,0.25,43,topogcl,856,,,0.35611486434936523,1
NF-BoT-IoT,0.25,43,topogcl,857,,,0.20161165297031403,0
NF-BoT-IoT,0.25,43,topogcl,858,,,2.0458922386169434,1
NF-BoT-IoT,0.25,43,topogcl,859,,,0.359061062335968,1
NF-BoT-IoT,0.25,43,topogcl,860,,,0.3423486649990082,1
NF-BoT-IoT,0.25,43,topogcl,861,,,0.29947876930236816,1
NF-BoT-IoT,0.25,43,topogcl,862,,,0.35236114263534546,1
NF-BoT-IoT,0.25,43,topogcl,863,,,0.2533235251903534,1
NF-BoT-IoT,0.25,43,topogcl,864,,,0.35422956943511963,1
NF-BoT-IoT,0.25,43,topogcl,865,,,0.3549065589904785,1
NF-BoT-IoT,0.25,43,topogcl,866,,,0.44777968525886536,1
NF-BoT-IoT,0.25,43,topogcl,867,,,0.2882647216320038,0
NF-BoT-IoT,0.25,43,topogcl,868,,,0.32160070538520813,1
NF-BoT-IoT,0.25,43,topogcl,869,,,0.3020986318588257,1
NF-BoT-IoT,0.25,43,topogcl,870,,,0.35960400104522705,0
NF-BoT-IoT,0.25,43,topogcl,871,,,0.26008912920951843,1
NF-BoT-IoT,0.25,43,topogcl,872,,,0.34796714782714844,0
NF-BoT-IoT,0.25,43,topogcl,873,,,0.3468528091907501,1
NF-BoT-IoT,0.25,43,topogcl,874,,,0.33100828528404236,1
NF-BoT-IoT,0.25,43,topogcl,875,,,0.42747002840042114,1
NF-BoT-IoT,0.25,43,topogcl,876,,,0.2710035741329193,0
NF-BoT-IoT,0.25,43,topogcl,877,,,1.006259560585022,1
NF-BoT-IoT,0.25,43,topogcl,878,,,0.9888105392456055,1
NF-BoT-IoT,0.25,43,topogcl,879,,,1.6521979570388794,1
NF-BoT-IoT,0.25,43,topogcl,880,,,0.2348022311925888,1
NF-BoT-IoT,0.25,43,topogcl,881,,,1.0417182445526123,1
NF-BoT-IoT,0.25,43,topogcl,882,,,0.43906834721565247,1
NF-BoT-IoT,0.25,43,topogcl,883,,,1.0326874256134033,1
NF-BoT-IoT,0.25,43,topogcl,884,,,0.3514530062675476,1
NF-BoT-IoT,0.25,43,topogcl,885,,,1.1248971223831177,1
NF-BoT-IoT,0.25,43,topogcl,886,,,1.4038081169128418,1
NF-BoT-IoT,0.25,43,topogcl,887,,,1.0364866256713867,1
NF-BoT-IoT,0.25,43,topogcl,888,,,1.0137646198272705,1
NF-BoT-IoT,0.25,43,topogcl,889,,,0.23968179523944855,1
NF-BoT-IoT,0.25,43,topogcl,890,,,0.1357058733701706,1
NF-BoT-IoT,0.25,43,topogcl,891,,,1.110536813735962,1
NF-BoT-IoT,0.25,43,topogcl,892,,,0.3125792443752289,1
NF-BoT-IoT,0.25,43,topogcl,893,,,0.26010626554489136,1
NF-BoT-IoT,0.25,43,topogcl,894,,,1.1320605278015137,1
NF-BoT-IoT,0.25,43,topogcl,895,,,0.36135438084602356,0
NF-BoT-IoT,0.25,43,topogcl,896,,,1.0259671211242676,1
NF-BoT-IoT,0.25,43,topogcl,897,,,0.5199974179267883,1
NF-BoT-IoT,0.25,43,topogcl,898,,,0.8915320634841919,1
NF-BoT-IoT,0.25,43,topogcl,899,,,0.3166763484477997,1
NF-BoT-IoT,0.25,43,topogcl,900,,,2.1351678371429443,1
NF-BoT-IoT,0.25,43,topogcl,901,,,0.3954126238822937,1
NF-BoT-IoT,0.25,43,topogcl,902,,,0.35415419936180115,1
NF-BoT-IoT,0.25,43,topogcl,903,,,0.35878896713256836,1
NF-BoT-IoT,0.25,43,topogcl,904,,,0.5181439518928528,1
NF-BoT-IoT,0.25,43,topogcl,905,,,0.2526485323905945,1
NF-BoT-IoT,0.25,43,topogcl,906,,,0.4367172122001648,0
NF-BoT-IoT,0.25,43,topogcl,907,,,1.3508929014205933,1
NF-BoT-IoT,0.25,43,topogcl,908,,,0.49080345034599304,1
NF-BoT-IoT,0.25,43,topogcl,909,,,1.0992376804351807,1
NF-BoT-IoT,0.25,43,topogcl,910,,,3.2413458824157715,1
NF-BoT-IoT,0.25,43,topogcl,911,,,1.0649925470352173,1
NF-BoT-IoT,0.25,43,topogcl,912,,,0.3536751866340637,1
NF-BoT-IoT,0.25,43,topogcl,913,,,0.3399251699447632,1
NF-BoT-IoT,0.25,43,topogcl,914,,,0.35312342643737793,1
NF-BoT-IoT,0.25,43,topogcl,915,,,0.7422046065330505,1
NF-BoT-IoT,0.25,43,topogcl,916,,,0.4329336881637573,1
NF-BoT-IoT,0.25,43,topogcl,917,,,0.3264114260673523,0
NF-BoT-IoT,0.25,43,topogcl,918,,,0.3615630269050598,0
NF-BoT-IoT,0.25,43,topogcl,919,,,0.3406067490577698,0
NF-BoT-IoT,0.25,43,topogcl,920,,,1.0856819152832031,1
NF-BoT-IoT,0.25,43,topogcl,921,,,0.8441687226295471,1
NF-BoT-IoT,0.25,43,topogcl,922,,,0.42757418751716614,1
NF-BoT-IoT,0.25,43,topogcl,923,,,0.35313957929611206,1
NF-BoT-IoT,0.25,43,topogcl,924,,,0.3325478434562683,1
NF-BoT-IoT,0.25,43,topogcl,925,,,1.3105005025863647,1
NF-BoT-IoT,0.25,43,topogcl,926,,,0.6010488867759705,1
NF-BoT-IoT,0.25,43,topogcl,927,,,0.4554983079433441,0
NF-BoT-IoT,0.25,43,topogcl,928,,,0.34849289059638977,1
NF-BoT-IoT,0.25,43,topogcl,929,,,0.34941598773002625,1
NF-BoT-IoT,0.25,43,topogcl,930,,,1.0058153867721558,1
NF-BoT-IoT,0.25,43,topogcl,931,,,1.051672101020813,1
NF-BoT-IoT,0.25,43,topogcl,932,,,1.0678131580352783,0
NF-BoT-IoT,0.25,43,topogcl,933,,,0.3401552438735962,1
NF-BoT-IoT,0.25,43,topogcl,934,,,0.3531777262687683,0
NF-BoT-IoT,0.25,43,topogcl,935,,,0.34892234206199646,0
NF-BoT-IoT,0.25,43,topogcl,936,,,0.37740108370780945,0
NF-BoT-IoT,0.25,43,topogcl,937,,,0.41297709941864014,1
NF-BoT-IoT,0.25,43,topogcl,938,,,0.27283579111099243,1
NF-BoT-IoT,0.25,43,topogcl,939,,,0.3537331819534302,1
NF-BoT-IoT,0.25,43,topogcl,940,,,0.953135073184967,1
NF-BoT-IoT,0.25,43,topogcl,941,,,0.3562694489955902,1
NF-BoT-IoT,0.25,43,topogcl,942,,,0.3866632878780365,0
NF-BoT-IoT,0.25,43,topogcl,943,,,0.3439215421676636,1
NF-BoT-IoT,0.25,43,topogcl,944,,,0.3151865303516388,1
NF-BoT-IoT,0.25,43,topogcl,945,,,0.3954186737537384,0
NF-BoT-IoT,0.25,43,topogcl,946,,,0.29792800545692444,1
NF-BoT-IoT,0.25,43,topogcl,947,,,2.8240747451782227,1
NF-BoT-IoT,0.25,43,topogcl,948,,,0.35899999737739563,1
NF-BoT-IoT,0.25,43,topogcl,949,,,0.35771363973617554,0
NF-BoT-IoT,0.25,43,topogcl,950,,,0.869406521320343,0
NF-BoT-IoT,0.25,43,topogcl,951,,,0.11454354226589203,0
NF-BoT-IoT,0.25,43,topogcl,952,,,0.3553995192050934,1
NF-BoT-IoT,0.25,43,topogcl,953,,,0.35407668352127075,1
NF-BoT-IoT,0.25,43,topogcl,954,,,0.2871793806552887,1
NF-BoT-IoT,0.25,43,topogcl,955,,,0.35915014147758484,1
NF-BoT-IoT,0.25,43,topogcl,956,,,0.3527737259864807,1
NF-BoT-IoT,0.25,43,topogcl,957,,,0.3935397267341614,1
NF-BoT-IoT,0.25,43,topogcl,958,,,0.7926663756370544,1
NF-BoT-IoT,0.25,43,topogcl,959,,,0.4581896960735321,0
NF-BoT-IoT,0.25,43,topogcl,960,,,0.8045841455459595,1
NF-BoT-IoT,0.25,43,topogcl,961,,,0.34830066561698914,1
NF-BoT-IoT,0.25,43,topogcl,962,,,3.5346755981445312,1
NF-BoT-IoT,0.25,43,topogcl,963,,,0.4434787631034851,1
NF-BoT-IoT,0.25,43,topogcl,964,,,0.290618360042572,1
NF-BoT-IoT,0.25,43,topogcl,965,,,0.3339085578918457,1
NF-BoT-IoT,0.25,43,topogcl,966,,,0.3572539985179901,0
NF-BoT-IoT,0.25,43,topogcl,967,,,0.13170847296714783,1
NF-BoT-IoT,0.25,43,topogcl,968,,,0.37745222449302673,0
NF-BoT-IoT,0.25,43,topogcl,969,,,0.3409724831581116,1
NF-BoT-IoT,0.25,43,topogcl,970,,,0.3538287580013275,1
NF-BoT-IoT,0.25,43,topogcl,971,,,0.45541754364967346,0
NF-BoT-IoT,0.25,43,topogcl,972,,,0.43662816286087036,1
NF-BoT-IoT,0.25,43,topogcl,973,,,0.34740927815437317,1
NF-BoT-IoT,0.25,43,topogcl,974,,,1.1122385263442993,1
NF-BoT-IoT,0.25,43,topogcl,975,,,1.4040443897247314,1
NF-BoT-IoT,0.25,43,topogcl,976,,,0.4057682454586029,1
NF-BoT-IoT,0.25,43,topogcl,977,,,0.35819852352142334,1
NF-BoT-IoT,0.25,43,topogcl,978,,,0.3589037358760834,0
NF-BoT-IoT,0.25,43,topogcl,979,,,0.35869547724723816,1
NF-BoT-IoT,0.25,43,topogcl,980,,,0.3572767674922943,1
NF-BoT-IoT,0.25,43,topogcl,981,,,0.36845892667770386,1
NF-BoT-IoT,0.25,43,topogcl,982,,,0.3454439640045166,1
NF-BoT-IoT,0.25,43,topogcl,983,,,1.0261521339416504,1
NF-BoT-IoT,0.25,43,topogcl,984,,,0.2768495976924896,0
NF-BoT-IoT,0.25,43,topogcl,985,,,0.8037908673286438,1
NF-BoT-IoT,0.25,43,topogcl,986,,,0.7887359857559204,1
NF-BoT-IoT,0.25,43,topogcl,987,,,0.3401857316493988,1
NF-BoT-IoT,0.25,43,topogcl,988,,,1.5335822105407715,1
NF-BoT-IoT,0.25,43,topogcl,989,,,0.35353681445121765,1
NF-BoT-IoT,0.25,43,topogcl,990,,,0.348173588514328,1
NF-BoT-IoT,0.25,43,topogcl,991,,,0.3585743010044098,1
NF-BoT-IoT,0.25,43,topogcl,992,,,0.3584040403366089,0
NF-BoT-IoT,0.25,43,topogcl,993,,,0.3397429585456848,1
NF-BoT-IoT,0.25,43,topogcl,994,,,0.35726654529571533,1
NF-BoT-IoT,0.25,43,topogcl,995,,,0.23642539978027344,0
NF-BoT-IoT,0.25,43,topogcl,996,,,0.2831808030605316,0
NF-BoT-IoT,0.25,43,topogcl,997,,,0.3289184272289276,0
NF-BoT-IoT,0.25,43,topogcl,998,,,0.7357980608940125,1
NF-BoT-IoT,0.25,43,topogcl,999,,,0.35412925481796265,1
NF-BoT-IoT,0.25,43,topogcl,1000,,,0.5271015167236328,1
NF-BoT-IoT,0.25,43,topogcl,1001,,,0.3469202220439911,1
NF-BoT-IoT,0.25,43,topogcl,1002,,,0.5275077223777771,1
NF-BoT-IoT,0.25,43,topogcl,1003,,,0.5200969576835632,1
NF-BoT-IoT,0.25,43,topogcl,1004,,,0.3420243263244629,1
NF-BoT-IoT,0.25,43,topogcl,1005,,,0.34919196367263794,1
NF-BoT-IoT,0.25,43,topogcl,1006,,,0.32883912324905396,0
NF-BoT-IoT,0.25,43,topogcl,1007,,,0.4476780593395233,1
NF-BoT-IoT,0.25,43,topogcl,1008,,,0.3514530062675476,1
NF-BoT-IoT,0.25,43,topogcl,1009,,,0.5355055928230286,1
NF-BoT-IoT,0.25,43,topogcl,1010,,,0.2540820240974426,1
NF-BoT-IoT,0.25,43,topogcl,1011,,,0.3518776595592499,1
NF-BoT-IoT,0.25,43,topogcl,1012,,,0.3495342433452606,0
NF-BoT-IoT,0.25,43,topogcl,1013,,,0.26426926255226135,1
NF-BoT-IoT,0.25,43,topogcl,1014,,,0.3520830571651459,1
NF-BoT-IoT,0.25,43,topogcl,1015,,,1.1178051233291626,1
NF-BoT-IoT,0.25,43,topogcl,1016,,,0.5844754576683044,1
NF-BoT-IoT,0.25,43,topogcl,1017,,,0.3138909935951233,1
NF-BoT-IoT,0.25,43,topogcl,1018,,,0.343218058347702,1
NF-BoT-IoT,0.25,43,topogcl,1019,,,0.2784745991230011,1
NF-BoT-IoT,0.25,43,topogcl,1020,,,0.7796972990036011,1
NF-BoT-IoT,0.25,43,topogcl,1021,,,0.9469494223594666,1
NF-BoT-IoT,0.25,43,topogcl,1022,,,0.3406177759170532,1
NF-BoT-IoT,0.25,43,topogcl,1023,,,0.33783963322639465,0
NF-BoT-IoT,0.25,43,topogcl,1024,,,0.356000691652298,1
NF-BoT-IoT,0.25,43,topogcl,1025,,,0.2430095374584198,1
NF-BoT-IoT,0.25,43,topogcl,1026,,,0.35544130206108093,1
NF-BoT-IoT,0.25,43,topogcl,1027,,,0.7721015214920044,1
NF-BoT-IoT,0.25,43,topogcl,1028,,,0.35902267694473267,0
NF-BoT-IoT,0.25,43,topogcl,1029,,,0.27185550332069397,0
NF-BoT-IoT,0.25,43,topogcl,1030,,,0.3589037358760834,1
NF-BoT-IoT,0.25,43,topogcl,1031,,,0.4330749213695526,1
NF-BoT-IoT,0.25,43,topogcl,1032,,,1.140276312828064,1
NF-BoT-IoT,0.25,43,topogcl,1033,,,0.44696903228759766,0
NF-BoT-IoT,0.25,43,topogcl,1034,,,0.22638000547885895,1
NF-BoT-IoT,0.25,43,topogcl,1035,,,0.4180890619754791,1
NF-BoT-IoT,0.25,43,topogcl,1036,,,0.39690667390823364,1
NF-BoT-IoT,0.25,43,topogcl,1037,,,0.25651296973228455,1
NF-BoT-IoT,0.25,43,topogcl,1038,,,0.7195073366165161,0
NF-BoT-IoT,0.25,43,topogcl,1039,,,0.24752040207386017,1
NF-BoT-IoT,0.25,43,topogcl,1040,,,0.8657510280609131,1
NF-BoT-IoT,0.25,43,topogcl,1041,,,0.34931355714797974,1
NF-BoT-IoT,0.25,43,topogcl,1042,,,0.2742990553379059,1
NF-BoT-IoT,0.25,43,topogcl,1043,,,0.34868669509887695,1
NF-BoT-IoT,0.25,43,topogcl,1044,,,0.3617507517337799,1
NF-BoT-IoT,0.25,43,topogcl,1045,,,0.23500312864780426,1
NF-BoT-IoT,0.25,43,topogcl,1046,,,0.30312052369117737,1
NF-BoT-IoT,0.25,43,topogcl,1047,,,0.1353761851787567,1
NF-BoT-IoT,0.25,43,topogcl,1048,,,0.4471929371356964,1
NF-BoT-IoT,0.25,43,topogcl,1049,,,0.8441107869148254,1
NF-BoT-IoT,0.25,43,topogcl,1050,,,0.35895511507987976,1
NF-BoT-IoT,0.25,43,topogcl,1051,,,0.34766626358032227,1
NF-BoT-IoT,0.25,43,topogcl,1052,,,0.358957439661026,0
NF-BoT-IoT,0.25,43,topogcl,1053,,,0.35657230019569397,1
NF-BoT-IoT,0.25,43,topogcl,1054,,,0.7516428828239441,1
NF-BoT-IoT,0.25,43,topogcl,1055,,,0.3164215087890625,0
NF-BoT-IoT,0.25,43,topogcl,1056,,,1.1117130517959595,1
NF-BoT-IoT,0.25,43,topogcl,1057,,,0.3414198160171509,1
NF-BoT-IoT,0.25,43,topogcl,1058,,,1.8610785007476807,1
NF-BoT-IoT,0.25,43,topogcl,1059,,,0.40268486738204956,1
NF-BoT-IoT,0.25,43,topogcl,1060,,,0.34014415740966797,1
NF-BoT-IoT,0.25,43,topogcl,1061,,,0.2727521061897278,1
NF-BoT-IoT,0.25,43,topogcl,1062,,,1.1075330972671509,1
NF-BoT-IoT,0.25,43,topogcl,1063,,,0.24720199406147003,0
NF-BoT-IoT,0.25,43,topogcl,1064,,,0.24690234661102295,1
NF-BoT-IoT,0.25,43,topogcl,1065,,,0.1217431053519249,1
NF-BoT-IoT,0.25,43,topogcl,1066,,,1.0175511837005615,1
NF-BoT-IoT,0.25,43,topogcl,1067,,,0.34787124395370483,1
NF-BoT-IoT,0.25,43,topogcl,1068,,,0.43586716055870056,1
NF-BoT-IoT,0.25,43,topogcl,1069,,,1.3870604038238525,1
NF-BoT-IoT,0.25,43,topogcl,1070,,,0.20622088015079498,0
NF-BoT-IoT,0.25,43,topogcl,1071,,,0.3688938021659851,1
NF-BoT-IoT,0.25,43,topogcl,1072,,,2.167973041534424,1
NF-BoT-IoT,0.25,43,topogcl,1073,,,0.2767575979232788,0
NF-BoT-IoT,0.25,43,topogcl,1074,,,0.36347731947898865,1
NF-BoT-IoT,0.25,43,topogcl,1075,,,1.0118672847747803,1
NF-BoT-IoT,0.25,43,topogcl,1076,,,1.1353107690811157,1
NF-BoT-IoT,0.25,43,topogcl,1077,,,0.2972780466079712,1
NF-BoT-IoT,0.25,43,topogcl,1078,,,0.3257502019405365,1
NF-BoT-IoT,0.25,43,topogcl,1079,,,0.3576829731464386,1
NF-BoT-IoT,0.25,43,topogcl,1080,,,0.41650983691215515,0
NF-BoT-IoT,0.25,43,topogcl,1081,,,1.015727162361145,1
NF-BoT-IoT,0.25,43,topogcl,1082,,,0.3532123267650604,1
NF-BoT-IoT,0.25,43,topogcl,1083,,,0.32576143741607666,1
NF-BoT-IoT,0.25,43,topogcl,1084,,,0.3215206563472748,0
NF-BoT-IoT,0.25,43,topogcl,1085,,,0.5031391382217407,1
NF-BoT-IoT,0.25,43,topogcl,1086,,,0.3402535319328308,1
NF-BoT-IoT,0.25,43,topogcl,1087,,,0.4857235848903656,1
NF-BoT-IoT,0.25,43,topogcl,1088,,,0.359012246131897,0
NF-BoT-IoT,0.25,43,topogcl,1089,,,0.26325884461402893,0
NF-BoT-IoT,0.25,43,topogcl,1090,,,0.2427743375301361,1
NF-BoT-IoT,0.25,43,topogcl,1091,,,0.7483990788459778,1
NF-BoT-IoT,0.25,43,topogcl,1092,,,0.26572588086128235,1
NF-BoT-IoT,0.25,43,topogcl,1093,,,0.35844308137893677,1
NF-BoT-IoT,0.25,43,topogcl,1094,,,0.35020044445991516,0
NF-BoT-IoT,0.25,43,topogcl,1095,,,0.2696085274219513,1
NF-BoT-IoT,0.25,43,topogcl,1096,,,0.8610765337944031,0
NF-BoT-IoT,0.25,43,topogcl,1097,,,0.354491651058197,1
NF-BoT-IoT,0.25,43,topogcl,1098,,,0.3501240909099579,1
NF-BoT-IoT,0.25,43,topogcl,1099,,,0.7689309120178223,1
NF-BoT-IoT,0.25,43,topogcl,1100,,,0.9223934412002563,1
NF-BoT-IoT,0.25,43,topogcl,1101,,,0.33604124188423157,1
NF-BoT-IoT,0.25,43,topogcl,1102,,,0.23536676168441772,1
NF-BoT-IoT,0.25,43,topogcl,1103,,,0.30216076970100403,1
NF-BoT-IoT,0.25,43,topogcl,1104,,,1.1114693880081177,1
NF-BoT-IoT,0.25,43,topogcl,1105,,,1.1384104490280151,1
NF-BoT-IoT,0.25,43,topogcl,1106,,,0.34828314185142517,1
NF-BoT-IoT,0.25,43,topogcl,1107,,,0.346697062253952,0
NF-BoT-IoT,0.25,43,topogcl,1108,,,0.35155409574508667,0
NF-BoT-IoT,0.25,43,topogcl,1109,,,0.7082527279853821,1
NF-BoT-IoT,0.25,43,topogcl,1110,,,0.2579748332500458,1
NF-BoT-IoT,0.25,43,topogcl,1111,,,0.28194284439086914,0
NF-BoT-IoT,0.25,43,topogcl,1112,,,1.0929620265960693,1
NF-BoT-IoT,0.25,43,topogcl,1113,,,0.3468925654888153,0
NF-BoT-IoT,0.25,43,topogcl,1114,,,0.24955493211746216,1
NF-BoT-IoT,0.25,43,topogcl,1115,,,0.6520165205001831,1
NF-BoT-IoT,0.25,43,topogcl,1116,,,0.25312095880508423,1
NF-BoT-IoT,0.25,43,topogcl,1117,,,0.3401818573474884,1
NF-BoT-IoT,0.25,43,topogcl,1118,,,0.24502231180667877,1
NF-BoT-IoT,0.25,43,topogcl,1119,,,0.3326813578605652,1
NF-BoT-IoT,0.25,43,topogcl,1120,,,0.3468528091907501,1
NF-BoT-IoT,0.25,43,topogcl,1121,,,1.0073442459106445,1
NF-BoT-IoT,0.25,43,topogcl,1122,,,0.5177626609802246,1
NF-BoT-IoT,0.25,43,topogcl,1123,,,0.3563440144062042,0
NF-BoT-IoT,0.25,43,topogcl,1124,,,2.0479519367218018,1
NF-BoT-IoT,0.25,43,topogcl,1125,,,0.2905474901199341,1
NF-BoT-IoT,0.25,43,topogcl,1126,,,0.43720075488090515,1
NF-BoT-IoT,0.25,43,topogcl,1127,,,0.35474225878715515,1
NF-BoT-IoT,0.25,43,topogcl,1128,,,0.410355806350708,1
NF-BoT-IoT,0.25,43,topogcl,1129,,,0.34255799651145935,1
NF-BoT-IoT,0.25,43,topogcl,1130,,,0.3552514314651489,1
NF-BoT-IoT,0.25,43,topogcl,1131,,,0.25406360626220703,1
NF-BoT-IoT,0.25,43,topogcl,1132,,,0.35217347741127014,1
NF-BoT-IoT,0.25,43,topogcl,1133,,,0.35790711641311646,0
NF-BoT-IoT,0.25,43,topogcl,1134,,,0.3582357168197632,0
NF-BoT-IoT,0.25,43,topogcl,1135,,,0.3539898693561554,0
NF-BoT-IoT,0.25,43,topogcl,1136,,,0.44676199555397034,0
NF-BoT-IoT,0.25,43,topogcl,1137,,,0.29367244243621826,1
NF-BoT-IoT,0.25,43,topogcl,1138,,,0.18399368226528168,1
NF-BoT-IoT,0.25,43,topogcl,1139,,,1.288784146308899,1
NF-BoT-IoT,0.25,43,topogcl,1140,,,0.35340771079063416,1
NF-BoT-IoT,0.25,43,topogcl,1141,,,0.34944021701812744,1
NF-BoT-IoT,0.25,43,topogcl,1142,,,0.2635824978351593,1
NF-BoT-IoT,0.25,43,topogcl,1143,,,1.0077875852584839,1
NF-BoT-IoT,0.25,43,topogcl,1144,,,0.15726009011268616,1
NF-BoT-IoT,0.25,43,topogcl,1145,,,0.3283160626888275,1
NF-BoT-IoT,0.25,43,topogcl,1146,,,0.38712894916534424,1
NF-BoT-IoT,0.25,43,topogcl,1147,,,0.3620307445526123,0
NF-BoT-IoT,0.25,43,topogcl,1148,,,0.4551708996295929,0
NF-BoT-IoT,0.25,43,topogcl,1149,,,0.8092157244682312,1
NF-BoT-IoT,0.25,43,topogcl,1150,,,0.18795226514339447,1
NF-BoT-IoT,0.25,43,topogcl,1151,,,0.26001349091529846,0
NF-BoT-IoT,0.25,43,topogcl,1152,,,0.3410723805427551,1
NF-BoT-IoT,0.25,43,topogcl,1153,,,1.0186666250228882,1
NF-BoT-IoT,0.25,43,topogcl,1154,,,0.34108343720436096,1
NF-BoT-IoT,0.25,43,topogcl,1155,,,0.27190786600112915,0
NF-BoT-IoT,0.25,43,topogcl,1156,,,0.4514891803264618,1
NF-BoT-IoT,0.25,43,topogcl,1157,,,1.4459717273712158,1
NF-BoT-IoT,0.25,43,topogcl,1158,,,0.43607863783836365,1
NF-BoT-IoT,0.25,43,topogcl,1159,,,0.35288673639297485,1
NF-BoT-IoT,0.25,43,topogcl,1160,,,0.3401552438735962,1
NF-BoT-IoT,0.25,43,topogcl,1161,,,0.2173047959804535,1
NF-BoT-IoT,0.25,43,topogcl,1162,,,1.0185495615005493,1
NF-BoT-IoT,0.25,43,topogcl,1163,,,0.3596242070198059,1
NF-BoT-IoT,0.25,43,topogcl,1164,,,0.36633267998695374,1
NF-BoT-IoT,0.25,43,topogcl,1165,,,0.3399251699447632,1
NF-BoT-IoT,0.25,43,topogcl,1166,,,0.3481554388999939,1
NF-BoT-IoT,0.25,43,topogcl,1167,,,0.2610553801059723,1
NF-BoT-IoT,0.25,43,topogcl,1168,,,0.6854959726333618,1
NF-BoT-IoT,0.25,43,topogcl,1169,,,0.665619969367981,1
NF-BoT-IoT,0.25,43,topogcl,1170,,,0.5052995681762695,1
NF-BoT-IoT,0.25,43,topogcl,1171,,,0.3531559705734253,1
NF-BoT-IoT,0.25,43,topogcl,1172,,,0.24683022499084473,1
NF-BoT-IoT,0.25,43,topogcl,1173,,,0.28328365087509155,0
NF-BoT-IoT,0.25,43,topogcl,1174,,,1.154594898223877,1
NF-BoT-IoT,0.25,43,topogcl,1175,,,0.35794904828071594,1
NF-BoT-IoT,0.25,43,topogcl,1176,,,0.6135748028755188,1
NF-BoT-IoT,0.25,43,topogcl,1177,,,0.35629069805145264,1
NF-BoT-IoT,0.25,43,topogcl,1178,,,0.4167208671569824,1
NF-BoT-IoT,0.25,43,topogcl,1179,,,0.3470381498336792,1
NF-BoT-IoT,0.25,43,topogcl,1180,,,0.35397881269454956,1
NF-BoT-IoT,0.25,43,topogcl,1181,,,0.27019065618515015,1
NF-BoT-IoT,0.25,43,topogcl,1182,,,1.0768320560455322,1
NF-BoT-IoT,0.25,43,topogcl,1183,,,0.6349419355392456,1
NF-BoT-IoT,0.25,43,topogcl,1184,,,0.31413570046424866,1
NF-BoT-IoT,0.25,43,topogcl,1185,,,0.34721022844314575,1
NF-BoT-IoT,0.25,43,topogcl,1186,,,0.25056010484695435,1
NF-BoT-IoT,0.25,43,topogcl,1187,,,0.7055442333221436,1
NF-BoT-IoT,0.25,43,topogcl,1188,,,0.35038068890571594,1
NF-BoT-IoT,0.25,43,topogcl,1189,,,0.23541918396949768,0
NF-BoT-IoT,0.25,43,topogcl,1190,,,0.45048853754997253,0
NF-BoT-IoT,0.25,43,topogcl,1191,,,0.4036196768283844,1
NF-BoT-IoT,0.25,43,topogcl,1192,,,0.2527037560939789,0
NF-BoT-IoT,0.25,43,topogcl,1193,,,0.45728662610054016,0
NF-BoT-IoT,0.25,43,topogcl,1194,,,0.38204309344291687,0
NF-BoT-IoT,0.25,43,topogcl,1195,,,0.24523679912090302,1
NF-BoT-IoT,0.25,43,topogcl,1196,,,0.3322284519672394,1
NF-BoT-IoT,0.25,43,topogcl,1197,,,0.536535918712616,1
NF-BoT-IoT,0.25,43,topogcl,1198,,,0.34085020422935486,0
NF-BoT-IoT,0.25,43,topogcl,1199,,,1.0713610649108887,1
NF-BoT-IoT,0.25,43,topogcl,1200,,,0.3524715006351471,1
NF-BoT-IoT,0.25,43,topogcl,1201,,,0.3548722267150879,1
NF-BoT-IoT,0.25,43,topogcl,1202,,,0.33272528648376465,1
NF-BoT-IoT,0.25,43,topogcl,1203,,,0.32553842663764954,1
NF-BoT-IoT,0.25,43,topogcl,1204,,,0.3621385991573334,1
NF-BoT-IoT,0.25,43,topogcl,1205,,,0.38258275389671326,1
NF-BoT-IoT,0.25,43,topogcl,1206,,,0.35157257318496704,1
NF-BoT-IoT,0.25,43,topogcl,1207,,,0.3452226519584656,1
NF-BoT-IoT,0.25,43,topogcl,1208,,,0.4950650632381439,1
NF-BoT-IoT,0.25,43,topogcl,1209,,,1.068155288696289,1
NF-BoT-IoT,0.25,43,topogcl,1210,,,0.4381405711174011,1
NF-BoT-IoT,0.25,43,topogcl,1211,,,1.6310027837753296,1
NF-BoT-IoT,0.25,43,topogcl,1212,,,0.35728582739830017,0
NF-BoT-IoT,0.25,43,topogcl,1213,,,0.3361177444458008,0
NF-BoT-IoT,0.25,43,topogcl,1214,,,0.6239947080612183,1
NF-BoT-IoT,0.25,43,topogcl,1215,,,0.358913779258728,0
NF-BoT-IoT,0.25,43,topogcl,1216,,,0.7608855366706848,0
NF-BoT-IoT,0.25,43,topogcl,1217,,,0.4575241506099701,0
NF-BoT-IoT,0.25,43,topogcl,1218,,,0.24150870740413666,1
NF-BoT-IoT,0.25,43,topogcl,1219,,,1.313633918762207,1
NF-BoT-IoT,0.25,43,topogcl,1220,,,0.4504849910736084,1
NF-BoT-IoT,0.25,43,topogcl,1221,,,0.9884775876998901,1
NF-BoT-IoT,0.25,43,topogcl,1222,,,0.3536275327205658,0
NF-BoT-IoT,0.25,43,topogcl,1223,,,0.6946049928665161,1
NF-BoT-IoT,0.25,43,topogcl,1224,,,0.43357226252555847,1
NF-BoT-IoT,0.25,43,topogcl,1225,,,1.4477965831756592,1
NF-BoT-IoT,0.25,43,topogcl,1226,,,0.5349228382110596,1
NF-BoT-IoT,0.25,43,topogcl,1227,,,0.3547593057155609,1
NF-BoT-IoT,0.25,43,topogcl,1228,,,0.12289225310087204,1
NF-BoT-IoT,0.25,43,topogcl,1229,,,0.42981699109077454,1
NF-BoT-IoT,0.25,43,topogcl,1230,,,0.43603724241256714,1
NF-BoT-IoT,0.25,43,topogcl,1231,,,0.22685223817825317,1
NF-BoT-IoT,0.25,43,topogcl,1232,,,0.24727849662303925,1
NF-BoT-IoT,0.25,43,topogcl,1233,,,1.0274486541748047,1
NF-BoT-IoT,0.25,43,topogcl,1234,,,0.23567719757556915,0
NF-BoT-IoT,0.25,43,topogcl,1235,,,0.7534331679344177,1
NF-BoT-IoT,0.25,43,topogcl,1236,,,1.4643745422363281,1
NF-BoT-IoT,0.25,43,topogcl,1237,,,0.2474358081817627,1
NF-BoT-IoT,0.25,43,topogcl,1238,,,0.2549550235271454,1
NF-BoT-IoT,0.25,43,topogcl,1239,,,0.4695751368999481,1
NF-BoT-IoT,0.25,43,topogcl,1240,,,0.2635229825973511,1
NF-BoT-IoT,0.25,43,topogcl,1241,,,0.3875831961631775,1
NF-BoT-IoT,0.25,43,topogcl,1242,,,0.4370441138744354,1
NF-BoT-IoT,0.25,43,topogcl,1243,,,0.352292001247406,0
NF-BoT-IoT,0.25,43,topogcl,1244,,,0.35210391879081726,1
NF-BoT-IoT,0.25,43,topogcl,1245,,,0.35422956943511963,1
NF-BoT-IoT,0.25,43,topogcl,1246,,,0.8655558228492737,1
NF-BoT-IoT,0.25,43,topogcl,1247,,,1.4937118291854858,1
NF-BoT-IoT,0.25,43,topogcl,1248,,,0.31395143270492554,1
NF-BoT-IoT,0.25,43,topogcl,1249,,,0.3337188959121704,1
NF-BoT-IoT,0.25,43,topogcl,1250,,,0.3454890549182892,1
NF-BoT-IoT,0.25,43,topogcl,1251,,,0.39464613795280457,0
NF-BoT-IoT,0.25,43,topogcl,1252,,,0.3561874330043793,1
NF-BoT-IoT,0.25,43,topogcl,1253,,,0.24607162177562714,1
NF-BoT-IoT,0.25,43,topogcl,1254,,,0.6266316771507263,1
NF-BoT-IoT,0.25,43,topogcl,1255,,,0.42208200693130493,1
NF-BoT-IoT,0.25,43,topogcl,1256,,,1.5566374063491821,1
NF-BoT-IoT,0.25,43,topogcl,1257,,,0.5145301222801208,1
NF-BoT-IoT,0.25,43,topogcl,1258,,,0.35180580615997314,1
NF-BoT-IoT,0.25,43,topogcl,1259,,,0.5177563428878784,1
NF-BoT-IoT,0.25,43,topogcl,1260,,,0.3415486216545105,0
NF-BoT-IoT,0.25,43,topogcl,1261,,,0.35523244738578796,1
NF-BoT-IoT,0.25,43,topogcl,1262,,,0.2728745639324188,1
NF-BoT-IoT,0.25,43,topogcl,1263,,,0.3584330379962921,1
NF-BoT-IoT,0.25,43,topogcl,1264,,,1.8788323402404785,1
NF-BoT-IoT,0.25,43,topogcl,1265,,,0.2502140402793884,0
NF-BoT-IoT,0.25,43,topogcl,1266,,,0.43000560998916626,1
NF-BoT-IoT,0.25,43,topogcl,1267,,,1.4671357870101929,1
NF-BoT-IoT,0.25,43,topogcl,1268,,,0.13009631633758545,1
NF-BoT-IoT,0.25,43,topogcl,1269,,,0.33541229367256165,1
NF-BoT-IoT,0.25,43,topogcl,1270,,,0.25578147172927856,0
NF-BoT-IoT,0.25,43,topogcl,1271,,,0.6323944330215454,1
NF-BoT-IoT,0.25,43,topogcl,1272,,,0.3413335084915161,1
NF-BoT-IoT,0.25,43,topogcl,1273,,,0.5949001908302307,1
NF-BoT-IoT,0.25,43,topogcl,1274,,,0.3582625389099121,1
NF-BoT-IoT,0.25,43,topogcl,1275,,,0.7290932536125183,1
NF-BoT-IoT,0.25,43,topogcl,1276,,,0.3675326406955719,1
NF-BoT-IoT,0.25,43,topogcl,1277,,,0.35130754113197327,1
NF-BoT-IoT,0.25,43,topogcl,1278,,,0.7473285794258118,1
NF-BoT-IoT,0.25,43,topogcl,1279,,,0.33597975969314575,1
NF-BoT-IoT,0.25,43,topogcl,1280,,,0.35979121923446655,1
NF-BoT-IoT,0.25,43,topogcl,1281,,,0.425977885723114,1
NF-BoT-IoT,0.25,43,topogcl,1282,,,0.2979980707168579,1
NF-BoT-IoT,0.25,43,topogcl,1283,,,0.4547335207462311,1
NF-BoT-IoT,0.25,43,topogcl,1284,,,1.4266867637634277,1
NF-BoT-IoT,0.25,43,topogcl,1285,,,0.8190170526504517,1
NF-BoT-IoT,0.25,43,topogcl,1286,,,0.26440566778182983,0
NF-BoT-IoT,0.25,43,topogcl,1287,,,1.0962451696395874,1
NF-BoT-IoT,0.25,43,topogcl,1288,,,1.0146511793136597,1
NF-BoT-IoT,0.25,43,topogcl,1289,,,1.0662391185760498,1
NF-BoT-IoT,0.25,43,topogcl,1290,,,0.47221580147743225,1
NF-BoT-IoT,0.25,43,topogcl,1291,,,0.35907748341560364,0
NF-BoT-IoT,0.25,43,topogcl,1292,,,0.4505177140235901,0
NF-BoT-IoT,0.25,43,topogcl,1293,,,0.3456841707229614,1
NF-BoT-IoT,0.25,43,topogcl,1294,,,0.4189640283584595,1
NF-BoT-IoT,0.25,43,topogcl,1295,,,1.128984808921814,1
NF-BoT-IoT,0.25,43,topogcl,1296,,,0.3468528091907501,1
NF-BoT-IoT,0.25,43,topogcl,1297,,,0.27108365297317505,1
NF-BoT-IoT,0.25,43,topogcl,1298,,,0.5355502963066101,0
NF-BoT-IoT,0.25,43,topogcl,1299,,,0.6779555082321167,1
NF-BoT-IoT,0.25,43,topogcl,1300,,,0.28224077820777893,1
NF-BoT-IoT,0.25,43,topogcl,1301,,,0.21504755318164825,1
NF-BoT-IoT,0.25,43,topogcl,1302,,,0.7280123829841614,1
NF-BoT-IoT,0.25,43,topogcl,1303,,,1.0955443382263184,1
NF-BoT-IoT,0.25,43,topogcl,1304,,,0.12549400329589844,1
NF-BoT-IoT,0.25,43,topogcl,1305,,,0.3409004211425781,1
NF-BoT-IoT,0.25,43,topogcl,1306,,,0.35538068413734436,1
NF-BoT-IoT,0.25,43,topogcl,1307,,,0.37692034244537354,1
NF-BoT-IoT,0.25,43,topogcl,1308,,,0.35422956943511963,1
NF-BoT-IoT,0.25,43,topogcl,1309,,,0.3586675822734833,0
NF-BoT-IoT,0.25,43,topogcl,1310,,,0.11807838827371597,1
NF-BoT-IoT,0.25,43,topogcl,1311,,,2.9425156116485596,1
NF-BoT-IoT,0.25,43,topogcl,1312,,,0.35819852352142334,1
NF-BoT-IoT,0.25,43,topogcl,1313,,,0.9270635843276978,1
NF-BoT-IoT,0.25,43,topogcl,1314,,,0.40936753153800964,1
NF-BoT-IoT,0.25,43,topogcl,1315,,,0.34085020422935486,1
NF-BoT-IoT,0.25,43,topogcl,1316,,,0.2509293556213379,1
NF-BoT-IoT,0.25,43,topogcl,1317,,,0.41293343901634216,1
NF-BoT-IoT,0.25,43,topogcl,1318,,,0.13274359703063965,0
NF-BoT-IoT,0.25,43,topogcl,1319,,,1.619381308555603,1
NF-BoT-IoT,0.25,43,topogcl,1320,,,0.3535488545894623,1
NF-BoT-IoT,0.25,43,topogcl,1321,,,0.47257137298583984,1
NF-BoT-IoT,0.25,43,topogcl,1322,,,0.3443734049797058,1
NF-BoT-IoT,0.25,43,topogcl,1323,,,0.990009069442749,1
NF-BoT-IoT,0.25,43,topogcl,1324,,,0.4196201264858246,0
NF-BoT-IoT,0.25,43,topogcl,1325,,,0.3399251699447632,0
NF-BoT-IoT,0.25,43,topogcl,1326,,,0.3575896620750427,1
NF-BoT-IoT,0.25,43,topogcl,1327,,,0.3616794943809509,1
NF-BoT-IoT,0.25,43,topogcl,1328,,,0.3496532142162323,0
NF-BoT-IoT,0.25,43,topogcl,1329,,,0.34807687997817993,1
NF-BoT-IoT,0.25,43,topogcl,1330,,,2.7342591285705566,1
NF-BoT-IoT,0.25,43,topogcl,1331,,,1.189847469329834,1
NF-BoT-IoT,0.25,43,topogcl,1332,,,0.3578931391239166,1
NF-BoT-IoT,0.25,43,topogcl,1333,,,1.1091818809509277,1
NF-BoT-IoT,0.25,43,topogcl,1334,,,0.34995609521865845,1
NF-BoT-IoT,0.25,43,topogcl,1335,,,0.25459808111190796,1
NF-BoT-IoT,0.25,43,topogcl,1336,,,0.2601891756057739,1
NF-BoT-IoT,0.25,43,topogcl,1337,,,0.34108343720436096,0
NF-BoT-IoT,0.25,43,topogcl,1338,,,0.2385510951280594,1
NF-BoT-IoT,0.25,43,topogcl,1339,,,0.34054064750671387,1
NF-BoT-IoT,0.25,43,topogcl,1340,,,1.0270049571990967,1
NF-BoT-IoT,0.25,43,topogcl,1341,,,0.3620680868625641,1
NF-BoT-IoT,0.25,43,topogcl,1342,,,0.235892191529274,1
NF-BoT-IoT,0.25,43,topogcl,1343,,,0.7773131132125854,1
NF-BoT-IoT,0.25,43,topogcl,1344,,,0.4661206305027008,1
NF-BoT-IoT,0.25,43,topogcl,1345,,,1.1263360977172852,1
NF-BoT-IoT,0.25,43,topogcl,1346,,,0.32764244079589844,0
NF-BoT-IoT,0.25,43,topogcl,1347,,,0.32408279180526733,1
NF-BoT-IoT,0.25,43,topogcl,1348,,,2.6174583435058594,1
NF-BoT-IoT,0.25,43,topogcl,1349,,,0.39888542890548706,1
NF-BoT-IoT,0.25,43,topogcl,1350,,,0.4296068549156189,1
NF-BoT-IoT,0.25,43,topogcl,1351,,,0.31545290350914,1
NF-BoT-IoT,0.25,43,topogcl,1352,,,1.0141364336013794,1
NF-BoT-IoT,0.25,43,topogcl,1353,,,0.2828142046928406,1
NF-BoT-IoT,0.25,43,topogcl,1354,,,0.35344770550727844,1
NF-BoT-IoT,0.25,43,topogcl,1355,,,0.24908794462680817,1
NF-BoT-IoT,0.25,43,topogcl,1356,,,2.8603408336639404,1
NF-BoT-IoT,0.25,43,topogcl,1357,,,0.25628605484962463,1
NF-BoT-IoT,0.25,43,topogcl,1358,,,0.7570432424545288,1
NF-BoT-IoT,0.25,43,topogcl,1359,,,0.32705625891685486,0
NF-BoT-IoT,0.25,43,topogcl,1360,,,0.27124398946762085,0
NF-BoT-IoT,0.25,43,topogcl,1361,,,0.817825198173523,1
NF-BoT-IoT,0.25,43,topogcl,1362,,,0.3050782084465027,0
NF-BoT-IoT,0.25,43,topogcl,1363,,,0.4585820734500885,1
NF-BoT-IoT,0.25,43,topogcl,1364,,,0.27392974495887756,1
NF-BoT-IoT,0.25,43,topogcl,1365,,,0.29214856028556824,1
NF-BoT-IoT,0.25,43,topogcl,1366,,,0.35448628664016724,0
NF-BoT-IoT,0.25,43,topogcl,1367,,,0.3399251699447632,1
NF-BoT-IoT,0.25,43,topogcl,1368,,,0.27171000838279724,1
NF-BoT-IoT,0.25,43,topogcl,1369,,,0.22651709616184235,1
NF-BoT-IoT,0.25,43,topogcl,1370,,,0.5623264312744141,1
NF-BoT-IoT,0.25,43,topogcl,1371,,,0.34241101145744324,1
NF-BoT-IoT,0.25,43,topogcl,1372,,,0.3308117091655731,1
NF-BoT-IoT,0.25,43,topogcl,1373,,,0.40198326110839844,1
NF-BoT-IoT,0.25,43,topogcl,1374,,,0.35702478885650635,1
NF-BoT-IoT,0.25,43,topogcl,1375,,,0.9390669465065002,1
NF-BoT-IoT,0.25,43,topogcl,1376,,,1.5507711172103882,1
NF-BoT-IoT,0.25,43,topogcl,1377,,,0.5561811327934265,1
NF-BoT-IoT,0.25,43,topogcl,1378,,,0.23540356755256653,1
NF-BoT-IoT,0.25,43,topogcl,1379,,,0.23597589135169983,1
NF-BoT-IoT,0.25,43,topogcl,1380,,,0.43048790097236633,1
NF-BoT-IoT,0.25,43,topogcl,1381,,,0.35825103521347046,1
NF-BoT-IoT,0.25,43,topogcl,1382,,,0.3623959422111511,0
NF-BoT-IoT,0.25,43,topogcl,1383,,,0.3534150719642639,1
NF-BoT-IoT,0.25,43,topogcl,1384,,,0.4389120638370514,1
NF-BoT-IoT,0.25,43,topogcl,1385,,,1.1319793462753296,1
NF-BoT-IoT,0.25,43,topogcl,1386,,,0.3468528091907501,1
NF-BoT-IoT,0.25,43,topogcl,1387,,,0.35315603017807007,1
NF-BoT-IoT,0.25,43,topogcl,1388,,,0.3547574281692505,1
NF-BoT-IoT,0.25,43,topogcl,1389,,,0.4421379864215851,1
NF-BoT-IoT,0.25,43,topogcl,1390,,,1.0220201015472412,1
NF-BoT-IoT,0.25,43,topogcl,1391,,,0.10186432301998138,1
NF-BoT-IoT,0.25,43,topogcl,1392,,,0.3164215087890625,0
NF-BoT-IoT,0.25,43,topogcl,1393,,,0.3164215087890625,0
NF-BoT-IoT,0.25,43,topogcl,1394,,,0.9746255278587341,1
NF-BoT-IoT,0.25,43,topogcl,1395,,,1.091841697692871,1
NF-BoT-IoT,0.25,43,topogcl,1396,,,0.3236624598503113,1
NF-BoT-IoT,0.25,43,topogcl,1397,,,0.3457924425601959,1
NF-BoT-IoT,0.25,43,topogcl,1398,,,0.5051440000534058,1
NF-BoT-IoT,0.25,43,topogcl,1399,,,0.33907172083854675,1
NF-BoT-IoT,0.25,43,topogcl,1400,,,0.9888219833374023,1
NF-BoT-IoT,0.25,43,topogcl,1401,,,4.346617698669434,1
NF-BoT-IoT,0.25,43,topogcl,1402,,,1.0960687398910522,1
NF-BoT-IoT,0.25,43,topogcl,1403,,,0.3403860926628113,1
NF-BoT-IoT,0.25,43,topogcl,1404,,,0.46937477588653564,0
NF-BoT-IoT,0.25,43,topogcl,1405,,,0.34636008739471436,0
NF-BoT-IoT,0.25,43,topogcl,1406,,,0.7404199242591858,1
NF-BoT-IoT,0.25,43,topogcl,1407,,,0.9858757853507996,1
NF-BoT-IoT,0.25,43,topogcl,1408,,,1.5974689722061157,1
NF-BoT-IoT,0.25,43,topogcl,1409,,,1.1265828609466553,1
NF-BoT-IoT,0.25,43,topogcl,1410,,,0.7153598070144653,1
NF-BoT-IoT,0.25,43,topogcl,1411,,,0.270581990480423,1
NF-BoT-IoT,0.25,43,topogcl,1412,,,0.4201354682445526,1
NF-BoT-IoT,0.25,43,topogcl,1413,,,0.33450162410736084,1
NF-BoT-IoT,0.25,43,topogcl,1414,,,0.43662509322166443,1
NF-BoT-IoT,0.25,43,topogcl,1415,,,0.24445794522762299,1
NF-BoT-IoT,0.25,43,topogcl,1416,,,0.36011987924575806,1
NF-BoT-IoT,0.25,43,topogcl,1417,,,0.34865328669548035,1
NF-BoT-IoT,0.25,43,topogcl,1418,,,0.106352299451828,1
NF-BoT-IoT,0.25,43,topogcl,1419,,,1.0311123132705688,1
NF-BoT-IoT,0.25,43,topogcl,1420,,,1.3416410684585571,1
NF-BoT-IoT,0.25,43,topogcl,1421,,,0.36441177129745483,1
NF-BoT-IoT,0.25,43,topogcl,1422,,,0.35902267694473267,0
NF-BoT-IoT,0.25,43,topogcl,1423,,,0.35294777154922485,0
NF-BoT-IoT,0.25,43,topogcl,1424,,,0.20769402384757996,1
NF-BoT-IoT,0.25,43,topogcl,1425,,,0.38031986355781555,1
NF-BoT-IoT,0.25,43,topogcl,1426,,,0.2589963972568512,1
NF-BoT-IoT,0.25,43,topogcl,1427,,,0.35275307297706604,1
NF-BoT-IoT,0.25,43,topogcl,1428,,,0.35452401638031006,1
NF-BoT-IoT,0.25,43,topogcl,1429,,,1.4685088396072388,1
NF-BoT-IoT,0.25,43,topogcl,1430,,,0.597076952457428,1
NF-BoT-IoT,0.25,43,topogcl,1431,,,0.4563971757888794,1
NF-BoT-IoT,0.25,43,topogcl,1432,,,0.3468548655509949,1
NF-BoT-IoT,0.25,43,topogcl,1433,,,0.3337387144565582,0
NF-BoT-IoT,0.25,43,topogcl,1434,,,0.35530179738998413,1
NF-BoT-IoT,0.25,43,topogcl,1435,,,1.0089120864868164,1
NF-BoT-IoT,0.25,43,topogcl,1436,,,0.1278076022863388,0
NF-BoT-IoT,0.25,43,topogcl,1437,,,0.3164215087890625,0
NF-BoT-IoT,0.25,43,topogcl,1438,,,0.2331063598394394,1
NF-BoT-IoT,0.25,43,topogcl,1439,,,1.0718607902526855,1
NF-BoT-IoT,0.25,43,topogcl,1440,,,0.8280808329582214,1
NF-BoT-IoT,0.25,43,topogcl,1441,,,0.4216061234474182,1
NF-BoT-IoT,0.25,43,topogcl,1442,,,0.37121376395225525,1
NF-BoT-IoT,0.25,43,topogcl,1443,,,0.22243158519268036,1
NF-BoT-IoT,0.25,43,topogcl,1444,,,0.34526127576828003,1
NF-BoT-IoT,0.25,43,topogcl,1445,,,0.292660653591156,1
NF-BoT-IoT,0.25,43,topogcl,1446,,,0.3402535319328308,1
NF-BoT-IoT,0.25,43,topogcl,1447,,,0.24998526275157928,1
NF-BoT-IoT,0.25,43,topogcl,1448,,,0.728126585483551,1
NF-BoT-IoT,0.25,43,topogcl,1449,,,1.2155101299285889,1
NF-BoT-IoT,0.25,43,topogcl,1450,,,0.28309088945388794,1
NF-BoT-IoT,0.25,43,topogcl,1451,,,0.45737797021865845,0
NF-BoT-IoT,0.25,43,topogcl,1452,,,1.0243769884109497,1
NF-BoT-IoT,0.25,43,topogcl,1453,,,0.29314446449279785,1
NF-BoT-IoT,0.25,43,topogcl,1454,,,0.27684488892555237,0
NF-BoT-IoT,0.25,43,topogcl,1455,,,0.34807687997817993,1
NF-BoT-IoT,0.25,43,topogcl,1456,,,1.0802481174468994,1
NF-BoT-IoT,0.25,43,topogcl,1457,,,0.3556022346019745,0
NF-BoT-IoT,0.25,43,topogcl,1458,,,0.35867834091186523,1
NF-BoT-IoT,0.25,43,topogcl,1459,,,0.35262900590896606,1
NF-BoT-IoT,0.25,43,topogcl,1460,,,0.3765583336353302,0
NF-BoT-IoT,0.25,43,topogcl,1461,,,0.5147574543952942,1
NF-BoT-IoT,0.25,43,topogcl,1462,,,0.35842272639274597,1
NF-BoT-IoT,0.25,43,topogcl,1463,,,0.9976970553398132,1
NF-BoT-IoT,0.25,43,topogcl,1464,,,0.7627084255218506,1
NF-BoT-IoT,0.25,43,topogcl,1465,,,0.3495340645313263,1
NF-BoT-IoT,0.25,43,topogcl,1466,,,0.3884817361831665,1
NF-BoT-IoT,0.25,43,topogcl,1467,,,1.1957772970199585,1
NF-BoT-IoT,0.25,43,topogcl,1468,,,1.1356531381607056,0
NF-BoT-IoT,0.25,43,topogcl,1469,,,0.27875274419784546,1
NF-BoT-IoT,0.25,43,topogcl,1470,,,0.2707920968532562,1
NF-BoT-IoT,0.25,43,topogcl,1471,,,0.35785913467407227,0
NF-BoT-IoT,0.25,43,topogcl,1472,,,0.17116624116897583,1
NF-BoT-IoT,0.25,43,topogcl,1473,,,0.8595407009124756,1
NF-BoT-IoT,0.25,43,topogcl,1474,,,0.4761239290237427,1
NF-BoT-IoT,0.25,43,topogcl,1475,,,0.3571688234806061,1
NF-BoT-IoT,0.25,43,topogcl,1476,,,0.3466510474681854,0
NF-BoT-IoT,0.25,43,topogcl,1477,,,0.24587585031986237,1
NF-BoT-IoT,0.25,43,topogcl,1478,,,0.3566100299358368,1
NF-BoT-IoT,0.25,43,topogcl,1479,,,0.3613571226596832,1
NF-BoT-IoT,0.25,43,topogcl,1480,,,0.3440929651260376,0
NF-BoT-IoT,0.25,43,topogcl,1481,,,0.35218995809555054,1
NF-BoT-IoT,0.25,43,topogcl,1482,,,0.3218196928501129,1
NF-BoT-IoT,0.25,43,topogcl,1483,,,0.4149332344532013,1
NF-BoT-IoT,0.25,43,topogcl,1484,,,0.30175724625587463,1
NF-BoT-IoT,0.25,43,topogcl,1485,,,0.8170831203460693,1
NF-BoT-IoT,0.25,43,topogcl,1486,,,0.4396570920944214,1
NF-BoT-IoT,0.25,43,topogcl,1487,,,0.3992190361022949,1
NF-BoT-IoT,0.25,43,topogcl,1488,,,0.3525316119194031,0
NF-BoT-IoT,0.25,43,topogcl,1489,,,0.26149633526802063,1
NF-BoT-IoT,0.25,43,topogcl,1490,,,0.35911574959754944,0
NF-BoT-IoT,0.25,43,topogcl,1491,,,1.0178545713424683,1
NF-BoT-IoT,0.25,43,topogcl,1492,,,0.32815948128700256,1
NF-BoT-IoT,0.25,43,topogcl,1493,,,0.3869006335735321,1
NF-BoT-IoT,0.25,43,topogcl,1494,,,1.1078976392745972,1
NF-BoT-IoT,0.25,43,topogcl,1495,,,0.3938448131084442,1
NF-BoT-IoT,0.25,43,topogcl,1496,,,1.0095576047897339,1
NF-BoT-IoT,0.25,43,topogcl,1497,,,0.7811568975448608,1
NF-BoT-IoT,0.25,43,topogcl,1498,,,0.358957439661026,0
NF-BoT-IoT,0.25,43,topogcl,1499,,,0.28006961941719055,1
NF-BoT-IoT,0.25,43,topogcl,1500,,,1.1253587007522583,1
NF-BoT-IoT,0.25,43,topogcl,1501,,,0.34683650732040405,1
NF-BoT-IoT,0.25,43,topogcl,1502,,,0.5491523742675781,1
NF-BoT-IoT,0.25,43,topogcl,1503,,,0.36144229769706726,1
NF-BoT-IoT,0.25,43,topogcl,1504,,,1.0190186500549316,1
NF-BoT-IoT,0.25,43,topogcl,1505,,,1.4121966361999512,1
NF-BoT-IoT,0.25,43,topogcl,1506,,,0.28855112195014954,1
NF-BoT-IoT,0.25,43,topogcl,1507,,,0.3406177759170532,1
NF-BoT-IoT,0.25,43,topogcl,1508,,,1.0381089448928833,1
NF-BoT-IoT,0.25,43,topogcl,1509,,,0.3406177759170532,1
NF-BoT-IoT,0.25,43,topogcl,1510,,,0.34131747484207153,0
NF-BoT-IoT,0.25,43,topogcl,1511,,,0.35752785205841064,1
NF-BoT-IoT,0.25,43,topogcl,1512,,,1.1255754232406616,1
NF-BoT-IoT,0.25,43,topogcl,1513,,,0.25630617141723633,1
NF-BoT-IoT,0.25,43,topogcl,1514,,,0.3601920008659363,1
NF-BoT-IoT,0.25,43,topogcl,1515,,,0.20249255001544952,0
NF-BoT-IoT,0.25,43,topogcl,1516,,,0.4133366644382477,1
NF-BoT-IoT,0.25,43,topogcl,1517,,,0.20677007734775543,0
NF-BoT-IoT,0.25,43,topogcl,1518,,,0.3583870530128479,1
NF-BoT-IoT,0.25,43,topogcl,1519,,,2.6369123458862305,1
NF-BoT-IoT,0.25,43,topogcl,1520,,,0.34830230474472046,1
NF-BoT-IoT,0.25,43,topogcl,1521,,,0.33438822627067566,0
NF-BoT-IoT,0.25,43,topogcl,1522,,,0.9884099960327148,1
NF-BoT-IoT,0.25,43,topogcl,1523,,,0.21983900666236877,0
NF-BoT-IoT,0.25,43,topogcl,1524,,,0.6693646907806396,1
NF-BoT-IoT,0.25,43,topogcl,1525,,,0.35938695073127747,1
NF-BoT-IoT,0.25,43,topogcl,1526,,,0.08878007531166077,1
NF-BoT-IoT,0.25,43,topogcl,1527,,,0.13435286283493042,1
NF-BoT-IoT,0.25,43,topogcl,1528,,,0.984332263469696,1
NF-BoT-IoT,0.25,43,topogcl,1529,,,0.3572517931461334,1
NF-BoT-IoT,0.25,43,topogcl,1530,,,0.30912163853645325,1
NF-BoT-IoT,0.25,43,topogcl,1531,,,0.3584330379962921,1
NF-BoT-IoT,0.25,43,topogcl,1532,,,0.3982040286064148,1
NF-BoT-IoT,0.25,43,topogcl,1533,,,0.27211326360702515,0
NF-BoT-IoT,0.25,43,topogcl,1534,,,1.0312259197235107,1
NF-BoT-IoT,0.25,43,topogcl,1535,,,1.156867504119873,1
NF-BoT-IoT,0.25,43,topogcl,1536,,,0.35750868916511536,1
NF-BoT-IoT,0.25,43,topogcl,1537,,,0.4334987699985504,1
NF-BoT-IoT,0.25,43,topogcl,1538,,,0.3164215087890625,0
NF-BoT-IoT,0.25,43,topogcl,1539,,,0.3452780544757843,1
NF-BoT-IoT,0.25,43,topogcl,1540,,,0.41597238183021545,1
NF-BoT-IoT,0.25,43,topogcl,1541,,,0.3406067192554474,1
NF-BoT-IoT,0.25,43,topogcl,1542,,,0.32760316133499146,1
NF-BoT-IoT,0.25,43,topogcl,1543,,,0.25455695390701294,1
NF-BoT-IoT,0.25,43,topogcl,1544,,,0.2716706693172455,0
NF-BoT-IoT,0.25,43,topogcl,1545,,,0.24944518506526947,1
NF-BoT-IoT,0.25,43,topogcl,1546,,,1.1112600564956665,1
NF-BoT-IoT,0.25,43,topogcl,1547,,,1.4436763525009155,1
NF-BoT-IoT,0.25,43,topogcl,1548,,,0.35763493180274963,1
NF-BoT-IoT,0.25,43,topogcl,1549,,,0.9921233057975769,1
NF-BoT-IoT,0.25,43,topogcl,1550,,,0.40925562381744385,1
NF-BoT-IoT,0.25,43,topogcl,1551,,,0.6411703824996948,1
NF-BoT-IoT,0.25,43,topogcl,1552,,,0.35961422324180603,1
NF-BoT-IoT,0.25,43,topogcl,1553,,,0.35397908091545105,1
NF-BoT-IoT,0.25,43,topogcl,1554,,,0.3912270665168762,1
NF-BoT-IoT,0.25,43,topogcl,1555,,,1.2867634296417236,1
NF-BoT-IoT,0.25,43,topogcl,1556,,,0.33427199721336365,0
NF-BoT-IoT,0.25,43,topogcl,1557,,,1.0182490348815918,1
NF-BoT-IoT,0.25,43,topogcl,1558,,,1.0217573642730713,1
NF-BoT-IoT,0.25,43,topogcl,1559,,,0.3129478394985199,1
NF-BoT-IoT,0.25,43,topogcl,1560,,,0.2835421562194824,0
NF-BoT-IoT,0.25,43,topogcl,1561,,,0.7058063745498657,1
NF-BoT-IoT,0.25,43,topogcl,1562,,,1.113252878189087,1
NF-BoT-IoT,0.25,43,topogcl,1563,,,1.1091476678848267,1
NF-BoT-IoT,0.25,43,topogcl,1564,,,0.3582087457180023,1
NF-BoT-IoT,0.25,43,topogcl,1565,,,0.34806644916534424,1
NF-BoT-IoT,0.25,43,topogcl,1566,,,0.3494729697704315,1
NF-BoT-IoT,0.25,43,topogcl,1567,,,0.41593828797340393,1
NF-BoT-IoT,0.25,43,topogcl,1568,,,0.2619025409221649,1
NF-BoT-IoT,0.25,43,topogcl,1569,,,0.29613855481147766,1
NF-BoT-IoT,0.25,43,topogcl,1570,,,0.4266718029975891,1
NF-BoT-IoT,0.25,43,topogcl,1571,,,1.0164841413497925,1
NF-BoT-IoT,0.25,43,topogcl,1572,,,0.35961422324180603,0
NF-BoT-IoT,0.25,43,topogcl,1573,,,0.3094033896923065,1
NF-BoT-IoT,0.25,43,topogcl,1574,,,0.9859011769294739,1
NF-BoT-IoT,0.25,43,topogcl,1575,,,0.9524039626121521,0
NF-BoT-IoT,0.25,43,topogcl,1576,,,0.34018242359161377,0
NF-BoT-IoT,0.25,43,topogcl,1577,,,0.44715264439582825,1
NF-BoT-IoT,0.25,43,topogcl,1578,,,0.3833926320075989,1
NF-BoT-IoT,0.25,43,topogcl,1579,,,0.32127290964126587,1
NF-BoT-IoT,0.25,43,topogcl,1580,,,1.0737634897232056,1
NF-BoT-IoT,0.25,43,topogcl,1581,,,0.26742878556251526,1
NF-BoT-IoT,0.25,43,topogcl,1582,,,0.35431361198425293,1
NF-BoT-IoT,0.25,43,topogcl,1583,,,2.911198854446411,1
NF-BoT-IoT,0.25,43,topogcl,1584,,,0.4485582113265991,0
NF-BoT-IoT,0.25,43,topogcl,1585,,,0.3670929968357086,0
NF-BoT-IoT,0.25,43,topogcl,1586,,,0.2850395143032074,1
NF-BoT-IoT,0.25,43,topogcl,1587,,,1.1110289096832275,1
NF-BoT-IoT,0.25,43,topogcl,1588,,,2.274043083190918,1
NF-BoT-IoT,0.25,43,topogcl,1589,,,1.4064319133758545,1
NF-BoT-IoT,0.25,43,topogcl,1590,,,0.28717368841171265,1
NF-BoT-IoT,0.25,43,topogcl,1591,,,0.4348946511745453,1
NF-BoT-IoT,0.25,43,topogcl,1592,,,1.029373049736023,1
NF-BoT-IoT,0.25,43,topogcl,1593,,,0.35013943910598755,1
NF-BoT-IoT,0.25,43,topogcl,1594,,,0.5765200257301331,1
NF-BoT-IoT,0.25,43,topogcl,1595,,,1.117363452911377,1
NF-BoT-IoT,0.25,43,topogcl,1596,,,0.757307231426239,1
NF-BoT-IoT,0.25,43,topogcl,1597,,,0.4572838246822357,1
NF-BoT-IoT,0.25,43,topogcl,1598,,,0.47811731696128845,1
NF-BoT-IoT,0.25,43,topogcl,1599,,,1.1093825101852417,1
NF-BoT-IoT,0.25,43,topogcl,1600,,,0.35125431418418884,1
NF-BoT-IoT,0.25,43,topogcl,1601,,,0.21300382912158966,1
NF-BoT-IoT,0.25,43,topogcl,1602,,,0.739119827747345,1
NF-BoT-IoT,0.25,43,topogcl,1603,,,0.2500147223472595,0
NF-BoT-IoT,0.25,43,topogcl,1604,,,0.45676183700561523,0
NF-BoT-IoT,0.25,43,topogcl,1605,,,1.376726508140564,1
NF-BoT-IoT,0.25,43,topogcl,1606,,,0.27292561531066895,1
NF-BoT-IoT,0.25,43,topogcl,1607,,,0.3401552438735962,1
NF-BoT-IoT,0.25,43,topogcl,1608,,,0.3591308891773224,0
NF-BoT-IoT,0.25,43,topogcl,1609,,,0.3340809643268585,0
NF-BoT-IoT,0.25,43,topogcl,1610,,,0.39034971594810486,1
NF-BoT-IoT,0.25,43,topogcl,1611,,,1.0237940549850464,1
NF-BoT-IoT,0.25,43,topogcl,1612,,,1.3216224908828735,1
NF-BoT-IoT,0.25,43,topogcl,1613,,,0.36314743757247925,1
NF-BoT-IoT,0.25,43,topogcl,1614,,,0.34161117672920227,1
NF-BoT-IoT,0.25,43,topogcl,1615,,,0.44885048270225525,1
NF-BoT-IoT,0.25,43,topogcl,1616,,,0.39019957184791565,1
NF-BoT-IoT,0.25,43,topogcl,1617,,,0.3535062372684479,0
NF-BoT-IoT,0.25,43,topogcl,1618,,,0.37000787258148193,1
NF-BoT-IoT,0.25,43,topogcl,1619,,,0.3539682626724243,1
NF-BoT-IoT,0.25,43,topogcl,1620,,,0.27910590171813965,1
NF-BoT-IoT,0.25,43,topogcl,1621,,,0.3417879045009613,1
NF-BoT-IoT,0.25,43,topogcl,1622,,,0.3401552438735962,1
NF-BoT-IoT,0.25,43,topogcl,1623,,,0.3130151629447937,1
NF-BoT-IoT,0.25,43,topogcl,1624,,,0.11889125406742096,1
NF-BoT-IoT,0.25,43,topogcl,1625,,,0.30603742599487305,1
NF-BoT-IoT,0.25,43,topogcl,1626,,,0.3738018274307251,1
NF-BoT-IoT,0.25,43,topogcl,1627,,,1.1270264387130737,1
NF-BoT-IoT,0.25,43,topogcl,1628,,,0.2933964431285858,1
NF-BoT-IoT,0.25,43,topogcl,1629,,,0.35314056277275085,0
NF-BoT-IoT,0.25,43,topogcl,1630,,,0.33022597432136536,0
NF-BoT-IoT,0.25,43,topogcl,1631,,,0.31926846504211426,1
NF-BoT-IoT,0.25,43,topogcl,1632,,,1.0371880531311035,1
NF-BoT-IoT,0.25,43,topogcl,1633,,,0.4143162667751312,1
NF-BoT-IoT,0.25,43,topogcl,1634,,,0.35419437289237976,1
NF-BoT-IoT,0.25,43,topogcl,1635,,,2.740238666534424,1
NF-BoT-IoT,0.25,43,topogcl,1636,,,0.44617384672164917,1
NF-BoT-IoT,0.25,43,topogcl,1637,,,0.31641438603401184,0
NF-BoT-IoT,0.25,43,topogcl,1638,,,0.3535858988761902,0
NF-BoT-IoT,0.25,43,topogcl,1639,,,0.3486870527267456,0
NF-BoT-IoT,0.25,43,topogcl,1640,,,0.4169923663139343,1
NF-BoT-IoT,0.25,43,topogcl,1641,,,2.8489627838134766,1
NF-BoT-IoT,0.25,43,topogcl,1642,,,0.21396541595458984,0
NF-BoT-IoT,0.25,43,topogcl,1643,,,1.0147380828857422,1
NF-BoT-IoT,0.25,43,topogcl,1644,,,0.40869978070259094,1
NF-BoT-IoT,0.25,43,topogcl,1645,,,1.3559811115264893,1
NF-BoT-IoT,0.25,43,topogcl,1646,,,2.0743014812469482,1
NF-BoT-IoT,0.25,43,topogcl,1647,,,0.4344415068626404,1
NF-BoT-IoT,0.25,43,topogcl,1648,,,0.340650737285614,1
NF-BoT-IoT,0.25,43,topogcl,1649,,,0.5809192061424255,1
NF-BoT-IoT,0.25,43,topogcl,1650,,,0.2710897624492645,1
NF-BoT-IoT,0.25,43,topogcl,1651,,,1.030361533164978,1
NF-BoT-IoT,0.25,43,topogcl,1652,,,0.24039311707019806,1
NF-BoT-IoT,0.25,43,topogcl,1653,,,0.32197654247283936,0
NF-BoT-IoT,0.25,43,topogcl,1654,,,0.3525797724723816,1
NF-BoT-IoT,0.25,43,topogcl,1655,,,0.3542511761188507,1
NF-BoT-IoT,0.25,43,topogcl,1656,,,0.8232169151306152,1
NF-BoT-IoT,0.25,43,topogcl,1657,,,0.20254147052764893,1
NF-BoT-IoT,0.25,43,topogcl,1658,,,0.27257639169692993,1
NF-BoT-IoT,0.25,43,topogcl,1659,,,0.3331563472747803,0
NF-BoT-IoT,0.25,43,topogcl,1660,,,0.3566734194755554,1
NF-BoT-IoT,0.25,43,topogcl,1661,,,0.5951018333435059,1
NF-BoT-IoT,0.25,43,topogcl,1662,,,0.3772491216659546,0
NF-BoT-IoT,0.25,43,topogcl,1663,,,0.6172264218330383,1
NF-BoT-IoT,0.25,43,topogcl,1664,,,0.2692320942878723,1
NF-BoT-IoT,0.25,43,topogcl,1665,,,0.12126163393259048,1
NF-BoT-IoT,0.25,43,topogcl,1666,,,0.3572640120983124,1
NF-BoT-IoT,0.25,43,topogcl,1667,,,2.0258164405822754,1
NF-BoT-IoT,0.25,43,topogcl,1668,,,0.3170262277126312,1
NF-BoT-IoT,0.25,43,topogcl,1669,,,0.4030153155326843,1
NF-BoT-IoT,0.25,43,topogcl,1670,,,0.4364308714866638,1
NF-BoT-IoT,0.25,43,topogcl,1671,,,0.5089366436004639,1
NF-BoT-IoT,0.25,43,topogcl,1672,,,0.7705624103546143,1
NF-BoT-IoT,0.25,43,topogcl,1673,,,0.35655638575553894,1
NF-BoT-IoT,0.25,43,topogcl,1674,,,0.358877956867218,0
NF-BoT-IoT,0.25,43,topogcl,1675,,,0.7580885887145996,1
NF-BoT-IoT,0.25,43,topogcl,1676,,,4.340219497680664,1
NF-BoT-IoT,0.25,43,topogcl,1677,,,0.3545689582824707,0
NF-BoT-IoT,0.25,43,topogcl,1678,,,0.35913893580436707,0
NF-BoT-IoT,0.25,43,topogcl,1679,,,0.3497259020805359,0
NF-BoT-IoT,0.25,43,topogcl,1680,,,0.236799418926239,1
NF-BoT-IoT,0.25,43,topogcl,1681,,,0.35397908091545105,1
NF-BoT-IoT,0.25,43,topogcl,1682,,,0.3129561245441437,1
NF-BoT-IoT,0.25,43,topogcl,1683,,,0.24744601547718048,1
NF-BoT-IoT,0.25,43,topogcl,1684,,,1.0490165948867798,1
NF-BoT-IoT,0.25,43,topogcl,1685,,,0.3495931923389435,1
NF-BoT-IoT,0.25,43,topogcl,1686,,,0.3531138598918915,1
NF-BoT-IoT,0.25,43,topogcl,1687,,,0.3468528091907501,0
NF-BoT-IoT,0.25,43,topogcl,1688,,,0.49887242913246155,1
NF-BoT-IoT,0.25,43,topogcl,1689,,,0.35395732522010803,1
NF-BoT-IoT,0.25,43,topogcl,1690,,,0.3585764765739441,1
NF-BoT-IoT,0.25,43,topogcl,1691,,,0.9051193594932556,1
NF-BoT-IoT,0.25,43,topogcl,1692,,,0.21089453995227814,0
NF-BoT-IoT,0.25,43,topogcl,1693,,,0.3513958752155304,1
NF-BoT-IoT,0.25,43,topogcl,1694,,,0.35045126080513,0
NF-BoT-IoT,0.25,43,topogcl,1695,,,0.5193591713905334,1
NF-BoT-IoT,0.25,43,topogcl,1696,,,0.3685927391052246,0
NF-BoT-IoT,0.25,43,topogcl,1697,,,0.34849002957344055,0
NF-BoT-IoT,0.25,43,topogcl,1698,,,0.3033219873905182,1
NF-BoT-IoT,0.25,43,topogcl,1699,,,0.34766626358032227,1
NF-BoT-IoT,0.25,43,topogcl,1700,,,0.4270245432853699,1
NF-BoT-IoT,0.25,43,topogcl,1701,,,0.3578394055366516,1
NF-BoT-IoT,0.25,43,topogcl,1702,,,0.3622388243675232,1
NF-BoT-IoT,0.25,43,topogcl,1703,,,0.12825819849967957,1
NF-BoT-IoT,0.25,43,topogcl,1704,,,0.34223562479019165,1
NF-BoT-IoT,0.25,43,topogcl,1705,,,1.0166723728179932,1
NF-BoT-IoT,0.25,43,topogcl,1706,,,0.2547959089279175,1
NF-BoT-IoT,0.25,43,topogcl,1707,,,0.3545410633087158,1
NF-BoT-IoT,0.25,43,topogcl,1708,,,0.35902267694473267,0
NF-BoT-IoT,0.25,43,topogcl,1709,,,0.27494725584983826,1
NF-BoT-IoT,0.25,43,topogcl,1710,,,0.44202956557273865,1
NF-BoT-IoT,0.25,43,topogcl,1711,,,0.35317766666412354,0
NF-BoT-IoT,0.25,43,topogcl,1712,,,0.3164215087890625,0
NF-BoT-IoT,0.25,43,topogcl,1713,,,0.35911574959754944,0
NF-BoT-IoT,0.25,43,topogcl,1714,,,0.43344685435295105,1
NF-BoT-IoT,0.25,43,topogcl,1715,,,0.32187384366989136,1
NF-BoT-IoT,0.25,43,topogcl,1716,,,1.1047461032867432,1
NF-BoT-IoT,0.25,43,topogcl,1717,,,0.19691474735736847,1
NF-BoT-IoT,0.25,43,topogcl,1718,,,0.3087661862373352,0
NF-BoT-IoT,0.25,43,topogcl,1719,,,0.34986889362335205,0
NF-BoT-IoT,0.25,43,topogcl,1720,,,0.38189685344696045,1
NF-BoT-IoT,0.25,43,topogcl,1721,,,0.37599921226501465,0
NF-BoT-IoT,0.25,43,topogcl,1722,,,2.076159954071045,1
NF-BoT-IoT,0.25,43,topogcl,1723,,,0.2912188470363617,1
NF-BoT-IoT,0.25,43,topogcl,1724,,,0.35953131318092346,1
NF-BoT-IoT,0.25,43,topogcl,1725,,,0.1244141086935997,1
NF-BoT-IoT,0.25,43,topogcl,1726,,,0.35285425186157227,1
NF-BoT-IoT,0.25,43,topogcl,1727,,,1.02680242061615,1
NF-BoT-IoT,0.25,43,topogcl,1728,,,0.2483035773038864,0
NF-BoT-IoT,0.25,43,topogcl,1729,,,0.36600130796432495,1
NF-BoT-IoT,0.25,43,topogcl,1730,,,0.7698020935058594,1
NF-BoT-IoT,0.25,43,topogcl,1731,,,0.5540301203727722,1
NF-BoT-IoT,0.25,43,topogcl,1732,,,1.3120566606521606,1
NF-BoT-IoT,0.25,43,topogcl,1733,,,0.3577313721179962,1
NF-BoT-IoT,0.25,43,topogcl,1734,,,0.3321978449821472,0
NF-BoT-IoT,0.25,43,topogcl,1735,,,0.3570452630519867,0
NF-BoT-IoT,0.25,43,topogcl,1736,,,0.243755042552948,0
NF-BoT-IoT,0.25,43,topogcl,1737,,,0.5097074508666992,1
NF-BoT-IoT,0.25,43,topogcl,1738,,,2.114013433456421,1
NF-BoT-IoT,0.25,43,topogcl,1739,,,0.3524681329727173,1
NF-BoT-IoT,0.25,43,topogcl,1740,,,0.4298691153526306,1
NF-BoT-IoT,0.25,43,topogcl,1741,,,0.3520442843437195,0
NF-BoT-IoT,0.25,43,topogcl,1742,,,0.25159868597984314,1
NF-BoT-IoT,0.25,43,topogcl,1743,,,0.3451681435108185,1
NF-BoT-IoT,0.25,43,topogcl,1744,,,0.43290314078330994,1
NF-BoT-IoT,0.25,43,topogcl,1745,,,0.35917928814888,1
NF-BoT-IoT,0.25,43,topogcl,1746,,,0.7584611773490906,1
NF-BoT-IoT,0.25,43,topogcl,1747,,,0.42673778533935547,1
NF-BoT-IoT,0.25,43,topogcl,1748,,,0.35048434138298035,1
NF-BoT-IoT,0.25,43,topogcl,1749,,,0.25214913487434387,1
NF-BoT-IoT,0.25,43,topogcl,1750,,,0.36551159620285034,1
NF-BoT-IoT,0.25,43,topogcl,1751,,,0.21000885963439941,0
NF-BoT-IoT,0.25,43,topogcl,1752,,,1.068302035331726,1
NF-BoT-IoT,0.25,43,topogcl,1753,,,0.2142897993326187,1
NF-BoT-IoT,0.25,43,topogcl,1754,,,0.34338775277137756,1
NF-BoT-IoT,0.25,43,topogcl,1755,,,1.1381109952926636,1
NF-BoT-IoT,0.25,43,topogcl,1756,,,0.3534223437309265,1
NF-BoT-IoT,0.25,43,topogcl,1757,,,0.3539789617061615,1
NF-BoT-IoT,0.25,43,topogcl,1758,,,0.41937437653541565,1
NF-BoT-IoT,0.25,43,topogcl,1759,,,0.4717755913734436,0
NF-BoT-IoT,0.25,43,topogcl,1760,,,1.4980548620224,1
NF-BoT-IoT,0.25,43,topogcl,1761,,,0.3586578965187073,0
NF-BoT-IoT,0.25,43,topogcl,1762,,,0.36839139461517334,1
NF-BoT-IoT,0.25,43,topogcl,1763,,,1.148069143295288,1
NF-BoT-IoT,0.25,43,topogcl,1764,,,0.2476378232240677,1
NF-BoT-IoT,0.25,43,topogcl,1765,,,0.34743407368659973,1
NF-BoT-IoT,0.25,43,topogcl,1766,,,0.354240357875824,1
NF-BoT-IoT,0.25,43,topogcl,1767,,,0.3541678786277771,0
NF-BoT-IoT,0.25,43,topogcl,1768,,,0.669156014919281,1
NF-BoT-IoT,0.25,43,topogcl,1769,,,4.7809062004089355,1
NF-BoT-IoT,0.25,43,topogcl,1770,,,0.35080769658088684,1
NF-BoT-IoT,0.25,43,topogcl,1771,,,0.4088468849658966,1
NF-BoT-IoT,0.25,43,topogcl,1772,,,0.3260875642299652,1
NF-BoT-IoT,0.25,43,topogcl,1773,,,0.27133646607398987,1
NF-BoT-IoT,0.25,43,topogcl,1774,,,0.3385065793991089,1
NF-BoT-IoT,0.25,43,topogcl,1775,,,0.35249564051628113,0
NF-BoT-IoT,0.25,43,topogcl,1776,,,1.0233343839645386,1
NF-BoT-IoT,0.25,43,topogcl,1777,,,1.06565523147583,1
NF-BoT-IoT,0.25,43,topogcl,1778,,,0.35902267694473267,0
NF-BoT-IoT,0.25,43,topogcl,1779,,,0.24989837408065796,1
NF-BoT-IoT,0.25,43,topogcl,1780,,,0.2905619740486145,1
NF-BoT-IoT,0.25,43,topogcl,1781,,,0.3215153217315674,1
NF-BoT-IoT,0.25,43,topogcl,1782,,,0.3510324954986572,1
NF-BoT-IoT,0.25,43,topogcl,1783,,,0.5052930116653442,1
NF-BoT-IoT,0.25,43,topogcl,1784,,,0.47177115082740784,1
NF-BoT-IoT,0.25,43,topogcl,1785,,,1.0195348262786865,1
NF-BoT-IoT,0.25,43,topogcl,1786,,,0.33538588881492615,1
NF-BoT-IoT,0.25,43,topogcl,1787,,,0.34483394026756287,1
NF-BoT-IoT,0.25,43,topogcl,1788,,,0.5951820611953735,1
NF-BoT-IoT,0.25,43,topogcl,1789,,,0.37176406383514404,1
NF-BoT-IoT,0.25,43,topogcl,1790,,,0.3582690954208374,1
NF-BoT-IoT,0.25,43,topogcl,1791,,,0.36538809537887573,1
NF-BoT-IoT,0.25,43,topogcl,1792,,,0.3664446175098419,1
NF-BoT-IoT,0.25,43,topogcl,1793,,,0.43376365303993225,1
NF-BoT-IoT,0.25,43,topogcl,1794,,,0.34878090023994446,1
NF-BoT-IoT,0.25,43,topogcl,1795,,,0.26507803797721863,1
NF-BoT-IoT,0.25,43,topogcl,1796,,,0.35207220911979675,1
NF-BoT-IoT,0.25,43,topogcl,1797,,,2.2855687141418457,1
NF-BoT-IoT,0.25,43,topogcl,1798,,,0.3777889311313629,1
NF-BoT-IoT,0.25,43,topogcl,1799,,,0.7514505386352539,1
NF-BoT-IoT,0.25,43,topogcl,1800,,,0.35815930366516113,1
NF-BoT-IoT,0.25,43,topogcl,1801,,,0.34849002957344055,1
NF-BoT-IoT,0.25,43,topogcl,1802,,,1.0585767030715942,1
NF-BoT-IoT,0.25,43,topogcl,1803,,,1.1255407333374023,1
NF-BoT-IoT,0.25,43,topogcl,1804,,,0.33803120255470276,1
NF-BoT-IoT,0.25,43,topogcl,1805,,,0.352107971906662,0
NF-BoT-IoT,0.25,43,topogcl,1806,,,4.12112283706665,1
NF-BoT-IoT,0.25,43,topogcl,1807,,,1.4746054410934448,1
NF-BoT-IoT,0.25,43,topogcl,1808,,,0.35223206877708435,1
NF-BoT-IoT,0.25,43,topogcl,1809,,,0.4079504609107971,0
NF-BoT-IoT,0.25,43,topogcl,1810,,,0.35341525077819824,1
NF-BoT-IoT,0.25,43,topogcl,1811,,,1.3295044898986816,1
NF-BoT-IoT,0.25,43,topogcl,1812,,,1.2604331970214844,1
NF-BoT-IoT,0.25,43,topogcl,1813,,,0.19228611886501312,1
NF-BoT-IoT,0.25,43,topogcl,1814,,,0.47027358412742615,1
NF-BoT-IoT,0.25,43,topogcl,1815,,,0.3080631494522095,1
NF-BoT-IoT,0.25,43,topogcl,1816,,,2.0406949520111084,1
NF-BoT-IoT,0.25,43,topogcl,1817,,,0.4160202145576477,1
NF-BoT-IoT,0.25,43,topogcl,1818,,,0.25223344564437866,1
NF-BoT-IoT,0.25,43,topogcl,1819,,,0.35772114992141724,1
NF-BoT-IoT,0.25,43,topogcl,1820,,,0.3525305986404419,1
NF-BoT-IoT,0.25,43,topogcl,1821,,,0.7456269860267639,1
NF-BoT-IoT,0.25,43,topogcl,1822,,,0.35015377402305603,0
NF-BoT-IoT,0.25,43,topogcl,1823,,,1.0632835626602173,1
NF-BoT-IoT,0.25,43,topogcl,1824,,,0.2564021348953247,1
NF-BoT-IoT,0.25,43,topogcl,1825,,,0.24266144633293152,0
NF-BoT-IoT,0.25,43,topogcl,1826,,,0.2607699930667877,0
NF-BoT-IoT,0.25,43,topogcl,1827,,,0.9459258317947388,1
NF-BoT-IoT,0.25,43,topogcl,1828,,,0.5643239617347717,1
NF-BoT-IoT,0.25,43,topogcl,1829,,,0.9750255942344666,1
NF-BoT-IoT,0.25,43,topogcl,1830,,,0.343921035528183,1
NF-BoT-IoT,0.25,43,topogcl,1831,,,0.45414143800735474,0
NF-BoT-IoT,0.25,43,topogcl,1832,,,0.17079897224903107,1
NF-BoT-IoT,0.25,43,topogcl,1833,,,0.35911574959754944,0
NF-BoT-IoT,0.25,43,topogcl,1834,,,2.9215075969696045,1
NF-BoT-IoT,0.25,43,topogcl,1835,,,0.34085020422935486,1
NF-BoT-IoT,0.25,43,topogcl,1836,,,0.7727936506271362,1
NF-BoT-IoT,0.25,43,topogcl,1837,,,0.354434072971344,1
NF-BoT-IoT,0.25,43,topogcl,1838,,,0.5064311623573303,1
NF-BoT-IoT,0.25,43,topogcl,1839,,,0.3545348346233368,1
NF-BoT-IoT,0.25,43,topogcl,1840,,,0.44474178552627563,1
NF-BoT-IoT,0.25,43,topogcl,1841,,,0.4835522770881653,1
NF-BoT-IoT,0.25,43,topogcl,1842,,,0.4016059339046478,1
NF-BoT-IoT,0.25,43,topogcl,1843,,,0.8567744493484497,1
NF-BoT-IoT,0.25,43,topogcl,1844,,,0.27261883020401,1
NF-BoT-IoT,0.25,43,topogcl,1845,,,0.3080412447452545,1
NF-BoT-IoT,0.25,43,topogcl,1846,,,0.35258567333221436,1
NF-BoT-IoT,0.25,43,topogcl,1847,,,1.032212495803833,1
NF-BoT-IoT,0.25,43,topogcl,1848,,,1.8407684564590454,1
NF-BoT-IoT,0.25,43,topogcl,1849,,,2.055008888244629,1
NF-BoT-IoT,0.25,43,topogcl,1850,,,0.46228906512260437,0
NF-BoT-IoT,0.25,43,topogcl,1851,,,0.40241044759750366,1
NF-BoT-IoT,0.25,43,topogcl,1852,,,0.4646863043308258,1
NF-BoT-IoT,0.25,43,topogcl,1853,,,0.3992946147918701,1
NF-BoT-IoT,0.25,43,topogcl,1854,,,0.20286697149276733,1
NF-BoT-IoT,0.25,43,topogcl,1855,,,1.3044222593307495,1
NF-BoT-IoT,0.25,43,topogcl,1856,,,0.6882296800613403,1
NF-BoT-IoT,0.25,43,topogcl,1857,,,0.4388219118118286,1
NF-BoT-IoT,0.25,43,topogcl,1858,,,0.33104971051216125,1
NF-BoT-IoT,0.25,43,topogcl,1859,,,0.5920433402061462,1
NF-BoT-IoT,0.25,43,topogcl,1860,,,0.28945299983024597,1
NF-BoT-IoT,0.25,43,topogcl,1861,,,1.67247474193573,1
NF-BoT-IoT,0.25,43,topogcl,1862,,,0.7579875588417053,1
NF-BoT-IoT,0.25,43,topogcl,1863,,,0.5255153775215149,1
NF-BoT-IoT,0.25,43,topogcl,1864,,,0.3703179359436035,1
NF-BoT-IoT,0.25,43,topogcl,1865,,,0.5406397581100464,0
NF-BoT-IoT,0.25,43,topogcl,1866,,,0.24905499815940857,1
NF-BoT-IoT,0.25,43,topogcl,1867,,,0.6132345199584961,1
NF-BoT-IoT,0.25,43,topogcl,1868,,,4.335925579071045,1
NF-BoT-IoT,0.25,43,topogcl,1869,,,0.3495340645313263,1
NF-BoT-IoT,0.25,43,topogcl,1870,,,0.7559689879417419,1
NF-BoT-IoT,0.25,43,topogcl,1871,,,0.24989081919193268,1
NF-BoT-IoT,0.25,43,topogcl,1872,,,0.26474958658218384,1
NF-BoT-IoT,0.25,43,topogcl,1873,,,0.3427869975566864,1
NF-BoT-IoT,0.25,43,topogcl,1874,,,1.0710991621017456,1
NF-BoT-IoT,0.25,43,topogcl,1875,,,0.1721450239419937,1
NF-BoT-IoT,0.25,43,topogcl,1876,,,1.0141746997833252,1
NF-BoT-IoT,0.25,43,topogcl,1877,,,0.3415412902832031,1
NF-BoT-IoT,0.25,43,topogcl,1878,,,0.433551549911499,1
NF-BoT-IoT,0.25,43,topogcl,1879,,,0.6003406047821045,1
NF-BoT-IoT,0.25,43,topogcl,1880,,,0.4871377646923065,1
NF-BoT-IoT,0.25,43,topogcl,1881,,,0.35420793294906616,1
NF-BoT-IoT,0.25,43,topogcl,1882,,,0.2677341401576996,0
NF-BoT-IoT,0.25,43,topogcl,1883,,,0.34746265411376953,1
NF-BoT-IoT,0.25,43,topogcl,1884,,,0.2809264063835144,0
NF-BoT-IoT,0.25,43,topogcl,1885,,,0.2840825319290161,1
NF-BoT-IoT,0.25,43,topogcl,1886,,,0.9708985686302185,1
NF-BoT-IoT,0.25,43,topogcl,1887,,,0.34440726041793823,1
NF-BoT-IoT,0.25,43,topogcl,1888,,,0.438844233751297,1
NF-BoT-IoT,0.25,43,topogcl,1889,,,0.9913484454154968,1
NF-BoT-IoT,0.25,43,topogcl,1890,,,1.1356093883514404,0
NF-BoT-IoT,0.25,43,topogcl,1891,,,0.7719881534576416,1
NF-BoT-IoT,0.25,43,topogcl,1892,,,0.465331494808197,1
NF-BoT-IoT,0.25,43,topogcl,1893,,,0.6126812100410461,1
NF-BoT-IoT,0.25,43,topogcl,1894,,,0.32429423928260803,1
NF-BoT-IoT,0.25,43,topogcl,1895,,,0.1927749663591385,1
NF-BoT-IoT,0.25,43,topogcl,1896,,,0.39826393127441406,1
NF-BoT-IoT,0.25,43,topogcl,1897,,,0.3512641489505768,1
NF-BoT-IoT,0.25,43,topogcl,1898,,,0.6451926231384277,0
NF-BoT-IoT,0.25,43,topogcl,1899,,,0.4366939067840576,1
NF-BoT-IoT,0.25,43,topogcl,1900,,,1.1454755067825317,1
NF-BoT-IoT,0.25,43,topogcl,1901,,,2.1900901794433594,1
NF-BoT-IoT,0.25,43,topogcl,1902,,,0.3531777262687683,1
NF-BoT-IoT,0.25,43,topogcl,1903,,,1.0309386253356934,1
NF-BoT-IoT,0.25,43,topogcl,1904,,,0.3105652928352356,1
NF-BoT-IoT,0.25,43,topogcl,1905,,,0.11228617280721664,1
NF-BoT-IoT,0.25,43,topogcl,1906,,,0.2981686294078827,1
NF-BoT-IoT,0.25,43,topogcl,1907,,,0.3075051009654999,1
NF-BoT-IoT,0.25,43,topogcl,1908,,,0.8291000723838806,1
NF-BoT-IoT,0.25,43,topogcl,1909,,,0.32152554392814636,0
NF-BoT-IoT,0.25,43,topogcl,1910,,,0.5299732685089111,1
NF-BoT-IoT,0.25,43,topogcl,1911,,,2.087974786758423,1
NF-BoT-IoT,0.25,43,topogcl,1912,,,0.48474541306495667,0
NF-BoT-IoT,0.25,43,topogcl,1913,,,0.49597445130348206,1
NF-BoT-IoT,0.25,43,topogcl,1914,,,0.4954548180103302,1
NF-BoT-IoT,0.25,43,topogcl,1915,,,0.348354697227478,1
NF-BoT-IoT,0.25,43,topogcl,1916,,,0.3462403118610382,0
NF-BoT-IoT,0.25,43,topogcl,1917,,,0.2596406042575836,1
NF-BoT-IoT,0.25,43,topogcl,1918,,,0.4232949912548065,0
NF-BoT-IoT,0.25,43,topogcl,1919,,,0.35288673639297485,1
NF-BoT-IoT,0.25,43,topogcl,1920,,,1.962983250617981,1
NF-BoT-IoT,0.25,43,topogcl,1921,,,0.43676117062568665,1
NF-BoT-IoT,0.25,43,topogcl,1922,,,0.35426199436187744,1
NF-BoT-IoT,0.25,43,topogcl,1923,,,0.35723623633384705,1
NF-BoT-IoT,0.25,43,topogcl,1924,,,0.6455225944519043,1
NF-BoT-IoT,0.25,43,topogcl,1925,,,0.5998399257659912,0
NF-BoT-IoT,0.25,43,topogcl,1926,,,0.4467921555042267,0
NF-BoT-IoT,0.25,43,topogcl,1927,,,0.44837209582328796,0
NF-BoT-IoT,0.25,43,topogcl,1928,,,0.2750578820705414,0
NF-BoT-IoT,0.25,43,topogcl,1929,,,0.404815137386322,1
NF-BoT-IoT,0.25,43,topogcl,1930,,,0.35549038648605347,1
NF-BoT-IoT,0.25,43,topogcl,1931,,,0.35915014147758484,1
NF-BoT-IoT,0.25,43,topogcl,1932,,,0.34085020422935486,1
NF-BoT-IoT,0.25,43,topogcl,1933,,,0.7054696083068848,1
NF-BoT-IoT,0.25,43,topogcl,1934,,,0.3507479131221771,1
NF-BoT-IoT,0.25,43,topogcl,1935,,,0.3381251096725464,0
NF-BoT-IoT,0.25,43,topogcl,1936,,,0.7497880458831787,1
NF-BoT-IoT,0.25,43,topogcl,1937,,,0.5393865704536438,1
NF-BoT-IoT,0.25,43,topogcl,1938,,,0.25456956028938293,1
NF-BoT-IoT,0.25,43,topogcl,1939,,,1.0028640031814575,1
NF-BoT-IoT,0.25,43,topogcl,1940,,,1.040744423866272,1
NF-BoT-IoT,0.25,43,topogcl,1941,,,0.2813183069229126,1
NF-BoT-IoT,0.25,43,topogcl,1942,,,1.0657293796539307,1
NF-BoT-IoT,0.25,43,topogcl,1943,,,0.31334030628204346,1
NF-BoT-IoT,0.25,43,topogcl,1944,,,1.1414717435836792,1
NF-BoT-IoT,0.25,43,topogcl,1945,,,1.0389043092727661,0
NF-BoT-IoT,0.25,43,topogcl,1946,,,0.3164215087890625,0
NF-BoT-IoT,0.25,43,topogcl,1947,,,1.0191904306411743,1
NF-BoT-IoT,0.25,43,topogcl,1948,,,0.33237573504447937,1
NF-BoT-IoT,0.25,43,topogcl,1949,,,1.1386160850524902,1
NF-BoT-IoT,0.25,43,topogcl,1950,,,0.34131747484207153,1
NF-BoT-IoT,0.25,43,topogcl,1951,,,0.3460729122161865,1
NF-BoT-IoT,0.25,43,topogcl,1952,,,0.971001923084259,1
NF-BoT-IoT,0.25,43,topogcl,1953,,,0.24283413589000702,0
NF-BoT-IoT,0.25,43,topogcl,1954,,,0.45452600717544556,0
NF-BoT-IoT,0.25,43,topogcl,1955,,,0.21866315603256226,1
NF-BoT-IoT,0.25,43,topogcl,1956,,,0.32103273272514343,0
NF-BoT-IoT,0.25,43,topogcl,1957,,,0.3531343638896942,1
NF-BoT-IoT,0.25,43,topogcl,1958,,,0.3542079031467438,1
NF-BoT-IoT,0.25,43,topogcl,1959,,,1.119652509689331,1
NF-BoT-IoT,0.25,43,topogcl,1960,,,0.29856541752815247,1
NF-BoT-IoT,0.25,43,topogcl,1961,,,0.35718613862991333,1
NF-BoT-IoT,0.25,43,topogcl,1962,,,0.39478763937950134,1
NF-BoT-IoT,0.25,43,topogcl,1963,,,1.1101893186569214,1
NF-BoT-IoT,0.25,43,topogcl,1964,,,0.2987200617790222,1
NF-BoT-IoT,0.25,43,topogcl,1965,,,0.41258177161216736,1
NF-BoT-IoT,0.25,43,topogcl,1966,,,0.3582785129547119,1
NF-BoT-IoT,0.25,43,topogcl,1967,,,0.35471031069755554,1
NF-BoT-IoT,0.25,43,topogcl,1968,,,1.2796669006347656,0
NF-BoT-IoT,0.25,43,topogcl,1969,,,0.34641796350479126,1
NF-BoT-IoT,0.25,43,topogcl,1970,,,0.3742830157279968,0
NF-BoT-IoT,0.25,43,topogcl,1971,,,0.33071500062942505,0
NF-BoT-IoT,0.25,43,topogcl,1972,,,1.0530636310577393,1
NF-BoT-IoT,0.25,43,topogcl,1973,,,0.7287269830703735,1
NF-BoT-IoT,0.25,43,topogcl,1974,,,1.532570481300354,1
NF-BoT-IoT,0.25,43,topogcl,1975,,,0.33845457434654236,1
NF-BoT-IoT,0.25,43,topogcl,1976,,,0.2552216053009033,1
NF-BoT-IoT,0.25,43,topogcl,1977,,,0.35101059079170227,1
NF-BoT-IoT,0.25,43,topogcl,1978,,,0.3534368872642517,1
NF-BoT-IoT,0.25,43,topogcl,1979,,,0.3534300625324249,0
NF-BoT-IoT,0.25,43,topogcl,1980,,,0.4524688422679901,1
NF-BoT-IoT,0.25,43,topogcl,1981,,,0.7747310400009155,1
NF-BoT-IoT,0.25,43,topogcl,1982,,,0.4225309193134308,1
NF-BoT-IoT,0.25,43,topogcl,1983,,,0.8023266196250916,1
NF-BoT-IoT,0.25,43,topogcl,1984,,,0.4440825581550598,1
NF-BoT-IoT,0.25,43,topogcl,1985,,,0.30003267526626587,1
NF-BoT-IoT,0.25,43,topogcl,1986,,,0.5985828638076782,1
NF-BoT-IoT,0.25,43,topogcl,1987,,,1.007462739944458,1
NF-BoT-IoT,0.25,43,topogcl,1988,,,1.5377172231674194,1
NF-BoT-IoT,0.25,43,topogcl,1989,,,0.3403860926628113,1
NF-BoT-IoT,0.25,43,topogcl,1990,,,0.4262605905532837,1
NF-BoT-IoT,0.25,43,topogcl,1991,,,0.3420243263244629,1
NF-BoT-IoT,0.25,43,topogcl,1992,,,0.7246863842010498,1
NF-BoT-IoT,0.25,43,topogcl,1993,,,0.3215157985687256,1
NF-BoT-IoT,0.25,43,topogcl,1994,,,0.34828314185142517,1
NF-BoT-IoT,0.25,43,topogcl,1995,,,0.21825940907001495,1
NF-BoT-IoT,0.25,43,topogcl,1996,,,0.28499430418014526,1
NF-BoT-IoT,0.25,43,topogcl,1997,,,0.24353189766407013,1
NF-BoT-IoT,0.25,43,topogcl,1998,,,0.3215162754058838,0
NF-BoT-IoT,0.25,43,topogcl,1999,,,0.6030381321907043,1
NF-BoT-IoT,0.25,43,topogcl,2000,,,0.3531560003757477,1
NF-BoT-IoT,0.25,43,topogcl,2001,,,0.361675888299942,1
NF-BoT-IoT,0.25,43,topogcl,2002,,,0.2819218635559082,1
NF-BoT-IoT,0.25,43,topogcl,2003,,,0.6828861832618713,1
NF-BoT-IoT,0.25,43,topogcl,2004,,,0.240585058927536,1
NF-BoT-IoT,0.25,43,topogcl,2005,,,0.6041415929794312,1
NF-BoT-IoT,0.25,43,topogcl,2006,,,0.196251779794693,1
NF-BoT-IoT,0.25,43,topogcl,2007,,,1.0037916898727417,1
NF-BoT-IoT,0.25,43,topogcl,2008,,,0.1487336903810501,0
NF-BoT-IoT,0.25,43,topogcl,2009,,,0.33626580238342285,1
NF-BoT-IoT,0.25,43,topogcl,2010,,,0.35726654529571533,1
NF-BoT-IoT,0.25,43,topogcl,2011,,,0.4257461726665497,0
NF-BoT-IoT,0.25,43,topogcl,2012,,,0.2195548117160797,1
NF-BoT-IoT,0.25,43,topogcl,2013,,,0.5185643434524536,1
NF-BoT-IoT,0.25,43,topogcl,2014,,,0.4555666148662567,0
NF-BoT-IoT,0.25,43,topogcl,2015,,,0.35293352603912354,0
NF-BoT-IoT,0.25,43,topogcl,2016,,,0.31678062677383423,1
NF-BoT-IoT,0.25,43,topogcl,2017,,,0.35452765226364136,1
NF-BoT-IoT,0.25,43,topogcl,2018,,,0.3482101261615753,1
NF-BoT-IoT,0.25,43,topogcl,2019,,,0.3584432005882263,1
NF-BoT-IoT,0.25,43,topogcl,2020,,,0.3275968134403229,0
NF-BoT-IoT,0.25,43,topogcl,2021,,,0.20281317830085754,1
NF-BoT-IoT,0.25,43,topogcl,2022,,,0.18085089325904846,1
NF-BoT-IoT,0.25,43,topogcl,2023,,,0.3482785224914551,1
NF-BoT-IoT,0.25,43,topogcl,2024,,,0.3539898693561554,1
NF-BoT-IoT,0.25,43,topogcl,2025,,,0.25744202733039856,1
NF-BoT-IoT,0.25,43,topogcl,2026,,,0.975227952003479,1
NF-BoT-IoT,0.25,43,topogcl,2027,,,2.844120979309082,1
NF-BoT-IoT,0.25,43,topogcl,2028,,,0.3474619388580322,1
NF-BoT-IoT,0.25,43,topogcl,2029,,,0.2605627179145813,1
NF-BoT-IoT,0.25,43,topogcl,2030,,,0.40820029377937317,1
NF-BoT-IoT,0.25,43,topogcl,2031,,,1.2872124910354614,0
NF-BoT-IoT,0.25,43,topogcl,2032,,,1.2061156034469604,1
NF-BoT-IoT,0.25,43,topogcl,2033,,,1.0641546249389648,1
NF-BoT-IoT,0.25,43,topogcl,2034,,,1.6328661441802979,1
NF-BoT-IoT,0.25,43,topogcl,2035,,,0.23871901631355286,0
NF-BoT-IoT,0.25,43,topogcl,2036,,,0.3536968231201172,1
NF-BoT-IoT,0.25,43,topogcl,2037,,,2.2774457931518555,1
NF-BoT-IoT,0.25,43,topogcl,2038,,,0.34083911776542664,1
NF-BoT-IoT,0.25,43,topogcl,2039,,,0.52820885181427,0
NF-BoT-IoT,0.25,43,topogcl,2040,,,0.38770923018455505,1
NF-BoT-IoT,0.25,43,topogcl,2041,,,1.011249303817749,1
NF-BoT-IoT,0.25,43,topogcl,2042,,,0.6993774175643921,1
NF-BoT-IoT,0.25,43,topogcl,2043,,,0.35371842980384827,1
NF-BoT-IoT,0.25,43,topogcl,2044,,,1.3135504722595215,1
NF-BoT-IoT,0.25,43,topogcl,2045,,,0.35578951239585876,1
NF-BoT-IoT,0.25,43,topogcl,2046,,,0.7714352607727051,1
NF-BoT-IoT,0.25,43,topogcl,2047,,,0.14264729619026184,1
NF-BoT-IoT,0.25,43,topogcl,2048,,,0.35288673639297485,1
NF-BoT-IoT,0.25,43,topogcl,2049,,,1.0069364309310913,1
NF-BoT-IoT,0.25,43,topogcl,2050,,,0.15219104290008545,1
NF-BoT-IoT,0.25,43,topogcl,2051,,,0.38839319348335266,1
NF-BoT-IoT,0.25,43,topogcl,2052,,,0.3497219681739807,1
NF-BoT-IoT,0.25,43,topogcl,2053,,,0.3506666421890259,1
NF-BoT-IoT,0.25,43,topogcl,2054,,,0.20216931402683258,1
NF-BoT-IoT,0.25,43,topogcl,2055,,,0.8330976366996765,1
NF-BoT-IoT,0.25,43,topogcl,2056,,,0.3541722893714905,1
NF-BoT-IoT,0.25,43,topogcl,2057,,,1.2526195049285889,1
NF-BoT-IoT,0.25,43,topogcl,2058,,,1.1334153413772583,1
NF-BoT-IoT,0.25,43,topogcl,2059,,,0.4564058184623718,1
NF-BoT-IoT,0.25,43,topogcl,2060,,,0.38170111179351807,1
NF-BoT-IoT,0.25,43,topogcl,2061,,,0.3406177759170532,1
NF-BoT-IoT,0.25,43,topogcl,2062,,,1.4003708362579346,1
NF-BoT-IoT,0.25,43,topogcl,2063,,,0.7253409624099731,1
NF-BoT-IoT,0.25,43,topogcl,2064,,,0.2582320272922516,1
NF-BoT-IoT,0.25,43,topogcl,2065,,,0.34705522656440735,1
NF-BoT-IoT,0.25,43,topogcl,2066,,,0.4552803635597229,1
NF-BoT-IoT,0.25,43,topogcl,2067,,,0.3586256206035614,1
NF-BoT-IoT,0.25,43,topogcl,2068,,,0.6163371205329895,1
NF-BoT-IoT,0.25,43,topogcl,2069,,,0.3406177759170532,1
NF-BoT-IoT,0.25,43,topogcl,2070,,,0.35397547483444214,1
NF-BoT-IoT,0.25,43,topogcl,2071,,,0.40215033292770386,1
NF-BoT-IoT,0.25,43,topogcl,2072,,,1.2296074628829956,1
NF-BoT-IoT,0.25,43,topogcl,2073,,,0.3215157985687256,1
NF-BoT-IoT,0.25,43,topogcl,2074,,,2.9437146186828613,1
NF-BoT-IoT,0.25,43,topogcl,2075,,,0.5104908347129822,1
NF-BoT-IoT,0.25,43,topogcl,2076,,,0.36079099774360657,0
NF-BoT-IoT,0.25,43,topogcl,2077,,,0.4061245024204254,1
NF-BoT-IoT,0.25,43,topogcl,2078,,,0.44896236062049866,0
NF-BoT-IoT,0.25,43,topogcl,2079,,,1.4369351863861084,1
NF-BoT-IoT,0.25,43,topogcl,2080,,,0.3164215087890625,0
NF-BoT-IoT,0.25,43,topogcl,2081,,,0.2399853616952896,1
NF-BoT-IoT,0.25,43,topogcl,2082,,,0.423306405544281,1
NF-BoT-IoT,0.25,43,topogcl,2083,,,0.40476155281066895,1
NF-BoT-IoT,0.25,43,topogcl,2084,,,0.14351409673690796,1
NF-BoT-IoT,0.25,43,topogcl,2085,,,0.6009512543678284,1
NF-BoT-IoT,0.25,43,topogcl,2086,,,0.23104146122932434,0
NF-BoT-IoT,0.25,43,topogcl,2087,,,0.35969170928001404,1
NF-BoT-IoT,0.25,43,topogcl,2088,,,0.3401552438735962,1
NF-BoT-IoT,0.25,43,topogcl,2089,,,0.34869760274887085,0
NF-BoT-IoT,0.25,43,topogcl,2090,,,0.3495236337184906,0
NF-BoT-IoT,0.25,43,topogcl,2091,,,0.31194034218788147,1
NF-BoT-IoT,0.25,43,topogcl,2092,,,2.427973747253418,1
NF-BoT-IoT,0.25,43,topogcl,2093,,,0.5218750834465027,1
NF-BoT-IoT,0.25,43,topogcl,2094,,,0.3788250982761383,1
NF-BoT-IoT,0.25,43,topogcl,2095,,,0.34816938638687134,1
NF-BoT-IoT,0.25,43,topogcl,2096,,,0.2333381623029709,1
NF-BoT-IoT,0.25,43,topogcl,2097,,,0.6582271456718445,1
NF-BoT-IoT,0.25,43,topogcl,2098,,,0.33321553468704224,1
NF-BoT-IoT,0.25,43,topogcl,2099,,,0.34108343720436096,1
NF-BoT-IoT,0.25,43,topogcl,2100,,,0.3399825990200043,1
NF-BoT-IoT,0.25,43,topogcl,2101,,,0.33444496989250183,1
NF-BoT-IoT,0.25,43,topogcl,2102,,,1.1406000852584839,1
NF-BoT-IoT,0.25,43,topogcl,2103,,,0.24050414562225342,1
NF-BoT-IoT,0.25,43,topogcl,2104,,,0.3508923053741455,0
NF-BoT-IoT,0.25,43,topogcl,2105,,,1.016486644744873,1
NF-BoT-IoT,0.25,43,topogcl,2106,,,0.2457752823829651,1
NF-BoT-IoT,0.25,43,topogcl,2107,,,1.1572083234786987,1
NF-BoT-IoT,0.25,43,topogcl,2108,,,0.31641438603401184,0
NF-BoT-IoT,0.25,43,topogcl,2109,,,0.5143323540687561,1
NF-BoT-IoT,0.25,43,topogcl,2110,,,0.2471800595521927,1
NF-BoT-IoT,0.25,43,topogcl,2111,,,0.41272079944610596,1
NF-BoT-IoT,0.25,43,topogcl,2112,,,0.3613526523113251,1
NF-BoT-IoT,0.25,43,topogcl,2113,,,0.26130515336990356,1
NF-BoT-IoT,0.25,43,topogcl,2114,,,0.2498036026954651,1
NF-BoT-IoT,0.25,43,topogcl,2115,,,0.35663047432899475,1
NF-BoT-IoT,0.25,43,topogcl,2116,,,0.3603611886501312,1
NF-BoT-IoT,0.25,43,topogcl,2117,,,0.3695068359375,0
NF-BoT-IoT,0.25,43,topogcl,2118,,,0.3252193331718445,1
NF-BoT-IoT,0.25,43,topogcl,2119,,,0.35425108671188354,1
NF-BoT-IoT,0.25,43,topogcl,2120,,,0.24461284279823303,0
NF-BoT-IoT,0.25,43,topogcl,2121,,,0.3542775511741638,1
NF-BoT-IoT,0.25,43,topogcl,2122,,,1.3053498268127441,1
NF-BoT-IoT,0.25,43,topogcl,2123,,,0.23345187306404114,1
NF-BoT-IoT,0.25,43,topogcl,2124,,,0.9012188911437988,1
NF-BoT-IoT,0.25,43,topogcl,2125,,,0.7236809134483337,1
NF-BoT-IoT,0.25,43,topogcl,2126,,,0.7377623915672302,1
NF-BoT-IoT,0.25,43,topogcl,2127,,,0.7494841814041138,1
NF-BoT-IoT,0.25,43,topogcl,2128,,,1.2788574695587158,1
NF-BoT-IoT,0.25,43,topogcl,2129,,,0.47547483444213867,1
NF-BoT-IoT,0.25,43,topogcl,2130,,,2.065537929534912,1
NF-BoT-IoT,0.25,43,topogcl,2131,,,0.34595024585723877,1
NF-BoT-IoT,0.25,43,topogcl,2132,,,0.2747701406478882,1
NF-BoT-IoT,0.25,43,topogcl,2133,,,0.3449830114841461,1
NF-BoT-IoT,0.25,43,topogcl,2134,,,1.1011711359024048,1
NF-BoT-IoT,0.25,43,topogcl,2135,,,1.0265249013900757,1
NF-BoT-IoT,0.25,43,topogcl,2136,,,0.7282377481460571,1
NF-BoT-IoT,0.25,43,topogcl,2137,,,0.27748093008995056,1
NF-BoT-IoT,0.25,43,topogcl,2138,,,0.2523685097694397,1
NF-BoT-IoT,0.25,43,topogcl,2139,,,0.35914352536201477,1
NF-BoT-IoT,0.25,43,topogcl,2140,,,1.0012112855911255,1
NF-BoT-IoT,0.25,43,topogcl,2141,,,0.44510015845298767,0
NF-BoT-IoT,0.25,43,topogcl,2142,,,0.2547818720340729,0
NF-BoT-IoT,0.25,43,topogcl,2143,,,0.35422956943511963,1
NF-BoT-IoT,0.25,43,topogcl,2144,,,0.43352001905441284,0
NF-BoT-IoT,0.25,43,topogcl,2145,,,0.5564004778862,1
NF-BoT-IoT,0.25,43,topogcl,2146,,,0.5229691863059998,1
NF-BoT-IoT,0.25,43,topogcl,2147,,,0.42820146679878235,1
NF-BoT-IoT,0.25,43,topogcl,2148,,,0.3215157985687256,0
NF-BoT-IoT,0.25,43,topogcl,2149,,,0.3406067490577698,1
NF-BoT-IoT,0.25,43,topogcl,2150,,,0.6014345288276672,1
NF-BoT-IoT,0.25,43,topogcl,2151,,,1.109786868095398,1
NF-BoT-IoT,0.25,43,topogcl,2152,,,1.0738298892974854,1
NF-BoT-IoT,0.25,43,topogcl,2153,,,0.0910797268152237,1
NF-BoT-IoT,0.25,43,topogcl,2154,,,0.22788159549236298,1
NF-BoT-IoT,0.25,43,topogcl,2155,,,0.36108577251434326,1
NF-BoT-IoT,0.25,43,topogcl,2156,,,2.0921390056610107,1
NF-BoT-IoT,0.25,43,topogcl,2157,,,1.0589908361434937,1
NF-BoT-IoT,0.25,43,topogcl,2158,,,0.819362223148346,1
NF-BoT-IoT,0.25,43,topogcl,2159,,,0.37736839056015015,0
NF-BoT-IoT,0.25,43,topogcl,2160,,,0.3184390068054199,0
NF-BoT-IoT,0.25,43,topogcl,2161,,,0.2547341585159302,1
NF-BoT-IoT,0.25,43,topogcl,2162,,,0.41758596897125244,1
NF-BoT-IoT,0.25,43,topogcl,2163,,,0.31641438603401184,0
NF-BoT-IoT,0.25,43,topogcl,2164,,,1.0185177326202393,1
NF-BoT-IoT,0.25,43,topogcl,2165,,,0.4979413151741028,0
NF-BoT-IoT,0.25,43,topogcl,2166,,,1.1131199598312378,1
NF-BoT-IoT,0.25,43,topogcl,2167,,,1.0159331560134888,1
NF-BoT-IoT,0.25,43,topogcl,2168,,,0.3215201795101166,0
NF-BoT-IoT,0.25,43,topogcl,2169,,,0.6448270678520203,1
NF-BoT-IoT,0.25,43,topogcl,2170,,,0.3523285686969757,1
NF-BoT-IoT,0.25,43,topogcl,2171,,,0.3552408814430237,1
NF-BoT-IoT,0.25,43,topogcl,2172,,,1.1244093179702759,1
NF-BoT-IoT,0.25,43,topogcl,2173,,,0.3596240282058716,1
NF-BoT-IoT,0.25,43,topogcl,2174,,,1.1177024841308594,1
NF-BoT-IoT,0.25,43,topogcl,2175,,,0.27186867594718933,0
NF-BoT-IoT,0.25,43,topogcl,2176,,,0.3452494144439697,1
NF-BoT-IoT,0.25,43,topogcl,2177,,,0.3605647087097168,1
NF-BoT-IoT,0.25,43,topogcl,2178,,,1.9226242303848267,1
NF-BoT-IoT,0.25,43,topogcl,2179,,,0.36042940616607666,1
NF-BoT-IoT,0.25,43,topogcl,2180,,,0.24554060399532318,0
NF-BoT-IoT,0.25,43,topogcl,2181,,,0.1425204873085022,1
NF-BoT-IoT,0.25,43,topogcl,2182,,,0.16404704749584198,0
NF-BoT-IoT,0.25,43,topogcl,2183,,,0.3531668782234192,1
NF-BoT-IoT,0.25,43,topogcl,2184,,,0.6533077955245972,1
NF-BoT-IoT,0.25,43,topogcl,2185,,,0.4560448229312897,0
NF-BoT-IoT,0.25,43,topogcl,2186,,,0.6774950623512268,1
NF-BoT-IoT,0.25,43,topogcl,2187,,,0.24127960205078125,1
NF-BoT-IoT,0.25,43,topogcl,2188,,,0.5124982595443726,1
NF-BoT-IoT,0.25,43,topogcl,2189,,,0.27342304587364197,1
NF-BoT-IoT,0.25,43,topogcl,2190,,,0.3577311038970947,1
NF-BoT-IoT,0.25,43,topogcl,2191,,,0.4573861360549927,1
NF-BoT-IoT,0.25,43,topogcl,2192,,,0.24533098936080933,1
NF-BoT-IoT,0.25,43,topogcl,2193,,,0.3324569761753082,1
NF-BoT-IoT,0.25,43,topogcl,2194,,,0.274720698595047,1
NF-BoT-IoT,0.25,43,topogcl,2195,,,0.34281182289123535,1
NF-BoT-IoT,0.25,43,topogcl,2196,,,0.3096918761730194,1
NF-BoT-IoT,0.25,43,topogcl,2197,,,0.4253354072570801,1
NF-BoT-IoT,0.25,43,topogcl,2198,,,1.2080224752426147,1
NF-BoT-IoT,0.25,43,topogcl,2199,,,0.3520185649394989,1
NF-BoT-IoT,0.25,43,topogcl,2200,,,0.24298454821109772,1
NF-BoT-IoT,0.25,43,topogcl,2201,,,0.3536621034145355,1
NF-BoT-IoT,0.25,43,topogcl,2202,,,1.0252814292907715,1
NF-BoT-IoT,0.25,43,topogcl,2203,,,0.2667604684829712,0
NF-BoT-IoT,0.25,43,topogcl,2204,,,0.6258713006973267,1
NF-BoT-IoT,0.25,43,topogcl,2205,,,1.054422378540039,1
NF-BoT-IoT,0.25,43,topogcl,2206,,,1.3139498233795166,1
NF-BoT-IoT,0.25,43,topogcl,2207,,,1.0653384923934937,1
NF-BoT-IoT,0.25,43,topogcl,2208,,,0.3260820806026459,0
NF-BoT-IoT,0.25,43,topogcl,2209,,,0.3584330379962921,1
NF-BoT-IoT,0.25,43,topogcl,2210,,,0.24813108146190643,1
NF-BoT-IoT,0.25,43,topogcl,2211,,,0.7333309650421143,1
NF-BoT-IoT,0.25,43,topogcl,2212,,,0.7012981176376343,1
NF-BoT-IoT,0.25,43,topogcl,2213,,,0.35452401638031006,1
NF-BoT-IoT,0.25,43,topogcl,2214,,,0.3323674201965332,1
NF-BoT-IoT,0.25,43,topogcl,2215,,,2.420987844467163,1
NF-BoT-IoT,0.25,43,topogcl,2216,,,2.4381887912750244,1
NF-BoT-IoT,0.25,43,topogcl,2217,,,0.5961906909942627,1
NF-BoT-IoT,0.25,43,topogcl,2218,,,1.2455663681030273,1
NF-BoT-IoT,0.25,43,topogcl,2219,,,0.40334179997444153,1
NF-BoT-IoT,0.25,43,topogcl,2220,,,0.22650684416294098,1
NF-BoT-IoT,0.25,43,topogcl,2221,,,0.3593868911266327,1
NF-BoT-IoT,0.25,43,topogcl,2222,,,1.1387195587158203,1
NF-BoT-IoT,0.25,43,topogcl,2223,,,0.3215157985687256,0
NF-BoT-IoT,0.25,43,topogcl,2224,,,0.4558979272842407,0
NF-BoT-IoT,0.25,43,topogcl,2225,,,0.8023645877838135,1
NF-BoT-IoT,0.25,43,topogcl,2226,,,0.9865137338638306,1
NF-BoT-IoT,0.25,43,topogcl,2227,,,0.2650721073150635,1
NF-BoT-IoT,0.25,43,topogcl,2228,,,0.43668660521507263,1
NF-BoT-IoT,0.25,43,topogcl,2229,,,0.2590528726577759,1
NF-BoT-IoT,0.25,43,topogcl,2230,,,0.40146708488464355,1
NF-BoT-IoT,0.25,43,topogcl,2231,,,1.1836432218551636,1
NF-BoT-IoT,0.25,43,topogcl,2232,,,0.36157169938087463,1
NF-BoT-IoT,0.25,43,topogcl,2233,,,0.3495514392852783,0
NF-BoT-IoT,0.25,43,topogcl,2234,,,0.46662038564682007,1
NF-BoT-IoT,0.25,43,topogcl,2235,,,0.2523764669895172,1
NF-BoT-IoT,0.25,43,topogcl,2236,,,0.25952449440956116,0
NF-BoT-IoT,0.25,43,topogcl,2237,,,0.3513076603412628,1
NF-BoT-IoT,0.25,43,topogcl,2238,,,0.25696876645088196,1
NF-BoT-IoT,0.25,43,topogcl,2239,,,0.2647266685962677,1
NF-BoT-IoT,0.25,43,topogcl,2240,,,0.23549772799015045,0
NF-BoT-IoT,0.25,43,topogcl,2241,,,0.3563653826713562,0
NF-BoT-IoT,0.25,43,topogcl,2242,,,0.3982625901699066,0
NF-BoT-IoT,0.25,43,topogcl,2243,,,1.1759947538375854,1
NF-BoT-IoT,0.25,43,topogcl,2244,,,0.37792420387268066,0
NF-BoT-IoT,0.25,43,topogcl,2245,,,0.35288113355636597,1
NF-BoT-IoT,0.25,43,topogcl,2246,,,1.1808509826660156,1
NF-BoT-IoT,0.25,43,topogcl,2247,,,0.35235026478767395,1
NF-BoT-IoT,0.25,43,topogcl,2248,,,0.44172102212905884,1
NF-BoT-IoT,0.25,43,topogcl,2249,,,0.22179506719112396,1
NF-BoT-IoT,0.25,43,topogcl,2250,,,0.3687646687030792,0
NF-BoT-IoT,0.25,43,topogcl,2251,,,2.470980644226074,1
NF-BoT-IoT,0.25,43,topogcl,2252,,,0.6071961522102356,1
NF-BoT-IoT,0.25,43,topogcl,2253,,,0.33835697174072266,0
NF-BoT-IoT,0.25,43,topogcl,2254,,,1.1337238550186157,0
NF-BoT-IoT,0.25,43,topogcl,2255,,,1.2956281900405884,1
NF-BoT-IoT,0.25,43,topogcl,2256,,,1.0733919143676758,1
NF-BoT-IoT,0.25,43,topogcl,2257,,,0.2494165003299713,1
NF-BoT-IoT,0.25,43,topogcl,2258,,,0.3588492274284363,1
NF-BoT-IoT,0.25,43,topogcl,2259,,,0.3572380840778351,1
NF-BoT-IoT,0.25,43,topogcl,2260,,,0.2657771110534668,1
NF-BoT-IoT,0.25,43,topogcl,2261,,,1.282342791557312,1
NF-BoT-IoT,0.25,43,topogcl,2262,,,0.34382370114326477,1
NF-BoT-IoT,0.25,43,topogcl,2263,,,0.22586065530776978,0
NF-BoT-IoT,0.25,43,topogcl,2264,,,3.966195583343506,1
NF-BoT-IoT,0.25,43,topogcl,2265,,,1.128389596939087,1
NF-BoT-IoT,0.25,43,topogcl,2266,,,0.24428167939186096,1
NF-BoT-IoT,0.25,43,topogcl,2267,,,0.3550960421562195,1
NF-BoT-IoT,0.25,43,topogcl,2268,,,0.3590952754020691,0
NF-BoT-IoT,0.25,43,topogcl,2269,,,0.4926757216453552,1
NF-BoT-IoT,0.25,43,topogcl,2270,,,0.3414781987667084,1
NF-BoT-IoT,0.25,43,topogcl,2271,,,0.3001610338687897,1
NF-BoT-IoT,0.25,43,topogcl,2272,,,0.34893351793289185,1
NF-BoT-IoT,0.25,43,topogcl,2273,,,0.4550926387310028,0
NF-BoT-IoT,0.25,43,topogcl,2274,,,0.357320100069046,0
NF-BoT-IoT,0.25,43,topogcl,2275,,,0.8023757934570312,0
NF-BoT-IoT,0.25,43,topogcl,2276,,,0.25889939069747925,1
NF-BoT-IoT,0.25,43,topogcl,2277,,,1.1354252099990845,0
NF-BoT-IoT,0.25,43,topogcl,2278,,,0.36238476634025574,1
NF-BoT-IoT,0.25,43,topogcl,2279,,,0.324570894241333,1
NF-BoT-IoT,0.25,43,topogcl,2280,,,0.3215441405773163,1
NF-BoT-IoT,0.25,43,topogcl,2281,,,0.4014403522014618,1
NF-BoT-IoT,0.25,43,topogcl,2282,,,0.40693652629852295,1
NF-BoT-IoT,0.25,43,topogcl,2283,,,0.42480334639549255,1
NF-BoT-IoT,0.25,43,topogcl,2284,,,1.0304049253463745,1
NF-BoT-IoT,0.25,43,topogcl,2285,,,0.3568143844604492,1
NF-BoT-IoT,0.25,43,topogcl,2286,,,0.19775375723838806,1
NF-BoT-IoT,0.25,43,topogcl,2287,,,1.123901128768921,1
NF-BoT-IoT,0.25,43,topogcl,2288,,,0.3334141969680786,0
NF-BoT-IoT,0.25,43,topogcl,2289,,,0.3517197072505951,0
NF-BoT-IoT,0.25,43,topogcl,2290,,,0.44869494438171387,1
NF-BoT-IoT,0.25,43,topogcl,2291,,,0.321540504693985,0
NF-BoT-IoT,0.25,43,topogcl,2292,,,0.9833644032478333,1
NF-BoT-IoT,0.25,43,topogcl,2293,,,1.497694492340088,1
NF-BoT-IoT,0.25,43,topogcl,2294,,,0.2511010766029358,1
NF-BoT-IoT,0.25,43,topogcl,2295,,,0.47207021713256836,1
NF-BoT-IoT,0.25,43,topogcl,2296,,,0.5474444031715393,1
NF-BoT-IoT,0.25,43,topogcl,2297,,,0.4530467689037323,0
NF-BoT-IoT,0.25,43,topogcl,2298,,,0.9880629777908325,1
NF-BoT-IoT,0.25,43,topogcl,2299,,,0.47460177540779114,1
NF-BoT-IoT,0.25,43,topogcl,2300,,,0.2949942648410797,1
NF-BoT-IoT,0.25,43,topogcl,2301,,,0.34868675470352173,0
NF-BoT-IoT,0.25,43,topogcl,2302,,,0.35318684577941895,0
NF-BoT-IoT,0.25,43,topogcl,2303,,,0.7137928605079651,1
NF-BoT-IoT,0.25,43,topogcl,2304,,,0.3094806373119354,0
NF-BoT-IoT,0.25,43,topogcl,2305,,,0.3515063524246216,1
NF-BoT-IoT,0.25,43,topogcl,2306,,,0.18340519070625305,1
NF-BoT-IoT,0.25,43,topogcl,2307,,,1.359251856803894,1
NF-BoT-IoT,0.25,43,topogcl,2308,,,0.343932569026947,1
NF-BoT-IoT,0.25,43,topogcl,2309,,,0.34126123785972595,1
NF-BoT-IoT,0.25,43,topogcl,2310,,,0.23999154567718506,0
NF-BoT-IoT,0.25,43,topogcl,2311,,,0.579423189163208,1
NF-BoT-IoT,0.25,43,topogcl,2312,,,0.30137863755226135,0
NF-BoT-IoT,0.25,43,topogcl,2313,,,0.807655930519104,1
NF-BoT-IoT,0.25,43,topogcl,2314,,,0.25862541794776917,1
NF-BoT-IoT,0.25,43,topogcl,2315,,,0.34580689668655396,1
NF-BoT-IoT,0.25,43,topogcl,2316,,,0.5263577103614807,1
NF-BoT-IoT,0.25,43,topogcl,2317,,,2.685385227203369,1
NF-BoT-IoT,0.25,43,topogcl,2318,,,0.32152944803237915,0
NF-BoT-IoT,0.25,43,topogcl,2319,,,1.0234947204589844,1
NF-BoT-IoT,0.25,43,topogcl,2320,,,0.3774253726005554,0
NF-BoT-IoT,0.25,43,topogcl,2321,,,0.4632125794887543,1
NF-BoT-IoT,0.25,43,topogcl,2322,,,0.3417879045009613,1
NF-BoT-IoT,0.25,43,topogcl,2323,,,0.1629595160484314,1
NF-BoT-IoT,0.25,43,topogcl,2324,,,0.25056400895118713,0
NF-BoT-IoT,0.25,43,topogcl,2325,,,0.3445420265197754,1
NF-BoT-IoT,0.25,43,topogcl,2326,,,0.24229921400547028,1
NF-BoT-IoT,0.25,43,topogcl,2327,,,0.7528265118598938,1
NF-BoT-IoT,0.25,43,topogcl,2328,,,1.0311778783798218,1
NF-BoT-IoT,0.25,43,topogcl,2329,,,0.45516297221183777,0
NF-BoT-IoT,0.25,43,topogcl,2330,,,0.3572767674922943,0
NF-BoT-IoT,0.25,43,topogcl,2331,,,1.2349216938018799,1
NF-BoT-IoT,0.25,43,topogcl,2332,,,0.3566533923149109,1
NF-BoT-IoT,0.25,43,topogcl,2333,,,0.3574986755847931,1
NF-BoT-IoT,0.25,43,topogcl,2334,,,0.263134628534317,0
NF-BoT-IoT,0.25,43,topogcl,2335,,,0.4116540849208832,1
NF-BoT-IoT,0.25,43,topogcl,2336,,,1.2837333679199219,1
NF-BoT-IoT,0.25,43,topogcl,2337,,,0.3158649504184723,1
NF-BoT-IoT,0.25,43,topogcl,2338,,,1.288568139076233,1
NF-BoT-IoT,0.25,43,topogcl,2339,,,0.35962438583374023,1
NF-BoT-IoT,0.25,43,topogcl,2340,,,0.35493138432502747,1
NF-BoT-IoT,0.25,43,topogcl,2341,,,0.35289743542671204,1
NF-BoT-IoT,0.25,43,topogcl,2342,,,0.3556964099407196,1
NF-BoT-IoT,0.25,43,topogcl,2343,,,0.3487056493759155,1
NF-BoT-IoT,0.25,43,topogcl,2344,,,0.7052940130233765,1
NF-BoT-IoT,0.25,43,topogcl,2345,,,1.0298619270324707,1
NF-BoT-IoT,0.25,43,topogcl,2346,,,0.2544756233692169,1
NF-BoT-IoT,0.25,43,topogcl,2347,,,0.10510306805372238,1
NF-BoT-IoT,0.25,43,topogcl,2348,,,1.0575356483459473,1
NF-BoT-IoT,0.25,43,topogcl,2349,,,0.3582459092140198,1
NF-BoT-IoT,0.25,43,topogcl,2350,,,0.3504589796066284,0
NF-BoT-IoT,0.25,43,topogcl,2351,,,0.31480368971824646,1
NF-BoT-IoT,0.25,43,topogcl,2352,,,0.38324272632598877,0
NF-BoT-IoT,0.25,43,topogcl,2353,,,0.6411188840866089,1
NF-BoT-IoT,0.25,43,topogcl,2354,,,1.246252179145813,1
NF-BoT-IoT,0.25,43,topogcl,2355,,,0.3486705720424652,1
NF-BoT-IoT,0.25,43,topogcl,2356,,,0.23295091092586517,1
NF-BoT-IoT,0.25,43,topogcl,2357,,,0.35127928853034973,0
NF-BoT-IoT,0.25,43,topogcl,2358,,,0.35282835364341736,0
NF-BoT-IoT,0.25,43,topogcl,2359,,,0.35382840037345886,1
NF-BoT-IoT,0.25,43,topogcl,2360,,,0.42995941638946533,0
NF-BoT-IoT,0.25,43,topogcl,2361,,,0.4406125247478485,1
NF-BoT-IoT,0.25,43,topogcl,2362,,,0.3113281726837158,1
NF-BoT-IoT,0.25,43,topogcl,2363,,,0.24665139615535736,1
NF-BoT-IoT,0.25,43,topogcl,2364,,,1.4207004308700562,1
NF-BoT-IoT,0.25,43,topogcl,2365,,,0.35967475175857544,1
NF-BoT-IoT,0.25,43,topogcl,2366,,,0.3573589622974396,0
NF-BoT-IoT,0.25,43,topogcl,2367,,,1.1324326992034912,1
NF-BoT-IoT,0.25,43,topogcl,2368,,,0.2712011933326721,1
NF-BoT-IoT,0.25,43,topogcl,2369,,,0.9853079319000244,1
NF-BoT-IoT,0.25,43,topogcl,2370,,,0.33404213190078735,0
NF-BoT-IoT,0.25,43,topogcl,2371,,,0.3591749668121338,1
NF-BoT-IoT,0.25,43,topogcl,2372,,,2.3040072917938232,1
NF-BoT-IoT,0.25,43,topogcl,2373,,,0.3519204258918762,0
NF-BoT-IoT,0.25,43,topogcl,2374,,,0.4187318980693817,1
NF-BoT-IoT,0.25,43,topogcl,2375,,,0.3392329216003418,0
NF-BoT-IoT,0.25,43,topogcl,2376,,,1.1414611339569092,1
NF-BoT-IoT,0.25,43,topogcl,2377,,,3.3222315311431885,1
NF-BoT-IoT,0.25,43,topogcl,2378,,,0.4054783582687378,1
NF-BoT-IoT,0.25,43,topogcl,2379,,,0.3268877863883972,1
NF-BoT-IoT,0.25,43,topogcl,2380,,,1.2198131084442139,1
NF-BoT-IoT,0.25,43,topogcl,2381,,,0.3197011947631836,1
NF-BoT-IoT,0.25,43,topogcl,2382,,,0.5325815081596375,1
NF-BoT-IoT,0.25,43,topogcl,2383,,,0.2729516327381134,1
NF-BoT-IoT,0.25,43,topogcl,2384,,,0.35407957434654236,1
NF-BoT-IoT,0.25,43,topogcl,2385,,,0.5621070861816406,1
NF-BoT-IoT,0.25,43,topogcl,2386,,,0.30553585290908813,1
NF-BoT-IoT,0.25,43,topogcl,2387,,,0.3215157985687256,1
NF-BoT-IoT,0.25,43,topogcl,2388,,,0.3526397943496704,1
NF-BoT-IoT,0.25,43,topogcl,2389,,,0.35404151678085327,1
NF-BoT-IoT,0.25,43,topogcl,2390,,,0.626484751701355,1
NF-BoT-IoT,0.25,43,topogcl,2391,,,0.3114124536514282,1
NF-BoT-IoT,0.25,43,topogcl,2392,,,0.35445934534072876,1
NF-BoT-IoT,0.25,43,topogcl,2393,,,0.3881751000881195,1
NF-BoT-IoT,0.25,43,topogcl,2394,,,0.11646950989961624,0
NF-BoT-IoT,0.25,43,topogcl,2395,,,0.25402671098709106,1
NF-BoT-IoT,0.25,43,topogcl,2396,,,2.86433744430542,1
NF-BoT-IoT,0.25,43,topogcl,2397,,,1.5380760431289673,1
NF-BoT-IoT,0.25,43,topogcl,2398,,,0.3406177759170532,1
NF-BoT-IoT,0.25,43,topogcl,2399,,,0.9107587933540344,1
NF-BoT-IoT,0.25,43,topogcl,2400,,,0.0966440886259079,1
NF-BoT-IoT,0.25,43,topogcl,2401,,,0.35913994908332825,1
NF-BoT-IoT,0.25,43,topogcl,2402,,,0.3518940508365631,1
NF-BoT-IoT,0.25,43,topogcl,2403,,,0.35512325167655945,1
NF-BoT-IoT,0.25,43,topogcl,2404,,,0.35361847281455994,1
NF-BoT-IoT,0.25,43,topogcl,2405,,,0.34143170714378357,1
NF-BoT-IoT,0.25,43,topogcl,2406,,,0.350950688123703,1
NF-BoT-IoT,0.25,43,topogcl,2407,,,0.34891730546951294,0
NF-BoT-IoT,0.25,43,topogcl,2408,,,0.31641122698783875,1
NF-BoT-IoT,0.25,43,topogcl,2409,,,0.31724438071250916,1
NF-BoT-IoT,0.25,43,topogcl,2410,,,2.037670135498047,1
NF-BoT-IoT,0.25,43,topogcl,2411,,,1.022513747215271,1
NF-BoT-IoT,0.25,43,topogcl,2412,,,0.3549470603466034,1
NF-BoT-IoT,0.25,43,topogcl,2413,,,0.3001062572002411,1
NF-BoT-IoT,0.25,43,topogcl,2414,,,0.3494293689727783,1
NF-BoT-IoT,0.25,43,topogcl,2415,,,0.3540678918361664,1
NF-BoT-IoT,0.25,43,topogcl,2416,,,0.3584236204624176,1
NF-BoT-IoT,0.25,43,topogcl,2417,,,0.3270570933818817,1
NF-BoT-IoT,0.25,43,topogcl,2418,,,0.29831334948539734,1
NF-BoT-IoT,0.25,43,topogcl,2419,,,0.9945469498634338,1
NF-BoT-IoT,0.25,43,topogcl,2420,,,0.2820000946521759,1
NF-BoT-IoT,0.25,43,topogcl,2421,,,0.3502439558506012,1
NF-BoT-IoT,0.25,43,topogcl,2422,,,0.3425995111465454,0
NF-BoT-IoT,0.25,43,topogcl,2423,,,0.33535540103912354,1
NF-BoT-IoT,0.25,43,topogcl,2424,,,0.34201329946517944,1
NF-BoT-IoT,0.25,43,topogcl,2425,,,0.43560805916786194,1
NF-BoT-IoT,0.25,43,topogcl,2426,,,0.31042909622192383,1
NF-BoT-IoT,0.25,43,topogcl,2427,,,0.3540074825286865,1
NF-BoT-IoT,0.25,43,topogcl,2428,,,0.3406163454055786,1
NF-BoT-IoT,0.25,43,topogcl,2429,,,0.22657914459705353,1
NF-BoT-IoT,0.25,43,topogcl,2430,,,0.3588601350784302,0
NF-BoT-IoT,0.25,43,topogcl,2431,,,0.1616216003894806,1
NF-BoT-IoT,0.25,43,topogcl,2432,,,0.7069670557975769,0
NF-BoT-IoT,0.25,43,topogcl,2433,,,0.20075727999210358,0
NF-BoT-IoT,0.25,43,topogcl,2434,,,0.34971103072166443,1
NF-BoT-IoT,0.25,43,topogcl,2435,,,0.31736236810684204,0
NF-BoT-IoT,0.25,43,topogcl,2436,,,3.1656711101531982,1
NF-BoT-IoT,0.25,43,topogcl,2437,,,0.9839035868644714,1
NF-BoT-IoT,0.25,43,topogcl,2438,,,0.9937060475349426,1
NF-BoT-IoT,0.25,43,topogcl,2439,,,0.358913779258728,1
NF-BoT-IoT,0.25,43,topogcl,2440,,,0.38949888944625854,1
NF-BoT-IoT,0.25,43,topogcl,2441,,,0.3021371066570282,0
NF-BoT-IoT,0.25,43,topogcl,2442,,,0.2879899740219116,1
NF-BoT-IoT,0.25,43,topogcl,2443,,,0.30062952637672424,1
NF-BoT-IoT,0.25,43,topogcl,2444,,,1.0198049545288086,1
NF-BoT-IoT,0.25,43,topogcl,2445,,,0.2897682189941406,1
NF-BoT-IoT,0.25,43,topogcl,2446,,,0.7416526079177856,1
NF-BoT-IoT,0.25,43,topogcl,2447,,,1.0233314037322998,1
NF-BoT-IoT,0.25,43,topogcl,2448,,,1.1400725841522217,1
NF-BoT-IoT,0.25,43,topogcl,2449,,,0.3399251699447632,0
NF-BoT-IoT,0.25,43,topogcl,2450,,,0.3341558575630188,1
NF-BoT-IoT,0.25,43,topogcl,2451,,,1.3318126201629639,1
NF-BoT-IoT,0.25,43,topogcl,2452,,,0.35395747423171997,1
NF-BoT-IoT,0.25,43,topogcl,2453,,,0.357620507478714,1
NF-BoT-IoT,0.25,43,topogcl,2454,,,0.3486976623535156,1
NF-BoT-IoT,0.25,43,topogcl,2455,,,0.4774957299232483,1
NF-BoT-IoT,0.25,43,topogcl,2456,,,1.0705770254135132,1
NF-BoT-IoT,0.25,43,topogcl,2457,,,0.3306262195110321,1
NF-BoT-IoT,0.25,43,topogcl,2458,,,0.3542333245277405,0
NF-BoT-IoT,0.25,43,topogcl,2459,,,0.35322844982147217,1
NF-BoT-IoT,0.25,43,topogcl,2460,,,0.6675308346748352,1
NF-BoT-IoT,0.25,43,topogcl,2461,,,0.754869282245636,1
NF-BoT-IoT,0.25,43,topogcl,2462,,,0.11461224406957626,0
NF-BoT-IoT,0.25,43,topogcl,2463,,,0.43192172050476074,1
NF-BoT-IoT,0.25,43,topogcl,2464,,,0.35261815786361694,1
NF-BoT-IoT,0.25,43,topogcl,2465,,,0.35420799255371094,1
NF-BoT-IoT,0.25,43,topogcl,2466,,,1.756839632987976,1
NF-BoT-IoT,0.25,43,topogcl,2467,,,0.3182235360145569,1
NF-BoT-IoT,0.25,43,topogcl,2468,,,0.41248416900634766,1
NF-BoT-IoT,0.25,43,topogcl,2469,,,0.3519214987754822,0
NF-BoT-IoT,0.25,43,topogcl,2470,,,0.5904591083526611,1
NF-BoT-IoT,0.25,43,topogcl,2471,,,0.3503502905368805,0
NF-BoT-IoT,0.25,43,topogcl,2472,,,0.2133055478334427,1
NF-BoT-IoT,0.25,43,topogcl,2473,,,0.4528774321079254,1
NF-BoT-IoT,0.25,43,topogcl,2474,,,1.6420317888259888,1
NF-BoT-IoT,0.25,43,topogcl,2475,,,0.3504733145236969,1
NF-BoT-IoT,0.25,43,topogcl,2476,,,0.35049670934677124,0
NF-BoT-IoT,0.25,43,topogcl,2477,,,0.35936659574508667,1
NF-BoT-IoT,0.25,43,topogcl,2478,,,0.35911574959754944,0
NF-BoT-IoT,0.25,43,topogcl,2479,,,1.218976616859436,1
NF-BoT-IoT,0.25,43,topogcl,2480,,,0.6740843653678894,1
NF-BoT-IoT,0.25,43,topogcl,2481,,,0.35544130206108093,1
NF-BoT-IoT,0.25,43,topogcl,2482,,,0.41884714365005493,1
NF-BoT-IoT,0.25,43,topogcl,2483,,,1.1230156421661377,1
NF-BoT-IoT,0.25,43,topogcl,2484,,,0.3529678285121918,1
NF-BoT-IoT,0.25,43,topogcl,2485,,,0.35937678813934326,1
NF-BoT-IoT,0.25,43,topogcl,2486,,,0.3575088381767273,1
NF-BoT-IoT,0.25,43,topogcl,2487,,,0.3600257337093353,1
NF-BoT-IoT,0.25,43,topogcl,2488,,,0.30907365679740906,0
NF-BoT-IoT,0.25,43,topogcl,2489,,,0.4535060226917267,1
NF-BoT-IoT,0.25,43,topogcl,2490,,,0.3478813171386719,0
NF-BoT-IoT,0.25,43,topogcl,2491,,,0.26032373309135437,1
NF-BoT-IoT,0.25,43,topogcl,2492,,,0.2647916078567505,0
NF-BoT-IoT,0.25,43,topogcl,2493,,,0.9804906845092773,1
NF-BoT-IoT,0.25,43,topogcl,2494,,,0.35878729820251465,1
NF-BoT-IoT,0.25,43,topogcl,2495,,,2.739757776260376,1
NF-BoT-IoT,0.25,43,topogcl,2496,,,0.44229188561439514,1
NF-BoT-IoT,0.25,43,topogcl,2497,,,1.4057767391204834,1
NF-BoT-IoT,0.25,43,topogcl,2498,,,0.5037978887557983,1
NF-BoT-IoT,0.25,43,topogcl,2499,,,0.4834139347076416,1
NF-BoT-IoT,0.25,43,topogcl,2500,,,0.31641438603401184,0
NF-BoT-IoT,0.25,43,topogcl,2501,,,1.0180490016937256,1
NF-BoT-IoT,0.25,43,topogcl,2502,,,0.7718003392219543,1
NF-BoT-IoT,0.25,43,topogcl,2503,,,0.3596978187561035,1
NF-BoT-IoT,0.25,43,topogcl,2504,,,0.2557690143585205,1
NF-BoT-IoT,0.25,43,topogcl,2505,,,0.3771221339702606,0
NF-BoT-IoT,0.25,43,topogcl,2506,,,2.731236696243286,1
NF-BoT-IoT,0.25,43,topogcl,2507,,,0.3198237419128418,1
NF-BoT-IoT,0.25,43,topogcl,2508,,,0.3663584589958191,1
NF-BoT-IoT,0.25,43,topogcl,2509,,,3.425475597381592,1
NF-BoT-IoT,0.25,43,topogcl,2510,,,0.3478766083717346,0
NF-BoT-IoT,0.25,43,topogcl,2511,,,0.35416722297668457,1
NF-BoT-IoT,0.25,43,topogcl,2512,,,0.3514530062675476,1
NF-BoT-IoT,0.25,43,topogcl,2513,,,1.3684892654418945,1
NF-BoT-IoT,0.25,43,topogcl,2514,,,1.4691765308380127,1
NF-BoT-IoT,0.25,43,topogcl,2515,,,0.7194076776504517,1
NF-BoT-IoT,0.25,43,topogcl,2516,,,0.3299820125102997,0
NF-BoT-IoT,0.25,43,topogcl,2517,,,0.2708474099636078,1
NF-BoT-IoT,0.25,43,topogcl,2518,,,0.39570820331573486,1
NF-BoT-IoT,0.25,43,topogcl,2519,,,2.644439935684204,1
NF-BoT-IoT,0.25,43,topogcl,2520,,,0.24329812824726105,1
NF-BoT-IoT,0.25,43,topogcl,2521,,,0.44974833726882935,1
NF-BoT-IoT,0.25,43,topogcl,2522,,,0.3588881194591522,1
NF-BoT-IoT,0.25,43,topogcl,2523,,,0.35849958658218384,1
NF-BoT-IoT,0.25,43,topogcl,2524,,,0.3380802571773529,0
NF-BoT-IoT,0.25,43,topogcl,2525,,,0.35611578822135925,1
NF-BoT-IoT,0.25,43,topogcl,2526,,,0.9913398027420044,1
NF-BoT-IoT,0.25,43,topogcl,2527,,,0.3584088385105133,0
NF-BoT-IoT,0.25,43,topogcl,2528,,,2.813037157058716,1
NF-BoT-IoT,0.25,43,topogcl,2529,,,0.4074755311012268,1
NF-BoT-IoT,0.25,43,topogcl,2530,,,0.31163156032562256,1
NF-BoT-IoT,0.25,43,topogcl,2531,,,0.2109007090330124,0
NF-BoT-IoT,0.25,43,topogcl,2532,,,0.35512617230415344,1
NF-BoT-IoT,0.25,43,topogcl,2533,,,0.3081744909286499,1
NF-BoT-IoT,0.25,43,topogcl,2534,,,1.8002080917358398,1
NF-BoT-IoT,0.25,43,topogcl,2535,,,0.7466805577278137,1
NF-BoT-IoT,0.25,43,topogcl,2536,,,0.3746708631515503,1
NF-BoT-IoT,0.25,43,topogcl,2537,,,0.42116159200668335,1
NF-BoT-IoT,0.25,43,topogcl,2538,,,0.2974576950073242,1
NF-BoT-IoT,0.25,43,topogcl,2539,,,0.5617523789405823,1
NF-BoT-IoT,0.25,43,topogcl,2540,,,0.3524515926837921,1
NF-BoT-IoT,0.25,43,topogcl,2541,,,0.28248345851898193,1
NF-BoT-IoT,0.25,43,topogcl,2542,,,0.3164215087890625,0
NF-BoT-IoT,0.25,43,topogcl,2543,,,1.43925142288208,1
NF-BoT-IoT,0.25,43,topogcl,2544,,,2.1479763984680176,1
NF-BoT-IoT,0.25,43,topogcl,2545,,,0.4463299512863159,0
NF-BoT-IoT,0.25,43,topogcl,2546,,,0.3499385714530945,0
NF-BoT-IoT,0.25,43,topogcl,2547,,,0.6501765847206116,1
NF-BoT-IoT,0.25,43,topogcl,2548,,,1.9350390434265137,1
NF-BoT-IoT,0.25,43,topogcl,2549,,,0.31666073203086853,1
NF-BoT-IoT,0.25,43,topogcl,2550,,,0.3577057719230652,1
NF-BoT-IoT,0.25,43,topogcl,2551,,,0.3215678334236145,1
NF-BoT-IoT,0.25,43,topogcl,2552,,,0.475462943315506,1
NF-BoT-IoT,0.25,43,topogcl,2553,,,0.34054064750671387,1
NF-BoT-IoT,0.25,43,topogcl,2554,,,0.33910858631134033,0
NF-BoT-IoT,0.25,43,topogcl,2555,,,0.3575863838195801,1
NF-BoT-IoT,0.25,43,topogcl,2556,,,1.0431448221206665,1
NF-BoT-IoT,0.25,43,topogcl,2557,,,0.25227439403533936,1
NF-BoT-IoT,0.25,43,topogcl,2558,,,0.25151512026786804,0
NF-BoT-IoT,0.25,43,topogcl,2559,,,0.32740336656570435,1
NF-BoT-IoT,0.25,43,topogcl,2560,,,0.2698535919189453,0
NF-BoT-IoT,0.25,43,topogcl,2561,,,0.27283263206481934,1
NF-BoT-IoT,0.25,43,topogcl,2562,,,0.3576860725879669,1
NF-BoT-IoT,0.25,43,topogcl,2563,,,1.1031885147094727,1
NF-BoT-IoT,0.25,43,topogcl,2564,,,1.6391252279281616,1
NF-BoT-IoT,0.25,43,topogcl,2565,,,0.7200978994369507,1
NF-BoT-IoT,0.25,43,topogcl,2566,,,0.35962438583374023,1
NF-BoT-IoT,0.25,43,topogcl,2567,,,1.4379427433013916,1
NF-BoT-IoT,0.25,43,topogcl,2568,,,0.8633319735527039,1
NF-BoT-IoT,0.25,43,topogcl,2569,,,1.831100344657898,1
NF-BoT-IoT,0.25,43,topogcl,2570,,,0.4421772360801697,1
NF-BoT-IoT,0.25,43,topogcl,2571,,,0.34293150901794434,1
NF-BoT-IoT,0.25,43,topogcl,2572,,,0.3568415343761444,1
NF-BoT-IoT,0.25,43,topogcl,2573,,,0.26064181327819824,1
NF-BoT-IoT,0.25,43,topogcl,2574,,,0.23377788066864014,0
NF-BoT-IoT,0.25,43,topogcl,2575,,,0.33143284916877747,0
NF-BoT-IoT,0.25,43,topogcl,2576,,,0.3502548336982727,1
NF-BoT-IoT,0.25,43,topogcl,2577,,,0.2799742817878723,1
NF-BoT-IoT,0.25,43,topogcl,2578,,,0.24565812945365906,1
NF-BoT-IoT,0.25,43,topogcl,2579,,,0.5924026370048523,0
NF-BoT-IoT,0.25,43,topogcl,2580,,,0.6745330691337585,1
NF-BoT-IoT,0.25,43,topogcl,2581,,,0.38748034834861755,1
NF-BoT-IoT,0.25,43,topogcl,2582,,,0.23381918668746948,1
NF-BoT-IoT,0.25,43,topogcl,2583,,,1.0302560329437256,1
NF-BoT-IoT,0.25,43,topogcl,2584,,,0.24169974029064178,0
NF-BoT-IoT,0.25,43,topogcl,2585,,,0.5626838207244873,1
NF-BoT-IoT,0.25,43,topogcl,2586,,,0.26012006402015686,1
NF-BoT-IoT,0.25,43,topogcl,2587,,,0.342858225107193,1
NF-BoT-IoT,0.25,43,topogcl,2588,,,0.3580853044986725,1
NF-BoT-IoT,0.25,43,topogcl,2589,,,0.35779228806495667,1
NF-BoT-IoT,0.25,43,topogcl,2590,,,1.1814292669296265,1
NF-BoT-IoT,0.25,43,topogcl,2591,,,0.3562573194503784,1
NF-BoT-IoT,0.25,43,topogcl,2592,,,0.25849154591560364,1
NF-BoT-IoT,0.25,43,topogcl,2593,,,0.3414824604988098,1
NF-BoT-IoT,0.25,43,topogcl,2594,,,0.34791800379753113,1
NF-BoT-IoT,0.25,43,topogcl,2595,,,1.1023637056350708,0
NF-BoT-IoT,0.25,43,topogcl,2596,,,1.1206058263778687,0
NF-BoT-IoT,0.25,43,topogcl,2597,,,1.0166279077529907,1
NF-BoT-IoT,0.25,43,topogcl,2598,,,0.35517168045043945,1
NF-BoT-IoT,0.25,43,topogcl,2599,,,1.0254353284835815,1
NF-BoT-IoT,0.25,43,topogcl,2600,,,0.24991090595722198,1
NF-BoT-IoT,0.25,43,topogcl,2601,,,1.02395761013031,1
NF-BoT-IoT,0.25,43,topogcl,2602,,,0.5455084443092346,1
NF-BoT-IoT,0.25,43,topogcl,2603,,,0.4409068524837494,1
