dataset,train_ratio,seed,model,index,val_score,y_val,test_score,y_test
streamspot,0.8,42,gnn,0,6.787149835207895e-12,0,0.0031599774956703186,0
streamspot,0.8,42,gnn,1,0.0035085962153971195,0,0.9992614388465881,1
streamspot,0.8,42,gnn,2,1.7706386643112637e-05,0,1.4301834198704455e-05,0
streamspot,0.8,42,gnn,3,0.0026080801617354155,0,1.523908083056469e-11,0
streamspot,0.8,42,gnn,4,3.1924823673534775e-08,0,0.0026762874331325293,0
streamspot,0.8,42,gnn,5,1.1303030760245747e-06,0,0.00021836257656104863,0
streamspot,0.8,42,gnn,6,0.9979729056358337,1,0.9984278678894043,1
streamspot,0.8,42,gnn,7,0.9973230957984924,1,2.0199220074346158e-10,0
streamspot,0.8,42,gnn,8,0.0004215891531202942,0,3.032559652638156e-05,0
streamspot,0.8,42,gnn,9,1.8095979612553492e-05,0,0.0003226413391530514,0
streamspot,0.8,42,gnn,10,0.0003250392328482121,0,0.00014575259410776198,0
streamspot,0.8,42,gnn,11,0.0016395819839090109,0,0.9985264539718628,1
streamspot,0.8,42,gnn,12,0.9991631507873535,1,1.0231653848821742e-12,0
streamspot,0.8,42,gnn,13,1.2535907034649796e-10,0,0.0017824227688834071,0
streamspot,0.8,42,gnn,14,0.0032076553907245398,0,8.60949782577336e-08,0
streamspot,0.8,42,gnn,15,5.690075340680778e-06,0,0.9971433281898499,1
streamspot,0.8,42,gnn,16,7.406973472068312e-12,0,2.135690957416614e-09,0
streamspot,0.8,42,gnn,17,0.00013258551189210266,0,1.1375120463619215e-11,0
streamspot,0.8,42,gnn,18,1.1148341798328243e-11,0,0.00012838163820561022,0
streamspot,0.8,42,gnn,19,0.9980300068855286,1,5.771897959583328e-10,0
streamspot,0.8,42,gnn,20,6.750174463832082e-08,0,1.6118538042064756e-05,0
streamspot,0.8,42,gnn,21,1.6949460932003113e-11,0,0.007173403166234493,0
streamspot,0.8,42,gnn,22,2.2403908589430088e-11,0,0.999334990978241,1
streamspot,0.8,42,gnn,23,4.0103139326674864e-05,0,1.0326979072231013e-12,0
streamspot,0.8,42,gnn,24,2.15712352655828e-05,0,2.343332645982077e-11,0
streamspot,0.8,42,gnn,25,0.9952552318572998,1,1.501896775835121e-07,0
streamspot,0.8,42,gnn,26,0.002847605384886265,0,1.2217422408866696e-05,0
streamspot,0.8,42,gnn,27,4.865773348683433e-07,0,0.015176529064774513,0
streamspot,0.8,42,gnn,28,3.2891547818714173e-10,0,9.890909069554255e-08,0
streamspot,0.8,42,gnn,29,7.172669575084001e-05,0,7.213468222744268e-08,0
streamspot,0.8,42,gnn,30,6.5994409936820375e-09,0,8.34101537838805e-12,0
streamspot,0.8,42,gnn,31,1.0553608120744684e-07,0,8.513208013027906e-05,0
streamspot,0.8,42,gnn,32,2.2035166693967767e-05,0,5.819716583643775e-11,0
streamspot,0.8,42,gnn,33,0.002145372563973069,0,0.0015578883467242122,0
streamspot,0.8,42,gnn,34,1.4090061085880734e-05,0,0.022901931777596474,0
streamspot,0.8,42,gnn,35,0.0002816527849063277,0,1.1751365214252019e-08,0
streamspot,0.8,42,gnn,36,9.278397556045093e-06,0,0.9994702935218811,1
streamspot,0.8,42,gnn,37,4.7448866098420694e-05,0,2.9676274948542414e-07,0
streamspot,0.8,42,gnn,38,0.9995414018630981,1,0.9945380091667175,1
streamspot,0.8,42,gnn,39,0.00093749730149284,0,0.00013340245641302317,0
streamspot,0.8,42,gnn,40,7.927951810415834e-05,0,0.9976414442062378,1
streamspot,0.8,42,gnn,41,8.401318336836994e-05,0,4.2134818301065025e-08,0
streamspot,0.8,42,gnn,42,1.049035063260817e-07,0,1.2514853551692795e-05,0
streamspot,0.8,42,gnn,43,0.00022413280385080725,0,0.004238548688590527,0
streamspot,0.8,42,gnn,44,5.469004827318713e-05,0,1.0468545042385813e-05,0
streamspot,0.8,42,gnn,45,9.909451910061762e-05,0,1.235266324783879e-07,0
streamspot,0.8,42,gnn,46,6.542278718768557e-09,0,2.784533541244638e-11,0
streamspot,0.8,42,gnn,47,0.9857295751571655,1,2.5488368919468485e-05,0
streamspot,0.8,42,gnn,48,0.9993613362312317,1,0.00029050602461211383,0
streamspot,0.8,42,gnn,49,0.011532660573720932,0,3.0971291069964435e-12,0
streamspot,0.8,42,gnn,50,0.9983516931533813,1,1.9951776342175265e-11,0
streamspot,0.8,42,gnn,51,2.3148032823883113e-08,0,3.7223135272886065e-13,0
streamspot,0.8,42,gnn,52,8.448364678770304e-05,0,1.835619332268834e-05,0
streamspot,0.8,42,gnn,53,2.9857440608793695e-07,0,7.143904076656327e-05,0
streamspot,0.8,42,gnn,54,8.078438895608997e-08,0,0.0022646989673376083,0
streamspot,0.8,42,gnn,55,1.3372259672905784e-05,0,5.231675004324643e-08,0
streamspot,0.8,42,gnn,56,8.359082875756055e-14,0,2.2161819401844696e-07,0
streamspot,0.8,42,gnn,57,0.0011729487450793386,0,6.61560306980391e-06,0
streamspot,0.8,42,gnn,58,3.363301998016155e-11,0,0.9957323670387268,1
streamspot,0.8,42,gnn,59,0.9976221919059753,1,0.9990664124488831,1
streamspot,0.8,43,gnn,0,7.329670665967569e-07,0,5.0501164139404864e-08,0
streamspot,0.8,43,gnn,1,2.1211228158790618e-05,0,5.206070454732981e-06,0
streamspot,0.8,43,gnn,2,0.9966352581977844,1,9.272149159578191e-10,0
streamspot,0.8,43,gnn,3,0.00026274510310031474,0,0.9989761114120483,1
streamspot,0.8,43,gnn,4,2.668089473445434e-05,0,1.282746686648295e-09,0
streamspot,0.8,43,gnn,5,0.9987720847129822,1,0.9950072765350342,1
streamspot,0.8,43,gnn,6,0.00010086067049996927,0,7.735826511634514e-05,0
streamspot,0.8,43,gnn,7,7.097064602668013e-10,0,3.849925462873216e-07,0
streamspot,0.8,43,gnn,8,0.0031959842890501022,0,6.770088702978683e-07,0
streamspot,0.8,43,gnn,9,0.9958274960517883,1,0.582756519317627,1
streamspot,0.8,43,gnn,10,0.0008132007787935436,0,1.5216484428037802e-07,0
streamspot,0.8,43,gnn,11,1.4619653484260198e-05,0,7.852677952335796e-10,0
streamspot,0.8,43,gnn,12,3.1366897019324824e-05,0,0.00046680044033564627,0
streamspot,0.8,43,gnn,13,0.0004425328515935689,0,4.829716635867953e-05,0
streamspot,0.8,43,gnn,14,6.354057724422546e-09,0,0.998528003692627,1
streamspot,0.8,43,gnn,15,0.0016329459613189101,0,0.006340603809803724,0
streamspot,0.8,43,gnn,16,0.00012976180005352944,0,0.0001676771935308352,0
streamspot,0.8,43,gnn,17,2.358420923831428e-11,0,0.0014858376234769821,0
streamspot,0.8,43,gnn,18,6.3409697759198025e-06,0,0.0001124461050494574,0
streamspot,0.8,43,gnn,19,1.127561858993431e-06,0,0.00307003827765584,0
streamspot,0.8,43,gnn,20,8.766946120886132e-05,0,4.772201522840192e-10,0
streamspot,0.8,43,gnn,21,3.407722992676554e-10,0,0.00010846796067198738,0
streamspot,0.8,43,gnn,22,0.00014431626186706126,0,2.185641733376542e-06,0
streamspot,0.8,43,gnn,23,5.150460492586717e-05,0,0.0007011406705714762,0
streamspot,0.8,43,gnn,24,2.2498927876313246e-07,0,1.2645515745646208e-09,0
streamspot,0.8,43,gnn,25,0.9995930790901184,1,3.9591142808603763e-07,0
streamspot,0.8,43,gnn,26,0.00048754611634649336,0,0.0004952469607815146,0
streamspot,0.8,43,gnn,27,0.00010771028610179201,0,3.0942526318966657e-09,0
streamspot,0.8,43,gnn,28,0.007211617194116116,0,3.5993498386233114e-06,0
streamspot,0.8,43,gnn,29,0.00026581890415400267,0,9.417909154763038e-07,0
streamspot,0.8,43,gnn,30,2.4088339500849543e-07,0,3.2625999124569205e-10,0
streamspot,0.8,43,gnn,31,6.546201092305637e-08,0,7.369879817531455e-09,0
streamspot,0.8,43,gnn,32,0.002235023770481348,0,4.144339129652508e-07,0
streamspot,0.8,43,gnn,33,0.00955703854560852,0,2.381006879659253e-06,0
streamspot,0.8,43,gnn,34,0.006025541108101606,0,4.4708140194416046e-05,0
streamspot,0.8,43,gnn,35,4.109411033681454e-09,0,0.013985867612063885,0
streamspot,0.8,43,gnn,36,2.6487842474942624e-10,0,0.0032329640816897154,0
streamspot,0.8,43,gnn,37,2.639220292621758e-05,0,1.7921105381901725e-06,0
streamspot,0.8,43,gnn,38,0.004702845122665167,0,3.527064836816862e-05,0
streamspot,0.8,43,gnn,39,0.0021377329248934984,0,0.9996579885482788,1
streamspot,0.8,43,gnn,40,0.005006760358810425,0,6.237860361579806e-06,0
streamspot,0.8,43,gnn,41,0.0002372431627009064,0,0.004830984864383936,0
streamspot,0.8,43,gnn,42,0.999160885810852,1,2.7737109831171836e-10,0
streamspot,0.8,43,gnn,43,0.00015239354979712516,0,6.218804628588259e-05,0
streamspot,0.8,43,gnn,44,0.9996310472488403,1,0.00013642082922160625,0
streamspot,0.8,43,gnn,45,5.7489258324494585e-05,0,0.0034939241595566273,0
streamspot,0.8,43,gnn,46,0.9983249306678772,1,4.309776704758406e-05,0
streamspot,0.8,43,gnn,47,9.630966087570414e-05,0,0.023670168593525887,0
streamspot,0.8,43,gnn,48,1.8516822819947265e-05,0,0.9981769323348999,1
streamspot,0.8,43,gnn,49,1.8648686761491007e-10,0,0.5295177102088928,1
streamspot,0.8,43,gnn,50,0.0008736532181501389,0,0.9941312670707703,1
streamspot,0.8,43,gnn,51,7.241051207529381e-05,0,0.0021832960192114115,0
streamspot,0.8,43,gnn,52,5.443804184324108e-06,0,9.022082525511621e-10,0
streamspot,0.8,43,gnn,53,0.9975772500038147,1,7.633434142917395e-05,0
streamspot,0.8,43,gnn,54,0.004338656086474657,0,6.702740211039782e-05,0
streamspot,0.8,43,gnn,55,0.0006282446556724608,0,0.000291179574560374,0
streamspot,0.8,43,gnn,56,0.9970588684082031,1,0.9991353154182434,1
streamspot,0.8,43,gnn,57,0.9930256605148315,1,7.976926281116903e-05,0
streamspot,0.8,43,gnn,58,0.00016022221825551242,0,0.9943904280662537,1
streamspot,0.8,43,gnn,59,6.865563673130737e-10,0,7.415636105179146e-09,0
streamspot,0.8,44,gnn,0,4.029691077350739e-12,0,0.002398804295808077,0
streamspot,0.8,44,gnn,1,0.0018680603243410587,0,2.049759667555051e-10,0
streamspot,0.8,44,gnn,2,0.00803055427968502,0,3.053555337828584e-05,0
streamspot,0.8,44,gnn,3,6.139300694485428e-06,0,0.9929333925247192,1
streamspot,0.8,44,gnn,4,0.0009828476468101144,0,1.1019584134075444e-09,0
streamspot,0.8,44,gnn,5,9.61022372791831e-10,0,3.82605665899538e-12,0
streamspot,0.8,44,gnn,6,1.7641189073783203e-12,0,1.1665877153177462e-08,0
streamspot,0.8,44,gnn,7,1.0509512371470464e-08,0,1.8074216168867396e-12,0
streamspot,0.8,44,gnn,8,0.01619136892259121,0,0.9946671724319458,1
streamspot,0.8,44,gnn,9,8.892264095200497e-13,0,0.9971127510070801,1
streamspot,0.8,44,gnn,10,6.241406936169369e-06,0,6.150286208139732e-05,0
streamspot,0.8,44,gnn,11,0.004559568595141172,0,0.9986817240715027,1
streamspot,0.8,44,gnn,12,3.3207156775461044e-06,0,0.0011071112239733338,0
streamspot,0.8,44,gnn,13,0.7895975112915039,1,0.000978781608864665,0
streamspot,0.8,44,gnn,14,1.4880892742000218e-12,0,0.8269866108894348,1
streamspot,0.8,44,gnn,15,1.161778140357228e-08,0,0.0023670224472880363,0
streamspot,0.8,44,gnn,16,2.096587650157744e-06,0,0.000375327275833115,0
streamspot,0.8,44,gnn,17,3.6966131544691194e-11,0,3.282164229290174e-08,0
streamspot,0.8,44,gnn,18,0.00014180821017362177,0,5.7673318224260584e-05,0
streamspot,0.8,44,gnn,19,0.0014311089180409908,0,0.0001067109769792296,0
streamspot,0.8,44,gnn,20,4.759825245059801e-08,0,1.6323899697245903e-12,0
streamspot,0.8,44,gnn,21,1.7406349694937262e-09,0,4.5674926514582825e-12,0
streamspot,0.8,44,gnn,22,3.2712192954420516e-09,0,2.2142882145914644e-12,0
streamspot,0.8,44,gnn,23,0.00012028847413603216,0,1.6535904590053718e-11,0
streamspot,0.8,44,gnn,24,3.431387813179754e-05,0,1.3723233216467179e-08,0
streamspot,0.8,44,gnn,25,2.689781020137616e-08,0,8.429540088172871e-08,0
streamspot,0.8,44,gnn,26,4.187658900201008e-12,0,0.0002121517900377512,0
streamspot,0.8,44,gnn,27,5.319819695870365e-09,0,1.860159848376952e-08,0
streamspot,0.8,44,gnn,28,0.00014149484923109412,0,1.7267302609980106e-05,0
streamspot,0.8,44,gnn,29,0.9920238256454468,1,3.080239707742294e-08,0
streamspot,0.8,44,gnn,30,6.396530982839821e-13,0,0.0002116700925398618,0
streamspot,0.8,44,gnn,31,0.004924033768475056,0,0.994322657585144,1
streamspot,0.8,44,gnn,32,8.022727371326255e-09,0,1.1323444404354177e-08,0
streamspot,0.8,44,gnn,33,1.0534987268329132e-05,0,0.0016677171224728227,0
streamspot,0.8,44,gnn,34,0.9983755350112915,1,1.758326106937602e-05,0
streamspot,0.8,44,gnn,35,5.337331021593172e-09,0,5.1694911372413e-12,0
streamspot,0.8,44,gnn,36,6.70841836836189e-05,0,0.8402223587036133,1
streamspot,0.8,44,gnn,37,0.9968898892402649,1,9.871330257738009e-05,0
streamspot,0.8,44,gnn,38,8.704690117156133e-06,0,1.4583360560815883e-12,0
streamspot,0.8,44,gnn,39,7.841123078833334e-06,0,1.4467230357695371e-05,0
streamspot,0.8,44,gnn,40,1.95721359119716e-08,0,3.9241378544829786e-05,0
streamspot,0.8,44,gnn,41,0.9921350479125977,1,7.520658762416588e-09,0
streamspot,0.8,44,gnn,42,4.231425876355388e-08,0,2.2582393285119906e-05,0
streamspot,0.8,44,gnn,43,0.9975866079330444,1,0.0018430445343255997,0
streamspot,0.8,44,gnn,44,2.5214372690457454e-12,0,3.457556729813405e-08,0
streamspot,0.8,44,gnn,45,6.773480214217198e-12,0,1.8413051573913652e-13,0
streamspot,0.8,44,gnn,46,0.9951643943786621,1,0.006637810729444027,0
streamspot,0.8,44,gnn,47,0.0046547879464924335,0,7.120589725673199e-05,0
streamspot,0.8,44,gnn,48,9.525734867565916e-09,0,4.012119081409082e-09,0
streamspot,0.8,44,gnn,49,9.191113148343533e-11,0,3.4033609264128017e-12,0
streamspot,0.8,44,gnn,50,5.626815891446313e-06,0,1.9705938214542584e-08,0
streamspot,0.8,44,gnn,51,1.0700039351730847e-13,0,0.00023515039356425405,0
streamspot,0.8,44,gnn,52,0.00030347611755132675,0,2.7164769999393767e-12,0
streamspot,0.8,44,gnn,53,0.986814022064209,1,0.989440381526947,1
streamspot,0.8,44,gnn,54,0.9975486397743225,1,0.9969736337661743,1
streamspot,0.8,44,gnn,55,0.00471027847379446,0,0.0017557055689394474,0
streamspot,0.8,44,gnn,56,0.0012093812692910433,0,2.7130266971653327e-05,0
streamspot,0.8,44,gnn,57,0.00045125882024876773,0,7.406179669544599e-09,0
streamspot,0.8,44,gnn,58,2.546351751675502e-08,0,0.9977098703384399,1
streamspot,0.8,44,gnn,59,0.9971862435340881,1,5.271869637883675e-13,0
grasec,0.8,42,gnn,0,1.0,1,1.0,1
grasec,0.8,42,gnn,1,1.0,1,1.0,1
grasec,0.8,42,gnn,2,0.9999926090240479,1,1.0,1
grasec,0.8,42,gnn,3,0.9999998807907104,1,0.9999939203262329,1
grasec,0.8,42,gnn,4,1.0,1,0.9994885921478271,1
grasec,0.8,42,gnn,5,1.0,1,1.0,1
grasec,0.8,42,gnn,6,0.9980531930923462,1,0.9995365142822266,1
grasec,0.8,42,gnn,7,1.0,1,0.9999642372131348,1
grasec,0.8,42,gnn,8,1.0,1,1.0,1
grasec,0.8,42,gnn,9,1.0,1,1.0,1
grasec,0.8,42,gnn,10,1.0,1,1.0,1
grasec,0.8,42,gnn,11,1.0,1,1.0,1
grasec,0.8,42,gnn,12,0.999879002571106,1,1.0,1
grasec,0.8,42,gnn,13,1.0,1,1.0,1
grasec,0.8,42,gnn,14,1.0,1,1.0,1
grasec,0.8,42,gnn,15,1.0,1,0.05249876528978348,0
grasec,0.8,42,gnn,16,0.9974864721298218,1,1.0,1
grasec,0.8,42,gnn,17,0.9995850920677185,1,1.0,1
grasec,0.8,42,gnn,18,0.9983829259872437,1,1.0,1
grasec,0.8,42,gnn,19,1.0,1,0.9998394250869751,1
grasec,0.8,42,gnn,20,0.999841570854187,1,0.9999978542327881,1
grasec,0.8,42,gnn,21,1.0,1,1.0,1
grasec,0.8,42,gnn,22,1.0,1,0.9999998807907104,1
grasec,0.8,42,gnn,23,0.9869771599769592,1,1.0,1
grasec,0.8,42,gnn,24,1.0,1,1.0,1
grasec,0.8,42,gnn,25,0.9999994039535522,1,1.0,1
grasec,0.8,42,gnn,26,0.00024317490169778466,0,1.0,1
grasec,0.8,42,gnn,27,0.9864161014556885,1,1.0,1
grasec,0.8,42,gnn,28,0.9971997737884521,1,0.9992187023162842,1
grasec,0.8,42,gnn,29,1.0,1,1.0,1
grasec,0.8,42,gnn,30,1.0,1,0.9818171262741089,1
grasec,0.8,42,gnn,31,1.0,1,1.0,1
grasec,0.8,42,gnn,32,0.9998206496238708,1,1.0,1
grasec,0.8,42,gnn,33,0.9969459176063538,1,0.9982454776763916,1
grasec,0.8,42,gnn,34,0.9999967813491821,1,0.9956957101821899,1
grasec,0.8,42,gnn,35,1.0,1,1.0,1
grasec,0.8,42,gnn,36,0.020303115248680115,0,1.0,1
grasec,0.8,42,gnn,37,0.006624849978834391,0,1.0,1
grasec,0.8,42,gnn,38,1.0,1,1.0,1
grasec,0.8,42,gnn,39,1.0,1,1.0,1
grasec,0.8,42,gnn,40,0.9793502688407898,1,0.9945149421691895,1
grasec,0.8,42,gnn,41,0.9999961853027344,1,0.9926632642745972,1
grasec,0.8,42,gnn,42,1.0,1,1.0,1
grasec,0.8,42,gnn,43,1.0,1,0.9996484518051147,1
grasec,0.8,42,gnn,44,0.03389897570014,0,0.9999998807907104,1
grasec,0.8,42,gnn,45,1.0,1,0.9997163414955139,1
grasec,0.8,42,gnn,46,0.023792928084731102,0,0.9999253749847412,1
grasec,0.8,42,gnn,47,1.0,1,0.9974944591522217,1
grasec,0.8,42,gnn,48,1.0,1,1.0,1
grasec,0.8,42,gnn,49,1.0,1,1.0,1
grasec,0.8,42,gnn,50,0.9931668639183044,1,1.0,1
grasec,0.8,42,gnn,51,1.0,1,1.0,1
grasec,0.8,42,gnn,52,0.9999908208847046,1,0.9995853304862976,1
grasec,0.8,42,gnn,53,1.0,1,1.0,1
grasec,0.8,42,gnn,54,1.0,1,1.0,1
grasec,0.8,42,gnn,55,1.0,1,1.0,1
grasec,0.8,42,gnn,56,1.0,1,1.0,1
grasec,0.8,42,gnn,57,0.9990350008010864,1,0.999761164188385,1
grasec,0.8,42,gnn,58,1.0,1,1.0,1
grasec,0.8,42,gnn,59,1.0,1,0.9999301433563232,1
grasec,0.8,42,gnn,60,1.0,1,1.0,1
grasec,0.8,42,gnn,61,1.0,1,0.9998807907104492,1
grasec,0.8,42,gnn,62,1.0,1,1.0,1
grasec,0.8,42,gnn,63,0.9763273000717163,1,1.0,1
grasec,0.8,42,gnn,64,0.322089821100235,0,1.0,1
grasec,0.8,42,gnn,65,0.9998818635940552,1,0.9846972227096558,1
grasec,0.8,42,gnn,66,1.0,1,0.9919445514678955,1
grasec,0.8,42,gnn,67,1.0,1,1.0,1
grasec,0.8,42,gnn,68,1.0,1,1.0,1
grasec,0.8,42,gnn,69,1.0,1,1.0,1
grasec,0.8,42,gnn,70,0.9983710646629333,1,0.08323262631893158,0
grasec,0.8,42,gnn,71,1.0,1,0.9999282360076904,1
grasec,0.8,42,gnn,72,0.9952266216278076,1,1.0,1
grasec,0.8,42,gnn,73,1.0,1,1.0,1
grasec,0.8,42,gnn,74,1.0,1,1.0,1
grasec,0.8,42,gnn,75,0.9968728423118591,1,1.0,1
grasec,0.8,42,gnn,76,0.12060391157865524,1,0.39805594086647034,0
grasec,0.8,42,gnn,77,1.0,1,1.0,1
grasec,0.8,42,gnn,78,1.0,1,1.0,1
grasec,0.8,42,gnn,79,0.9999997615814209,1,0.9997425675392151,1
grasec,0.8,42,gnn,80,0.9997444748878479,1,1.0,1
grasec,0.8,42,gnn,81,0.9928838014602661,1,1.0,1
grasec,0.8,42,gnn,82,1.0,1,0.9953405857086182,1
grasec,0.8,42,gnn,83,0.9999579191207886,1,0.996670663356781,1
grasec,0.8,42,gnn,84,1.0,1,1.0,1
grasec,0.8,42,gnn,85,0.9849215149879456,1,1.0,1
grasec,0.8,42,gnn,86,1.0,1,1.0,1
grasec,0.8,42,gnn,87,1.0,1,0.9949039220809937,1
grasec,0.8,42,gnn,88,0.9996819496154785,1,0.006805784069001675,0
grasec,0.8,42,gnn,89,1.0,1,0.9999085664749146,1
grasec,0.8,42,gnn,90,0.9968529343605042,1,0.0557372011244297,0
grasec,0.8,42,gnn,91,1.0,1,0.029143190011382103,0
grasec,0.8,42,gnn,92,1.0,1,1.0,1
grasec,0.8,42,gnn,93,1.0,1,0.999883770942688,1
grasec,0.8,42,gnn,94,0.9680869579315186,1,1.0,1
grasec,0.8,42,gnn,95,0.9951598048210144,1,0.993602454662323,1
grasec,0.8,42,gnn,96,0.03430281579494476,0,1.0,1
grasec,0.8,42,gnn,97,1.0,1,1.0,1
grasec,0.8,42,gnn,98,1.0,1,0.9989474415779114,1
grasec,0.8,42,gnn,99,1.0,1,1.0,1
grasec,0.8,42,gnn,100,1.0,1,1.0,1
grasec,0.8,42,gnn,101,1.0,1,1.0,1
grasec,0.8,42,gnn,102,0.9998589754104614,1,1.0,1
grasec,0.8,42,gnn,103,1.0,1,1.0,1
grasec,0.8,42,gnn,104,1.0,1,1.0,1
grasec,0.8,42,gnn,105,0.9995224475860596,1,0.0645790696144104,0
grasec,0.8,42,gnn,106,1.0,1,1.0,1
grasec,0.8,42,gnn,107,1.0,1,0.02315622754395008,0
grasec,0.8,42,gnn,108,0.9959869980812073,1,0.9860660433769226,1
grasec,0.8,42,gnn,109,1.0,1,1.0,1
grasec,0.8,42,gnn,110,0.9990472197532654,1,1.0,1
grasec,0.8,42,gnn,111,1.0,1,1.0,1
grasec,0.8,42,gnn,112,1.0,1,1.0,1
grasec,0.8,42,gnn,113,0.998367965221405,1,0.04569469392299652,0
grasec,0.8,42,gnn,114,0.9693984389305115,1,0.9825087785720825,1
grasec,0.8,42,gnn,115,1.0,1,1.0,1
grasec,0.8,42,gnn,116,1.0,1,1.0,1
grasec,0.8,42,gnn,117,1.0,1,1.0,1
grasec,0.8,42,gnn,118,0.9956941604614258,1,1.0,1
grasec,0.8,42,gnn,119,1.0,1,0.9999027252197266,1
grasec,0.8,42,gnn,120,1.0,1,0.9997881054878235,1
grasec,0.8,42,gnn,121,0.9517823457717896,1,0.9964872598648071,1
grasec,0.8,42,gnn,122,1.0,1,1.0,1
grasec,0.8,42,gnn,123,1.0,1,0.9999938011169434,1
grasec,0.8,42,gnn,124,1.0,1,1.0,1
grasec,0.8,42,gnn,125,0.9999998807907104,1,1.0,1
grasec,0.8,42,gnn,126,1.0,1,1.0,1
grasec,0.8,42,gnn,127,1.0,1,1.0,1
grasec,0.8,42,gnn,128,0.9998224377632141,1,1.0,1
grasec,0.8,42,gnn,129,1.0,1,0.009131787344813347,0
grasec,0.8,42,gnn,130,1.0,1,0.9980679154396057,1
grasec,0.8,42,gnn,131,1.0,1,1.0,1
grasec,0.8,42,gnn,132,0.746631920337677,1,1.0,1
grasec,0.8,42,gnn,133,0.9972066283226013,1,1.0,1
grasec,0.8,42,gnn,134,1.0,1,1.0,1
grasec,0.8,42,gnn,135,1.0,1,1.0,1
grasec,0.8,42,gnn,136,0.9999988079071045,1,0.04249747842550278,0
grasec,0.8,42,gnn,137,1.0,1,1.0,1
grasec,0.8,42,gnn,138,1.0,1,1.0,1
grasec,0.8,42,gnn,139,1.0,1,1.0,1
grasec,0.8,42,gnn,140,1.0,1,0.9989079236984253,1
grasec,0.8,42,gnn,141,1.0,1,1.0,1
grasec,0.8,42,gnn,142,1.0,1,1.0,1
grasec,0.8,42,gnn,143,0.9996539354324341,1,0.998011589050293,1
grasec,0.8,42,gnn,144,0.9990567564964294,1,1.0,1
grasec,0.8,42,gnn,145,1.0,1,1.0,1
grasec,0.8,42,gnn,146,1.0,1,1.0,1
grasec,0.8,42,gnn,147,0.9972301125526428,1,1.0,1
grasec,0.8,42,gnn,148,1.0,1,1.0,1
grasec,0.8,42,gnn,149,1.0,1,0.050354503095149994,1
grasec,0.8,42,gnn,150,0.9911428689956665,1,1.0,1
grasec,0.8,42,gnn,151,0.998586893081665,1,0.9973684549331665,1
grasec,0.8,42,gnn,152,0.9805825352668762,1,1.0,1
grasec,0.8,42,gnn,153,1.0,1,0.9999535083770752,1
grasec,0.8,42,gnn,154,1.0,1,1.0,1
grasec,0.8,42,gnn,155,0.20019343495368958,0,0.9928794503211975,1
grasec,0.8,42,gnn,156,1.0,1,1.0,1
grasec,0.8,42,gnn,157,0.9998186230659485,1,1.0,1
grasec,0.8,42,gnn,158,1.0,1,1.0,1
grasec,0.8,42,gnn,159,0.9978849291801453,1,1.0,1
grasec,0.8,42,gnn,160,0.9961032867431641,1,1.0,1
grasec,0.8,42,gnn,161,1.0,1,0.9999721050262451,1
grasec,0.8,42,gnn,162,0.9993698000907898,1,1.0,1
grasec,0.8,42,gnn,163,1.0,1,1.0,1
grasec,0.8,42,gnn,164,1.0,1,0.9992663264274597,1
grasec,0.8,42,gnn,165,1.0,1,1.0,1
grasec,0.8,42,gnn,166,0.999572217464447,1,1.0,1
grasec,0.8,42,gnn,167,1.0,1,1.0,1
grasec,0.8,42,gnn,168,1.0,1,0.9982876181602478,1
grasec,0.8,42,gnn,169,1.0,1,1.0,1
grasec,0.8,42,gnn,170,1.0,1,1.0,1
grasec,0.8,42,gnn,171,1.0,1,1.0,1
grasec,0.8,42,gnn,172,1.0,1,0.0014661044115200639,0
grasec,0.8,42,gnn,173,1.0,1,0.017070846632122993,0
grasec,0.8,42,gnn,174,0.9942948222160339,1,1.0,1
grasec,0.8,42,gnn,175,0.9999668598175049,1,1.0,1
grasec,0.8,42,gnn,176,0.9849041700363159,1,1.0,1
grasec,0.8,42,gnn,177,0.9997901320457458,1,1.0,1
grasec,0.8,42,gnn,178,1.0,1,1.0,1
grasec,0.8,42,gnn,179,1.0,1,1.0,1
grasec,0.8,42,gnn,180,0.9995902180671692,1,1.0,1
grasec,0.8,42,gnn,181,1.0,1,1.0,1
grasec,0.8,42,gnn,182,1.0,1,0.9999945163726807,1
grasec,0.8,42,gnn,183,1.0,1,1.0,1
grasec,0.8,42,gnn,184,0.0016954455059021711,0,0.9977097511291504,1
grasec,0.8,42,gnn,185,0.996712327003479,1,1.0,1
grasec,0.8,42,gnn,186,0.9999276399612427,1,0.036829520016908646,0
grasec,0.8,42,gnn,187,1.0,1,0.8440483212471008,1
grasec,0.8,42,gnn,188,1.0,1,1.0,1
grasec,0.8,42,gnn,189,0.9993078708648682,1,1.0,1
grasec,0.8,42,gnn,190,0.9982966780662537,1,1.0,1
grasec,0.8,42,gnn,191,0.00036635511787608266,0,1.0,1
grasec,0.8,42,gnn,192,1.0,1,0.0515458919107914,0
grasec,0.8,42,gnn,193,1.0,1,1.0,1
grasec,0.8,42,gnn,194,0.9995959401130676,1,1.0,1
grasec,0.8,42,gnn,195,1.0,1,0.9990618824958801,1
grasec,0.8,42,gnn,196,1.0,1,1.0,1
grasec,0.8,42,gnn,197,0.7182672619819641,1,1.0,1
grasec,0.8,42,gnn,198,1.0,1,1.0,1
grasec,0.8,42,gnn,199,1.0,1,0.9983938336372375,1
grasec,0.8,42,gnn,200,1.0,1,1.0,1
grasec,0.8,42,gnn,201,1.0,1,1.0,1
grasec,0.8,42,gnn,202,1.0,1,1.0,1
grasec,0.8,42,gnn,203,0.9985370635986328,1,0.9703088402748108,1
grasec,0.8,42,gnn,204,1.0,1,1.0,1
grasec,0.8,42,gnn,205,1.0,1,1.0,1
grasec,0.8,42,gnn,206,0.9995222091674805,1,1.0,1
grasec,0.8,42,gnn,207,1.0,1,0.9994872808456421,1
grasec,0.8,42,gnn,208,0.4062314033508301,0,1.0,1
grasec,0.8,42,gnn,209,0.0862194374203682,0,1.0,1
grasec,0.8,42,gnn,210,1.0,1,0.9995383024215698,1
grasec,0.8,42,gnn,211,1.0,1,0.9999998807907104,1
grasec,0.8,42,gnn,212,1.0,1,0.9999135732650757,1
grasec,0.8,42,gnn,213,1.0,1,1.0,1
grasec,0.8,42,gnn,214,0.9821200966835022,1,1.0,1
grasec,0.8,42,gnn,215,0.9969726800918579,1,0.9999566078186035,1
grasec,0.8,42,gnn,216,1.0,1,1.0,1
grasec,0.8,42,gnn,217,0.9999916553497314,1,1.0,1
grasec,0.8,42,gnn,218,0.9710408449172974,1,0.9999154806137085,1
grasec,0.8,42,gnn,219,1.0,1,0.9993652701377869,1
grasec,0.8,42,gnn,220,0.9999996423721313,1,1.0,1
grasec,0.8,42,gnn,221,1.0,1,1.0,1
grasec,0.8,42,gnn,222,1.0,1,1.0,1
grasec,0.8,42,gnn,223,0.9968717694282532,1,0.9999940395355225,1
grasec,0.8,42,gnn,224,1.0,1,1.0,1
grasec,0.8,42,gnn,225,0.7974189519882202,1,1.0,1
grasec,0.8,42,gnn,226,1.0,1,0.9999688863754272,1
grasec,0.8,42,gnn,227,1.0,1,1.0,1
grasec,0.8,42,gnn,228,0.9990012049674988,1,0.9975153207778931,1
grasec,0.8,42,gnn,229,1.0,1,1.0,1
grasec,0.8,42,gnn,230,1.0,1,0.9975067973136902,1
grasec,0.8,42,gnn,231,1.0,1,1.0,1
grasec,0.8,42,gnn,232,1.0,1,0.9999996423721313,1
grasec,0.8,42,gnn,233,1.0,1,0.9986072182655334,1
grasec,0.8,42,gnn,234,0.9978437423706055,1,1.0,1
grasec,0.8,42,gnn,235,1.0,1,1.0,1
grasec,0.8,42,gnn,236,1.0,1,1.0,1
grasec,0.8,42,gnn,237,1.0,1,0.9995995163917542,1
grasec,0.8,42,gnn,238,0.7511230111122131,1,0.9999997615814209,1
grasec,0.8,42,gnn,239,1.0,1,0.9996893405914307,1
grasec,0.8,42,gnn,240,1.0,1,1.0,1
grasec,0.8,42,gnn,241,1.0,1,0.9877104163169861,1
grasec,0.8,42,gnn,242,0.9905851483345032,1,1.0,1
grasec,0.8,42,gnn,243,0.9930170774459839,1,1.0,1
grasec,0.8,42,gnn,244,1.0,1,0.9986020922660828,1
grasec,0.8,42,gnn,245,0.9979938268661499,1,1.0,1
grasec,0.8,42,gnn,246,0.9981034994125366,1,0.9950110912322998,1
grasec,0.8,42,gnn,247,1.0,1,0.9935599565505981,1
grasec,0.8,42,gnn,248,1.0,1,0.7196176052093506,0
grasec,0.8,42,gnn,249,0.9999997615814209,1,1.0,1
grasec,0.8,42,gnn,250,1.0,1,1.0,1
grasec,0.8,42,gnn,251,0.994882345199585,1,0.9957422614097595,1
grasec,0.8,42,gnn,252,1.0,1,1.0,1
grasec,0.8,42,gnn,253,1.0,1,1.0,1
grasec,0.8,42,gnn,254,1.0,1,1.0,1
grasec,0.8,42,gnn,255,1.0,1,0.9967367053031921,1
grasec,0.8,42,gnn,256,1.0,1,0.9999998807907104,1
grasec,0.8,42,gnn,257,1.0,1,1.0,1
grasec,0.8,42,gnn,258,0.9891058802604675,1,0.9902263879776001,1
grasec,0.8,42,gnn,259,0.014719539321959019,0,1.0,1
grasec,0.8,42,gnn,260,0.9998646974563599,1,0.9999994039535522,1
grasec,0.8,42,gnn,261,0.994860053062439,1,1.0,1
grasec,0.8,42,gnn,262,0.9994109869003296,1,1.0,1
grasec,0.8,42,gnn,263,1.0,1,0.26232072710990906,0
grasec,0.8,42,gnn,264,1.0,1,0.9998183846473694,1
grasec,0.8,42,gnn,265,1.0,1,0.9983705878257751,1
grasec,0.8,42,gnn,266,0.9999996423721313,1,0.2874498665332794,0
grasec,0.8,42,gnn,267,1.0,1,0.9981644749641418,1
grasec,0.8,42,gnn,268,0.9993636012077332,1,0.9977666139602661,1
grasec,0.8,42,gnn,269,1.0,1,1.0,1
grasec,0.8,42,gnn,270,1.0,1,0.9986680746078491,1
grasec,0.8,42,gnn,271,0.9968583583831787,1,1.0,1
grasec,0.8,42,gnn,272,1.0,1,1.0,1
grasec,0.8,42,gnn,273,0.9995279312133789,1,1.0,1
grasec,0.8,42,gnn,274,1.0,1,1.0,1
grasec,0.8,42,gnn,275,1.0,1,1.0,1
grasec,0.8,42,gnn,276,1.0,1,0.9999606609344482,1
grasec,0.8,42,gnn,277,1.0,1,0.9999997615814209,1
grasec,0.8,42,gnn,278,1.0,1,1.0,1
grasec,0.8,42,gnn,279,1.0,1,1.0,1
grasec,0.8,42,gnn,280,1.0,1,1.0,1
grasec,0.8,42,gnn,281,1.0,1,0.9972971081733704,1
grasec,0.8,42,gnn,282,1.0,1,1.0,1
grasec,0.8,42,gnn,283,0.9713791608810425,1,0.000674271781463176,0
grasec,0.8,42,gnn,284,1.0,1,1.0,1
grasec,0.8,42,gnn,285,0.026701869443058968,0,1.0,1
grasec,0.8,42,gnn,286,0.9956554174423218,1,0.9968662858009338,1
grasec,0.8,42,gnn,287,0.9998338222503662,1,1.0,1
grasec,0.8,42,gnn,288,0.9993104934692383,1,0.9999998807907104,1
grasec,0.8,42,gnn,289,1.0,1,0.9981281161308289,1
grasec,0.8,42,gnn,290,1.0,1,1.0,1
grasec,0.8,42,gnn,291,0.9998729228973389,1,0.9998711347579956,1
grasec,0.8,42,gnn,292,1.0,1,1.0,1
grasec,0.8,42,gnn,293,0.9998990297317505,1,1.0,1
grasec,0.8,42,gnn,294,0.8983321785926819,0,0.9991673231124878,1
grasec,0.8,42,gnn,295,1.0,1,1.0,1
grasec,0.8,42,gnn,296,0.9968453049659729,1,0.9862529635429382,1
grasec,0.8,42,gnn,297,1.0,1,1.0,1
grasec,0.8,42,gnn,298,1.0,1,1.0,1
grasec,0.8,42,gnn,299,1.0,1,0.9905099272727966,1
grasec,0.8,42,gnn,300,1.0,1,1.0,1
grasec,0.8,42,gnn,301,0.999675989151001,1,1.0,1
grasec,0.8,42,gnn,302,0.9996629953384399,1,0.9517275094985962,1
grasec,0.8,42,gnn,303,1.0,1,1.0,1
grasec,0.8,42,gnn,304,0.9978206157684326,1,1.0,1
grasec,0.8,42,gnn,305,0.9961906671524048,1,1.0,1
grasec,0.8,42,gnn,306,1.0,1,1.0,1
grasec,0.8,42,gnn,307,1.0,1,0.9895287156105042,1
grasec,0.8,42,gnn,308,1.0,1,1.0,1
grasec,0.8,42,gnn,309,1.0,1,1.0,1
grasec,0.8,42,gnn,310,0.9964525699615479,1,1.0,1
grasec,0.8,42,gnn,311,1.0,1,0.6085295081138611,1
grasec,0.8,42,gnn,312,1.0,1,1.0,1
grasec,0.8,42,gnn,313,0.999984860420227,1,1.0,1
grasec,0.8,42,gnn,314,1.0,1,1.0,1
grasec,0.8,42,gnn,315,0.9999924898147583,1,1.0,1
grasec,0.8,42,gnn,316,0.9995914101600647,1,1.0,1
grasec,0.8,42,gnn,317,1.0,1,1.0,1
grasec,0.8,42,gnn,318,0.9927563071250916,1,0.9990001320838928,1
grasec,0.8,42,gnn,319,0.9999914169311523,1,0.9981682300567627,1
grasec,0.8,42,gnn,320,1.0,1,1.0,1
grasec,0.8,42,gnn,321,0.9998834133148193,1,1.0,1
grasec,0.8,42,gnn,322,1.0,1,0.9991130232810974,1
grasec,0.8,42,gnn,323,0.9977391958236694,1,1.0,1
grasec,0.8,42,gnn,324,1.0,1,0.9999948740005493,1
grasec,0.8,42,gnn,325,1.0,1,1.0,1
grasec,0.8,42,gnn,326,1.0,1,0.988676905632019,1
grasec,0.8,42,gnn,327,1.0,1,0.9999886751174927,1
grasec,0.8,42,gnn,328,0.9990812540054321,1,0.9985136389732361,1
grasec,0.8,42,gnn,329,1.0,1,1.0,1
grasec,0.8,42,gnn,330,0.9996931552886963,1,1.0,1
grasec,0.8,42,gnn,331,0.9970001578330994,1,1.0,1
grasec,0.8,42,gnn,332,1.0,1,0.9963627457618713,1
grasec,0.8,42,gnn,333,0.9527363181114197,1,1.0,1
grasec,0.8,42,gnn,334,0.998818576335907,1,1.0,1
grasec,0.8,42,gnn,335,1.0,1,0.9992927312850952,1
grasec,0.8,42,gnn,336,1.0,1,1.0,1
grasec,0.8,42,gnn,337,0.9999845027923584,1,0.9960963129997253,1
grasec,0.8,42,gnn,338,0.01565253548324108,0,0.999809205532074,1
grasec,0.8,42,gnn,339,0.9307734966278076,1,0.9989193677902222,1
grasec,0.8,42,gnn,340,0.9996448755264282,1,1.0,1
grasec,0.8,42,gnn,341,1.0,1,1.0,1
grasec,0.8,42,gnn,342,1.0,1,1.0,1
grasec,0.8,42,gnn,343,1.0,1,1.0,1
grasec,0.8,42,gnn,344,0.9957460761070251,1,1.0,1
grasec,0.8,42,gnn,345,1.0,1,1.0,1
grasec,0.8,42,gnn,346,0.9990406632423401,1,1.0,1
grasec,0.8,42,gnn,347,0.9918940663337708,1,0.9993517994880676,1
grasec,0.8,42,gnn,348,1.0,1,0.032423704862594604,0
grasec,0.8,42,gnn,349,0.04747578874230385,0,1.0,1
grasec,0.8,42,gnn,350,1.0,1,0.9995043277740479,1
grasec,0.8,42,gnn,351,1.0,1,0.9806516766548157,1
grasec,0.8,42,gnn,352,0.999891996383667,1,0.2833952307701111,1
grasec,0.8,42,gnn,353,1.0,1,0.9980384707450867,1
grasec,0.8,42,gnn,354,1.0,1,1.0,1
grasec,0.8,42,gnn,355,0.9994268417358398,1,1.0,1
grasec,0.8,42,gnn,356,0.99817955493927,1,0.5865934491157532,0
grasec,0.8,42,gnn,357,1.0,1,1.0,1
grasec,0.8,42,gnn,358,0.9999186992645264,1,0.9998372793197632,1
grasec,0.8,42,gnn,359,0.9999114274978638,1,1.0,1
grasec,0.8,42,gnn,360,0.998623251914978,1,0.9751539826393127,1
grasec,0.8,42,gnn,361,1.0,1,0.9912266135215759,1
grasec,0.8,42,gnn,362,0.9956777691841125,1,1.0,1
grasec,0.8,42,gnn,363,0.054870281368494034,0,0.06060919165611267,0
grasec,0.8,42,gnn,364,0.9610706567764282,1,1.0,1
grasec,0.8,42,gnn,365,0.9941891431808472,1,1.0,1
grasec,0.8,42,gnn,366,0.9983938336372375,1,0.9999990463256836,1
grasec,0.8,42,gnn,367,0.9977726340293884,1,1.0,1
grasec,0.8,42,gnn,368,0.9987439513206482,1,1.0,1
grasec,0.8,42,gnn,369,1.0,1,1.0,1
grasec,0.8,42,gnn,370,0.9972931742668152,1,0.9893431663513184,1
grasec,0.8,42,gnn,371,1.0,1,0.9980067610740662,1
grasec,0.8,42,gnn,372,0.0026217002887278795,0,1.0,1
grasec,0.8,42,gnn,373,1.0,1,0.9980838298797607,1
grasec,0.8,42,gnn,374,0.999920129776001,1,1.0,1
grasec,0.8,42,gnn,375,0.9972388744354248,1,1.0,1
grasec,0.8,42,gnn,376,0.9999321699142456,1,0.00658620847389102,0
grasec,0.8,42,gnn,377,1.0,1,0.971218466758728,1
grasec,0.8,42,gnn,378,0.9988396763801575,1,0.9996538162231445,1
grasec,0.8,42,gnn,379,0.9960669875144958,1,0.2622471749782562,0
grasec,0.8,42,gnn,380,0.998578667640686,1,0.9903064966201782,1
grasec,0.8,42,gnn,381,1.0,1,0.9999985694885254,1
grasec,0.8,42,gnn,382,1.0,1,0.9997535347938538,1
grasec,0.8,42,gnn,383,0.9963328838348389,1,1.0,1
grasec,0.8,42,gnn,384,1.0,1,1.0,1
grasec,0.8,42,gnn,385,1.0,1,0.9965453743934631,1
grasec,0.8,42,gnn,386,1.0,1,0.9365845918655396,1
grasec,0.8,42,gnn,387,0.346008837223053,1,0.9932610392570496,1
grasec,0.8,42,gnn,388,0.999723494052887,1,0.9641765356063843,1
grasec,0.8,42,gnn,389,1.0,1,1.0,1
grasec,0.8,42,gnn,390,0.9953384399414062,1,0.9977225661277771,1
grasec,0.8,42,gnn,391,1.0,1,1.0,1
grasec,0.8,42,gnn,392,0.9667035937309265,1,1.0,1
grasec,0.8,42,gnn,393,1.0,1,1.0,1
grasec,0.8,42,gnn,394,1.0,1,1.0,1
grasec,0.8,42,gnn,395,0.9999405145645142,1,0.9996873140335083,1
grasec,0.8,42,gnn,396,0.4557572305202484,0,1.0,1
grasec,0.8,42,gnn,397,1.0,1,1.0,1
grasec,0.8,42,gnn,398,1.0,1,0.9999887943267822,1
grasec,0.8,42,gnn,399,1.0,1,1.0,1
grasec,0.8,42,gnn,400,1.0,1,0.9972737431526184,1
grasec,0.8,42,gnn,401,1.0,1,0.9994872808456421,1
grasec,0.8,42,gnn,402,1.0,1,0.9948315620422363,1
grasec,0.8,42,gnn,403,0.0007078322232700884,0,1.0,1
grasec,0.8,42,gnn,404,0.9989320635795593,1,0.9998076558113098,1
grasec,0.8,42,gnn,405,0.9977692365646362,1,1.0,1
grasec,0.8,42,gnn,406,1.0,1,1.0,1
grasec,0.8,42,gnn,407,1.0,1,1.0,1
grasec,0.8,42,gnn,408,1.0,1,0.9986773133277893,1
grasec,0.8,42,gnn,409,0.9981185793876648,1,0.9985734224319458,1
grasec,0.8,42,gnn,410,0.9973360896110535,1,1.0,1
grasec,0.8,42,gnn,411,1.0,1,1.0,1
grasec,0.8,42,gnn,412,0.9999517202377319,1,0.999609649181366,1
grasec,0.8,42,gnn,413,1.0,1,1.0,1
grasec,0.8,42,gnn,414,1.0,1,0.9999899864196777,1
grasec,0.8,42,gnn,415,0.9999996423721313,1,1.0,1
grasec,0.8,42,gnn,416,0.9999812841415405,1,1.0,1
grasec,0.8,42,gnn,417,0.9950551986694336,1,0.00343356654047966,0
grasec,0.8,42,gnn,418,1.0,1,1.0,1
grasec,0.8,42,gnn,419,1.0,1,0.05379153788089752,0
grasec,0.8,42,gnn,420,1.0,1,0.009503682143986225,0
grasec,0.8,42,gnn,421,0.9925546050071716,1,0.9924556016921997,1
grasec,0.8,42,gnn,422,1.0,1,0.991657555103302,1
grasec,0.8,42,gnn,423,1.0,1,0.002804037183523178,0
grasec,0.8,42,gnn,424,1.0,1,0.9990952014923096,1
grasec,0.8,42,gnn,425,0.9999685287475586,1,1.0,1
grasec,0.8,42,gnn,426,0.0011505706934258342,0,0.9958563446998596,1
grasec,0.8,42,gnn,427,1.0,1,1.0,1
grasec,0.8,42,gnn,428,1.0,1,1.0,1
grasec,0.8,42,gnn,429,1.0,1,1.0,1
grasec,0.8,42,gnn,430,0.15197601914405823,0,0.13254980742931366,0
grasec,0.8,42,gnn,431,1.0,1,0.9990358352661133,1
grasec,0.8,42,gnn,432,1.0,1,1.0,1
grasec,0.8,42,gnn,433,0.08088791370391846,0,1.0,1
grasec,0.8,42,gnn,434,0.9990537762641907,1,1.0,1
grasec,0.8,42,gnn,435,0.999996542930603,1,1.0,1
grasec,0.8,42,gnn,436,1.0,1,1.0,1
grasec,0.8,42,gnn,437,1.0,1,1.0,1
grasec,0.8,42,gnn,438,0.9968158602714539,1,0.9988141059875488,1
grasec,0.8,42,gnn,439,0.9999998807907104,1,0.9999996423721313,1
grasec,0.8,42,gnn,440,1.0,1,1.0,1
grasec,0.8,42,gnn,441,1.0,1,1.0,1
grasec,0.8,42,gnn,442,0.9899393916130066,1,1.0,1
grasec,0.8,42,gnn,443,0.9952200055122375,1,0.09827469289302826,0
grasec,0.8,42,gnn,444,0.01325976848602295,0,1.0,1
grasec,0.8,42,gnn,445,1.0,1,0.9997915625572205,1
grasec,0.8,42,gnn,446,1.0,1,1.0,1
grasec,0.8,42,gnn,447,0.9986647367477417,1,0.9999645948410034,1
grasec,0.8,42,gnn,448,1.0,1,0.995125949382782,1
grasec,0.8,42,gnn,449,0.9998373985290527,1,0.9949775338172913,1
grasec,0.8,42,gnn,450,1.0,1,1.0,1
grasec,0.8,42,gnn,451,0.9999432563781738,1,0.992416501045227,1
grasec,0.8,42,gnn,452,0.9975095987319946,1,0.9991796612739563,1
grasec,0.8,42,gnn,453,1.0,1,1.0,1
grasec,0.8,42,gnn,454,1.0,1,0.9999953508377075,1
grasec,0.8,42,gnn,455,0.9999915361404419,1,0.9999992847442627,1
grasec,0.8,42,gnn,456,0.9994199275970459,1,1.0,1
grasec,0.8,42,gnn,457,1.0,1,1.0,1
grasec,0.8,42,gnn,458,1.0,1,0.6705998778343201,1
grasec,0.8,42,gnn,459,1.0,1,0.9944267272949219,1
grasec,0.8,42,gnn,460,0.9999994039535522,1,1.0,1
grasec,0.8,42,gnn,461,1.0,1,0.9998643398284912,1
grasec,0.8,42,gnn,462,1.0,1,0.0060991402715444565,0
grasec,0.8,42,gnn,463,1.0,1,0.9991050362586975,1
grasec,0.8,42,gnn,464,1.0,1,1.0,1
grasec,0.8,42,gnn,465,1.0,1,1.0,1
grasec,0.8,42,gnn,466,0.9626789093017578,1,0.35952097177505493,0
grasec,0.8,42,gnn,467,1.0,1,1.0,1
grasec,0.8,42,gnn,468,1.0,1,1.0,1
grasec,0.8,42,gnn,469,1.0,1,0.5289159417152405,0
grasec,0.8,42,gnn,470,1.0,1,1.0,1
grasec,0.8,42,gnn,471,0.9994624257087708,1,1.0,1
grasec,0.8,42,gnn,472,1.0,1,0.9999825954437256,1
grasec,0.8,42,gnn,473,0.9999994039535522,1,1.0,1
grasec,0.8,42,gnn,474,1.0,1,1.0,1
grasec,0.8,42,gnn,475,0.00011056803487008438,0,0.9993090629577637,1
grasec,0.8,42,gnn,476,1.0,1,0.9991443157196045,1
grasec,0.8,42,gnn,477,0.9999997615814209,1,1.0,1
grasec,0.8,42,gnn,478,1.0,1,1.0,1
grasec,0.8,42,gnn,479,0.12310338020324707,0,1.0,1
grasec,0.8,42,gnn,480,1.0,1,0.9998419284820557,1
grasec,0.8,42,gnn,481,0.9948925971984863,1,0.9999468326568604,1
grasec,0.8,42,gnn,482,0.015283373184502125,0,0.9999992847442627,1
grasec,0.8,42,gnn,483,0.9999958276748657,1,1.0,1
grasec,0.8,42,gnn,484,0.9853824377059937,1,1.0,1
grasec,0.8,42,gnn,485,0.9986788630485535,1,0.9998599290847778,1
grasec,0.8,42,gnn,486,0.9985913634300232,1,1.0,1
grasec,0.8,42,gnn,487,1.0,1,1.0,1
grasec,0.8,42,gnn,488,0.9997819066047668,1,1.0,1
grasec,0.8,42,gnn,489,0.9994377493858337,1,1.0,1
grasec,0.8,42,gnn,490,1.0,1,1.0,1
grasec,0.8,42,gnn,491,1.0,1,1.0,1
grasec,0.8,42,gnn,492,1.0,1,0.9997403025627136,1
grasec,0.8,42,gnn,493,1.0,1,1.0,1
grasec,0.8,42,gnn,494,0.9864794611930847,1,1.0,1
grasec,0.8,42,gnn,495,1.0,1,1.0,1
grasec,0.8,42,gnn,496,1.0,1,0.04458774998784065,0
grasec,0.8,42,gnn,497,1.0,1,1.0,1
grasec,0.8,42,gnn,498,1.0,1,1.0,1
grasec,0.8,42,gnn,499,1.0,1,0.9999997615814209,1
grasec,0.8,42,gnn,500,1.0,1,1.0,1
grasec,0.8,42,gnn,501,1.0,1,1.0,1
grasec,0.8,42,gnn,502,1.0,1,1.0,1
grasec,0.8,42,gnn,503,0.9832578301429749,1,0.9999208450317383,1
grasec,0.8,42,gnn,504,0.9999986886978149,1,1.0,1
grasec,0.8,42,gnn,505,0.9865384101867676,1,1.0,1
grasec,0.8,42,gnn,506,0.9981229901313782,1,1.0,1
grasec,0.8,42,gnn,507,1.0,1,1.0,1
grasec,0.8,42,gnn,508,0.9999984502792358,1,0.9999867677688599,1
grasec,0.8,42,gnn,509,1.0,1,1.0,1
grasec,0.8,42,gnn,510,0.0030006947927176952,0,0.9945907592773438,1
grasec,0.8,42,gnn,511,0.9935948252677917,1,0.9986477494239807,1
grasec,0.8,42,gnn,512,1.0,1,1.0,1
grasec,0.8,42,gnn,513,1.0,1,1.0,1
grasec,0.8,42,gnn,514,1.0,1,1.0,1
grasec,0.8,42,gnn,515,0.13697539269924164,0,0.9984692931175232,1
grasec,0.8,42,gnn,516,1.0,1,0.8976097106933594,1
grasec,0.8,42,gnn,517,1.0,1,1.0,1
grasec,0.8,42,gnn,518,1.0,1,1.0,1
grasec,0.8,42,gnn,519,0.9998804330825806,1,1.0,1
grasec,0.8,42,gnn,520,0.9999991655349731,1,1.0,1
grasec,0.8,42,gnn,521,1.0,1,0.9993191957473755,1
grasec,0.8,42,gnn,522,1.0,1,1.0,1
grasec,0.8,42,gnn,523,1.0,1,1.0,1
grasec,0.8,42,gnn,524,1.0,1,0.9995089769363403,1
grasec,0.8,42,gnn,525,1.0,1,1.0,1
grasec,0.8,42,gnn,526,1.0,1,1.0,1
grasec,0.8,42,gnn,527,0.9974449872970581,1,1.0,1
grasec,0.8,42,gnn,528,0.10387872159481049,0,1.0,1
grasec,0.8,42,gnn,529,0.999862551689148,1,1.0,1
grasec,0.8,42,gnn,530,1.0,1,1.0,1
grasec,0.8,42,gnn,531,1.0,1,1.0,1
grasec,0.8,42,gnn,532,0.9994745850563049,1,1.0,1
grasec,0.8,42,gnn,533,0.999891996383667,1,0.9997114539146423,1
grasec,0.8,42,gnn,534,1.0,1,1.0,1
grasec,0.8,42,gnn,535,1.0,1,1.0,1
grasec,0.8,42,gnn,536,1.0,1,1.0,1
grasec,0.8,42,gnn,537,1.0,1,0.9999740123748779,1
grasec,0.8,42,gnn,538,1.0,1,1.0,1
grasec,0.8,42,gnn,539,0.998808741569519,1,1.0,1
grasec,0.8,42,gnn,540,1.0,1,0.9970901012420654,1
grasec,0.8,42,gnn,541,1.0,1,1.0,1
grasec,0.8,42,gnn,542,0.9135570526123047,0,1.0,1
grasec,0.8,42,gnn,543,0.9999896287918091,1,1.0,1
grasec,0.8,42,gnn,544,1.0,1,0.9994447827339172,1
grasec,0.8,42,gnn,545,0.998848557472229,1,1.0,1
grasec,0.8,42,gnn,546,0.8661450743675232,1,1.0,1
grasec,0.8,42,gnn,547,1.0,1,1.0,1
grasec,0.8,42,gnn,548,1.0,1,1.0,1
grasec,0.8,42,gnn,549,1.0,1,1.0,1
grasec,0.8,42,gnn,550,1.0,1,1.0,1
grasec,0.8,42,gnn,551,1.0,1,1.0,1
grasec,0.8,42,gnn,552,0.9999847412109375,1,0.993675172328949,1
grasec,0.8,42,gnn,553,1.0,1,0.9986118078231812,1
grasec,0.8,42,gnn,554,1.0,1,0.022880520671606064,0
grasec,0.8,42,gnn,555,1.0,1,0.3542802035808563,1
grasec,0.8,42,gnn,556,0.9998747110366821,1,1.0,1
grasec,0.8,42,gnn,557,0.9975748658180237,1,1.0,1
grasec,0.8,42,gnn,558,1.0,1,1.0,1
grasec,0.8,42,gnn,559,1.0,1,1.0,1
grasec,0.8,42,gnn,560,0.9828832745552063,1,1.0,1
grasec,0.8,42,gnn,561,0.9840419292449951,1,1.0,1
grasec,0.8,42,gnn,562,0.9360554814338684,1,0.9990691542625427,1
grasec,0.8,42,gnn,563,0.9881636500358582,1,1.0,1
grasec,0.8,42,gnn,564,0.9998156428337097,1,1.0,1
grasec,0.8,42,gnn,565,0.9997900128364563,1,1.0,1
grasec,0.8,42,gnn,566,0.9993337988853455,1,0.09485522657632828,0
grasec,0.8,42,gnn,567,0.9990262985229492,1,1.0,1
grasec,0.8,42,gnn,568,1.0,1,0.48038992285728455,0
grasec,0.8,42,gnn,569,0.9980290532112122,1,1.0,1
grasec,0.8,42,gnn,570,1.0,1,1.0,1
grasec,0.8,42,gnn,571,0.002143960213288665,0,1.0,1
grasec,0.8,42,gnn,572,0.9773041605949402,1,0.9976098537445068,1
grasec,0.8,42,gnn,573,1.0,1,0.9937054514884949,1
grasec,0.8,42,gnn,574,1.0,1,1.0,1
grasec,0.8,42,gnn,575,0.9980212450027466,1,0.029206354171037674,0
grasec,0.8,42,gnn,576,0.9999431371688843,1,0.9999997615814209,1
grasec,0.8,42,gnn,577,1.0,1,0.9991946816444397,1
grasec,0.8,42,gnn,578,1.0,1,1.0,1
grasec,0.8,42,gnn,579,0.9942352175712585,1,1.0,1
grasec,0.8,42,gnn,580,0.9924191236495972,1,0.006552949082106352,0
grasec,0.8,42,gnn,581,1.0,1,1.0,1
grasec,0.8,42,gnn,582,1.0,1,1.0,1
grasec,0.8,42,gnn,583,0.990951418876648,1,1.0,1
grasec,0.8,42,gnn,584,1.0,1,1.0,1
grasec,0.8,42,gnn,585,0.9987757802009583,1,1.0,1
grasec,0.8,42,gnn,586,1.0,1,1.0,1
grasec,0.8,42,gnn,587,0.9999997615814209,1,0.999661922454834,1
grasec,0.8,42,gnn,588,0.9718709588050842,1,1.0,1
grasec,0.8,42,gnn,589,0.9875859022140503,1,1.0,1
grasec,0.8,42,gnn,590,0.9990487694740295,1,1.0,1
grasec,0.8,42,gnn,591,0.005689739249646664,0,1.0,1
grasec,0.8,42,gnn,592,1.0,1,1.0,1
grasec,0.8,42,gnn,593,0.9991969466209412,1,0.9912704229354858,1
grasec,0.8,42,gnn,594,1.0,1,0.9999624490737915,1
grasec,0.8,42,gnn,595,1.0,1,1.0,1
grasec,0.8,42,gnn,596,0.9995859265327454,1,1.0,1
grasec,0.8,42,gnn,597,0.999996542930603,1,1.0,1
grasec,0.8,42,gnn,598,1.0,1,1.0,1
grasec,0.8,42,gnn,599,0.9961859583854675,1,1.0,1
grasec,0.8,42,gnn,600,1.0,1,0.13313867151737213,0
grasec,0.8,42,gnn,601,1.0,1,1.0,1
grasec,0.8,42,gnn,602,0.0002549478376749903,0,1.0,1
grasec,0.8,42,gnn,603,1.0,1,1.0,1
grasec,0.8,42,gnn,604,1.0,1,0.9999966621398926,1
grasec,0.8,42,gnn,605,1.0,1,0.999127209186554,1
grasec,0.8,42,gnn,606,1.0,1,0.9938032627105713,1
grasec,0.8,42,gnn,607,0.9998972415924072,1,1.0,1
grasec,0.8,42,gnn,608,1.0,1,1.0,1
grasec,0.8,42,gnn,609,0.9999328851699829,1,0.9999606609344482,1
grasec,0.8,42,gnn,610,0.6438491344451904,1,1.0,1
grasec,0.8,42,gnn,611,0.9155240654945374,1,0.9978469610214233,1
grasec,0.8,42,gnn,612,0.9921833872795105,1,0.9904603958129883,1
grasec,0.8,42,gnn,613,1.0,1,0.9991033673286438,1
grasec,0.8,42,gnn,614,0.0861499160528183,0,0.9976310729980469,1
grasec,0.8,42,gnn,615,0.006491986569017172,0,1.0,1
grasec,0.8,42,gnn,616,0.9998873472213745,1,1.0,1
grasec,0.8,42,gnn,617,1.0,1,1.0,1
grasec,0.8,42,gnn,618,1.0,1,1.0,1
grasec,0.8,42,gnn,619,0.9846577048301697,1,1.0,1
grasec,0.8,42,gnn,620,1.0,1,1.0,1
grasec,0.8,42,gnn,621,1.0,1,0.9997723698616028,1
grasec,0.8,42,gnn,622,1.0,1,1.0,1
grasec,0.8,42,gnn,623,0.4611606001853943,1,1.0,1
grasec,0.8,42,gnn,624,1.0,1,1.0,1
grasec,0.8,42,gnn,625,1.0,1,1.0,1
grasec,0.8,42,gnn,626,0.21103985607624054,0,1.0,1
grasec,0.8,42,gnn,627,0.9999140501022339,1,1.0,1
grasec,0.8,42,gnn,628,1.0,1,0.9996867179870605,1
grasec,0.8,42,gnn,629,1.0,1,1.0,1
grasec,0.8,42,gnn,630,1.0,1,1.0,1
grasec,0.8,42,gnn,631,1.0,1,0.9972810745239258,1
grasec,0.8,42,gnn,632,1.0,1,0.995701014995575,1
grasec,0.8,42,gnn,633,1.0,1,0.9846840500831604,1
grasec,0.8,42,gnn,634,1.0,1,1.0,1
grasec,0.8,42,gnn,635,1.0,1,1.0,1
grasec,0.8,42,gnn,636,1.0,1,1.0,1
grasec,0.8,42,gnn,637,0.9642327427864075,1,1.0,1
grasec,0.8,42,gnn,638,1.0,1,0.9977259039878845,1
grasec,0.8,42,gnn,639,1.0,1,1.0,1
grasec,0.8,42,gnn,640,1.0,1,1.0,1
grasec,0.8,42,gnn,641,1.0,1,0.9998763799667358,1
grasec,0.8,42,gnn,642,0.9999964237213135,1,0.9990179538726807,1
grasec,0.8,42,gnn,643,1.0,1,1.0,1
grasec,0.8,42,gnn,644,1.0,1,0.9926885962486267,1
grasec,0.8,42,gnn,645,1.0,1,0.9999619722366333,1
grasec,0.8,42,gnn,646,0.9902410507202148,1,1.0,1
grasec,0.8,42,gnn,647,1.0,1,0.7814491391181946,1
grasec,0.8,42,gnn,648,0.9752757549285889,1,0.9986305236816406,1
grasec,0.8,42,gnn,649,1.0,1,0.9914538860321045,1
grasec,0.8,42,gnn,650,1.0,1,0.9982613921165466,1
grasec,0.8,42,gnn,651,1.0,1,1.0,1
grasec,0.8,42,gnn,652,0.0010396717116236687,0,1.0,1
grasec,0.8,42,gnn,653,1.0,1,1.0,1
grasec,0.8,42,gnn,654,1.0,1,1.0,1
grasec,0.8,42,gnn,655,1.0,1,0.9942625164985657,1
grasec,0.8,42,gnn,656,1.0,1,1.0,1
grasec,0.8,42,gnn,657,0.9639744758605957,1,0.0022621601819992065,0
grasec,0.8,42,gnn,658,0.9996887445449829,1,1.0,1
grasec,0.8,42,gnn,659,1.0,1,1.0,1
grasec,0.8,42,gnn,660,0.9956023693084717,1,0.999985933303833,1
grasec,0.8,42,gnn,661,1.0,1,1.0,1
grasec,0.8,42,gnn,662,0.9965341091156006,1,1.0,1
grasec,0.8,42,gnn,663,1.0,1,1.0,1
grasec,0.8,42,gnn,664,0.9999295473098755,1,1.0,1
grasec,0.8,42,gnn,665,0.998796820640564,1,0.9999997615814209,1
grasec,0.8,42,gnn,666,1.0,1,0.998854398727417,1
grasec,0.8,42,gnn,667,1.0,1,0.9995346069335938,1
grasec,0.8,42,gnn,668,0.9945129156112671,1,1.0,1
grasec,0.8,42,gnn,669,0.99895179271698,1,1.0,1
grasec,0.8,42,gnn,670,0.07202117890119553,0,1.0,1
grasec,0.8,42,gnn,671,1.0,1,1.0,1
grasec,0.8,42,gnn,672,0.9991631507873535,1,1.0,1
grasec,0.8,42,gnn,673,0.00044348087976686656,0,0.9925447106361389,1
grasec,0.8,42,gnn,674,0.9989014863967896,1,0.9964762330055237,1
grasec,0.8,42,gnn,675,1.0,1,0.9970580339431763,1
grasec,0.8,42,gnn,676,0.3045003116130829,1,0.07484205812215805,0
grasec,0.8,42,gnn,677,0.895418643951416,1,1.0,1
grasec,0.8,42,gnn,678,0.9999685287475586,1,1.0,1
grasec,0.8,42,gnn,679,0.9994441866874695,1,1.0,1
grasec,0.8,42,gnn,680,1.0,1,0.9982988238334656,1
grasec,0.8,42,gnn,681,1.0,1,1.0,1
grasec,0.8,42,gnn,682,1.0,1,1.0,1
grasec,0.8,42,gnn,683,1.0,1,1.0,1
grasec,0.8,42,gnn,684,1.0,1,0.999656081199646,1
grasec,0.8,42,gnn,685,0.9828008413314819,1,1.0,1
grasec,0.8,42,gnn,686,0.9993690848350525,1,1.0,1
grasec,0.8,42,gnn,687,0.9992358684539795,1,1.0,1
grasec,0.8,42,gnn,688,0.998698353767395,1,0.9977789521217346,1
grasec,0.8,42,gnn,689,0.9861791133880615,1,0.9983832836151123,1
grasec,0.8,42,gnn,690,0.9985942244529724,1,0.8963457942008972,1
grasec,0.8,42,gnn,691,1.0,1,1.0,1
grasec,0.8,42,gnn,692,1.0,1,1.0,1
grasec,0.8,42,gnn,693,1.0,1,0.9453290700912476,1
grasec,0.8,42,gnn,694,0.9999754428863525,1,0.9997490048408508,1
grasec,0.8,42,gnn,695,1.0,1,1.0,1
grasec,0.8,42,gnn,696,1.0,1,0.9969767332077026,1
grasec,0.8,42,gnn,697,1.0,1,0.9991322159767151,1
grasec,0.8,42,gnn,698,0.9890084862709045,1,0.011187131516635418,0
grasec,0.8,42,gnn,699,0.9967827796936035,1,1.0,1
grasec,0.8,42,gnn,700,1.0,1,1.0,1
grasec,0.8,42,gnn,701,1.0,1,1.0,1
grasec,0.8,42,gnn,702,1.0,1,1.0,1
grasec,0.8,42,gnn,703,0.9064846634864807,1,0.9999790191650391,1
grasec,0.8,42,gnn,704,0.9989984631538391,1,0.9999980926513672,1
grasec,0.8,42,gnn,705,1.0,1,1.0,1
grasec,0.8,42,gnn,706,0.9501213431358337,1,1.0,1
grasec,0.8,42,gnn,707,1.0,1,1.0,1
grasec,0.8,42,gnn,708,0.11759696900844574,0,0.1194797083735466,0
grasec,0.8,42,gnn,709,1.0,1,0.9999996423721313,1
grasec,0.8,42,gnn,710,0.9998407363891602,1,0.9997788071632385,1
grasec,0.8,42,gnn,711,1.0,1,0.0009072155808098614,0
grasec,0.8,42,gnn,712,0.9993407130241394,1,1.0,1
grasec,0.8,42,gnn,713,1.0,1,1.0,1
grasec,0.8,42,gnn,714,0.01384789403527975,0,0.9988483190536499,1
grasec,0.8,42,gnn,715,1.0,1,0.9999996423721313,1
grasec,0.8,42,gnn,716,1.0,1,0.5776700973510742,1
grasec,0.8,42,gnn,717,1.0,1,1.0,1
grasec,0.8,42,gnn,718,1.0,1,1.0,1
grasec,0.8,42,gnn,719,1.0,1,0.995392918586731,1
grasec,0.8,42,gnn,720,0.008713253773748875,0,0.9989956021308899,1
grasec,0.8,42,gnn,721,0.9985211491584778,1,1.0,1
grasec,0.8,42,gnn,722,1.0,1,1.0,1
grasec,0.8,42,gnn,723,1.0,1,1.0,1
grasec,0.8,42,gnn,724,1.0,1,1.0,1
grasec,0.8,42,gnn,725,0.9994547963142395,1,1.0,1
grasec,0.8,42,gnn,726,1.0,1,0.9957202076911926,1
grasec,0.8,42,gnn,727,1.0,1,0.9955098628997803,1
grasec,0.8,42,gnn,728,0.9999994039535522,1,1.0,1
grasec,0.8,42,gnn,729,0.9850504398345947,1,1.0,1
grasec,0.8,42,gnn,730,1.0,1,1.0,1
grasec,0.8,42,gnn,731,1.0,1,1.0,1
grasec,0.8,42,gnn,732,1.0,1,1.0,1
grasec,0.8,42,gnn,733,1.0,1,0.9997188448905945,1
grasec,0.8,42,gnn,734,1.0,1,1.0,1
grasec,0.8,42,gnn,735,1.0,1,1.0,1
grasec,0.8,42,gnn,736,0.9999866485595703,1,1.0,1
grasec,0.8,42,gnn,737,1.0,1,1.0,1
grasec,0.8,42,gnn,738,1.0,1,1.0,1
grasec,0.8,42,gnn,739,0.9999755620956421,1,0.10599973797798157,1
grasec,0.8,42,gnn,740,0.0014575938694179058,0,1.0,1
grasec,0.8,42,gnn,741,0.9987478256225586,1,1.0,1
grasec,0.8,42,gnn,742,1.0,1,0.9987321496009827,1
grasec,0.8,42,gnn,743,1.0,1,0.9999802112579346,1
grasec,0.8,42,gnn,744,,,1.0,1
grasec,0.8,43,gnn,0,1.0,1,0.9971892237663269,1
grasec,0.8,43,gnn,1,1.0,1,0.5553002953529358,0
grasec,0.8,43,gnn,2,1.0,1,0.9999991655349731,1
grasec,0.8,43,gnn,3,0.9998283386230469,1,1.0,1
grasec,0.8,43,gnn,4,1.0,1,1.0,1
grasec,0.8,43,gnn,5,0.9999996423721313,1,0.999630331993103,1
grasec,0.8,43,gnn,6,1.0,1,1.0,1
grasec,0.8,43,gnn,7,0.9999923706054688,1,0.9998273849487305,1
grasec,0.8,43,gnn,8,0.9971702694892883,1,1.0,1
grasec,0.8,43,gnn,9,1.0,1,1.0,1
grasec,0.8,43,gnn,10,1.0,1,0.9827457666397095,1
grasec,0.8,43,gnn,11,1.0,1,0.9995653033256531,1
grasec,0.8,43,gnn,12,1.0,1,0.9999997615814209,1
grasec,0.8,43,gnn,13,0.9997873902320862,1,1.0,1
grasec,0.8,43,gnn,14,1.0,1,0.9809829592704773,1
grasec,0.8,43,gnn,15,1.0,1,1.0,1
grasec,0.8,43,gnn,16,0.9603832960128784,1,0.9979795813560486,1
grasec,0.8,43,gnn,17,0.996387243270874,1,4.161483229836449e-05,0
grasec,0.8,43,gnn,18,0.9999375343322754,1,1.0,1
grasec,0.8,43,gnn,19,0.9999680519104004,1,0.6139492392539978,1
grasec,0.8,43,gnn,20,1.0,1,0.9987087249755859,1
grasec,0.8,43,gnn,21,1.0,1,1.0,1
grasec,0.8,43,gnn,22,1.0,1,1.0,1
grasec,0.8,43,gnn,23,1.0,1,1.0,1
grasec,0.8,43,gnn,24,0.4334639608860016,1,1.0,1
grasec,0.8,43,gnn,25,0.993131697177887,1,1.0,1
grasec,0.8,43,gnn,26,1.0,1,1.0,1
grasec,0.8,43,gnn,27,0.9999778270721436,1,1.0,1
grasec,0.8,43,gnn,28,1.0,1,1.0,1
grasec,0.8,43,gnn,29,1.0,1,0.9987252354621887,1
grasec,0.8,43,gnn,30,1.0,1,1.0,1
grasec,0.8,43,gnn,31,1.0,1,0.9970839619636536,1
grasec,0.8,43,gnn,32,1.0,1,1.0,1
grasec,0.8,43,gnn,33,1.0,1,1.0,1
grasec,0.8,43,gnn,34,0.9999972581863403,1,1.0,1
grasec,0.8,43,gnn,35,0.998941957950592,1,1.0,1
grasec,0.8,43,gnn,36,0.9970942735671997,1,0.02938028611242771,0
grasec,0.8,43,gnn,37,0.9996436834335327,1,0.9998296499252319,1
grasec,0.8,43,gnn,38,0.9743731021881104,1,1.0,1
grasec,0.8,43,gnn,39,0.9954257607460022,1,0.9998852014541626,1
grasec,0.8,43,gnn,40,0.9999961853027344,1,0.9996106028556824,1
grasec,0.8,43,gnn,41,0.9985393285751343,1,1.0,1
grasec,0.8,43,gnn,42,0.9993736147880554,1,0.9999995231628418,1
grasec,0.8,43,gnn,43,0.9999974966049194,1,1.0,1
grasec,0.8,43,gnn,44,0.9999998807907104,1,1.0,1
grasec,0.8,43,gnn,45,1.0,1,1.0,1
grasec,0.8,43,gnn,46,0.0009834226220846176,0,0.9999676942825317,1
grasec,0.8,43,gnn,47,1.0,1,1.0,1
grasec,0.8,43,gnn,48,0.9999587535858154,1,0.9948493838310242,1
grasec,0.8,43,gnn,49,0.9838916659355164,1,0.9982129335403442,1
grasec,0.8,43,gnn,50,1.0,1,1.0,1
grasec,0.8,43,gnn,51,0.9994527697563171,1,1.0,1
grasec,0.8,43,gnn,52,1.0,1,0.989803671836853,1
grasec,0.8,43,gnn,53,0.9650223255157471,1,1.0,1
grasec,0.8,43,gnn,54,1.0,1,1.0,1
grasec,0.8,43,gnn,55,1.0,1,1.0,1
grasec,0.8,43,gnn,56,1.0,1,1.0,1
grasec,0.8,43,gnn,57,1.0,1,1.0,1
grasec,0.8,43,gnn,58,0.9996790885925293,1,1.0,1
grasec,0.8,43,gnn,59,1.0,1,1.0,1
grasec,0.8,43,gnn,60,1.0,1,0.008004017174243927,0
grasec,0.8,43,gnn,61,1.0,1,0.999946117401123,1
grasec,0.8,43,gnn,62,0.9999991655349731,1,0.9999998807907104,1
grasec,0.8,43,gnn,63,1.0,1,1.0,1
grasec,0.8,43,gnn,64,0.9999858140945435,1,1.0,1
grasec,0.8,43,gnn,65,1.0,1,0.0006155804148875177,0
grasec,0.8,43,gnn,66,1.0,1,1.0,1
grasec,0.8,43,gnn,67,1.0,1,1.0,1
grasec,0.8,43,gnn,68,0.9999887943267822,1,1.0,1
grasec,0.8,43,gnn,69,1.0,1,1.0,1
grasec,0.8,43,gnn,70,1.0,1,0.9997599720954895,1
grasec,0.8,43,gnn,71,0.9995367527008057,1,0.9999995231628418,1
grasec,0.8,43,gnn,72,1.0,1,1.0,1
grasec,0.8,43,gnn,73,1.0,1,1.0,1
grasec,0.8,43,gnn,74,0.9997301697731018,1,1.0,1
grasec,0.8,43,gnn,75,1.0,1,0.48458731174468994,0
grasec,0.8,43,gnn,76,0.9996538162231445,1,1.0,1
grasec,0.8,43,gnn,77,0.9994038343429565,1,1.0,1
grasec,0.8,43,gnn,78,1.0,1,1.0,1
grasec,0.8,43,gnn,79,0.9884018301963806,1,1.0,1
grasec,0.8,43,gnn,80,1.0,1,0.9982901215553284,1
grasec,0.8,43,gnn,81,0.015500277280807495,0,1.0,1
grasec,0.8,43,gnn,82,0.9995684027671814,1,1.0,1
grasec,0.8,43,gnn,83,1.0,1,0.03565944731235504,0
grasec,0.8,43,gnn,84,1.0,1,1.0,1
grasec,0.8,43,gnn,85,0.9999972581863403,1,0.9998668432235718,1
grasec,0.8,43,gnn,86,1.0,1,1.0,1
grasec,0.8,43,gnn,87,0.9999853372573853,1,1.0,1
grasec,0.8,43,gnn,88,0.03909188508987427,0,0.999992847442627,1
grasec,0.8,43,gnn,89,1.0,1,1.0,1
grasec,0.8,43,gnn,90,1.0,1,1.0,1
grasec,0.8,43,gnn,91,1.0,1,1.0,1
grasec,0.8,43,gnn,92,0.9932727813720703,1,0.9994009733200073,1
grasec,0.8,43,gnn,93,1.0,1,1.0,1
grasec,0.8,43,gnn,94,1.0,1,0.6476116180419922,0
grasec,0.8,43,gnn,95,1.0,1,0.9973915815353394,1
grasec,0.8,43,gnn,96,0.9999998807907104,1,1.0,1
grasec,0.8,43,gnn,97,1.0,1,1.0,1
grasec,0.8,43,gnn,98,0.9996730089187622,1,1.0,1
grasec,0.8,43,gnn,99,1.0,1,0.9999998807907104,1
grasec,0.8,43,gnn,100,1.0,1,1.0,1
grasec,0.8,43,gnn,101,1.0,1,0.07223330438137054,0
grasec,0.8,43,gnn,102,1.0,1,0.9944635033607483,1
grasec,0.8,43,gnn,103,0.9999998807907104,1,0.994371235370636,1
grasec,0.8,43,gnn,104,1.0,1,1.0,1
grasec,0.8,43,gnn,105,1.0,1,0.9970017075538635,1
grasec,0.8,43,gnn,106,1.0,1,0.99949049949646,1
grasec,0.8,43,gnn,107,0.999019980430603,1,1.0,1
grasec,0.8,43,gnn,108,0.9788647890090942,1,0.9996827840805054,1
grasec,0.8,43,gnn,109,0.9994599223136902,1,1.0,1
grasec,0.8,43,gnn,110,1.0,1,0.9870783090591431,1
grasec,0.8,43,gnn,111,0.06336087733507156,0,0.9999735355377197,1
grasec,0.8,43,gnn,112,1.0,1,1.0,1
grasec,0.8,43,gnn,113,0.9919022917747498,1,0.9980858564376831,1
grasec,0.8,43,gnn,114,0.9831312894821167,1,0.9991567134857178,1
grasec,0.8,43,gnn,115,0.02113311178982258,0,1.0,1
grasec,0.8,43,gnn,116,1.0,1,0.9999998807907104,1
grasec,0.8,43,gnn,117,1.0,1,1.0,1
grasec,0.8,43,gnn,118,1.0,1,1.0,1
grasec,0.8,43,gnn,119,1.0,1,1.0,1
grasec,0.8,43,gnn,120,1.0,1,0.9999995231628418,1
grasec,0.8,43,gnn,121,0.003436784027144313,0,0.9999890327453613,1
grasec,0.8,43,gnn,122,0.22289399802684784,0,1.0,1
grasec,0.8,43,gnn,123,0.9980788230895996,1,1.0,1
grasec,0.8,43,gnn,124,1.0,1,1.0,1
grasec,0.8,43,gnn,125,1.0,1,0.9999997615814209,1
grasec,0.8,43,gnn,126,0.9960325360298157,1,0.998700737953186,1
grasec,0.8,43,gnn,127,1.0,1,1.0,1
grasec,0.8,43,gnn,128,1.0,1,1.0,1
grasec,0.8,43,gnn,129,0.9999997615814209,1,1.0,1
grasec,0.8,43,gnn,130,0.9892220497131348,1,1.0,1
grasec,0.8,43,gnn,131,0.9915441274642944,1,0.9969749450683594,1
grasec,0.8,43,gnn,132,1.0,1,0.9979007244110107,1
grasec,0.8,43,gnn,133,1.0,1,1.0,1
grasec,0.8,43,gnn,134,1.0,1,1.0,1
grasec,0.8,43,gnn,135,0.9996116757392883,1,0.9999191761016846,1
grasec,0.8,43,gnn,136,0.9997885823249817,1,1.0,1
grasec,0.8,43,gnn,137,0.10077286511659622,0,1.0,1
grasec,0.8,43,gnn,138,1.0,1,1.0,1
grasec,0.8,43,gnn,139,1.0,1,1.0,1
grasec,0.8,43,gnn,140,1.0,1,1.0,1
grasec,0.8,43,gnn,141,1.0,1,1.0,1
grasec,0.8,43,gnn,142,1.0,1,0.9999450445175171,1
grasec,0.8,43,gnn,143,1.0,1,0.9999997615814209,1
grasec,0.8,43,gnn,144,0.999984622001648,1,0.9971987009048462,1
grasec,0.8,43,gnn,145,0.9999979734420776,1,0.0706498995423317,0
grasec,0.8,43,gnn,146,1.0,1,1.0,1
grasec,0.8,43,gnn,147,1.0,1,1.0,1
grasec,0.8,43,gnn,148,0.9988596439361572,1,0.9982514977455139,1
grasec,0.8,43,gnn,149,0.0011259854072704911,0,1.0,1
grasec,0.8,43,gnn,150,0.9999998807907104,1,1.0,1
grasec,0.8,43,gnn,151,1.0,1,1.0,1
grasec,0.8,43,gnn,152,1.0,1,1.0,1
grasec,0.8,43,gnn,153,0.9990541338920593,1,0.999998927116394,1
grasec,0.8,43,gnn,154,0.9998016953468323,1,1.0,1
grasec,0.8,43,gnn,155,0.9999933242797852,1,0.9999997615814209,1
grasec,0.8,43,gnn,156,0.9992179870605469,1,1.0,1
grasec,0.8,43,gnn,157,0.01713610626757145,0,0.9999516010284424,1
grasec,0.8,43,gnn,158,1.0,1,1.0,1
grasec,0.8,43,gnn,159,1.0,1,0.9987189769744873,1
grasec,0.8,43,gnn,160,0.9994680285453796,1,0.9948229789733887,1
grasec,0.8,43,gnn,161,1.0,1,1.0,1
grasec,0.8,43,gnn,162,1.0,1,1.0,1
grasec,0.8,43,gnn,163,1.0,1,0.007678864989429712,0
grasec,0.8,43,gnn,164,1.0,1,0.9967443943023682,1
grasec,0.8,43,gnn,165,1.0,1,1.0,1
grasec,0.8,43,gnn,166,1.0,1,0.9986943602561951,1
grasec,0.8,43,gnn,167,1.0,1,1.0,1
grasec,0.8,43,gnn,168,1.0,1,1.0,1
grasec,0.8,43,gnn,169,0.9802991151809692,1,1.0,1
grasec,0.8,43,gnn,170,0.9981433153152466,1,1.0,1
grasec,0.8,43,gnn,171,0.9947811961174011,1,0.9999165534973145,1
grasec,0.8,43,gnn,172,1.0,1,0.9991273283958435,1
grasec,0.8,43,gnn,173,1.0,1,0.9999860525131226,1
grasec,0.8,43,gnn,174,0.03148464858531952,0,0.999263346195221,1
grasec,0.8,43,gnn,175,0.09615474939346313,0,0.14429379999637604,0
grasec,0.8,43,gnn,176,1.0,1,0.999996542930603,1
grasec,0.8,43,gnn,177,1.0,1,1.0,1
grasec,0.8,43,gnn,178,0.9995636343955994,1,1.0,1
grasec,0.8,43,gnn,179,0.9977497458457947,1,1.0,1
grasec,0.8,43,gnn,180,1.0,1,0.0009514744160696864,0
grasec,0.8,43,gnn,181,0.9945790767669678,1,0.9999908208847046,1
grasec,0.8,43,gnn,182,0.9998321533203125,1,0.9965445399284363,1
grasec,0.8,43,gnn,183,1.0,1,0.9993085861206055,1
grasec,0.8,43,gnn,184,0.9068945050239563,0,0.9999998807907104,1
grasec,0.8,43,gnn,185,0.9974765181541443,1,1.0,1
grasec,0.8,43,gnn,186,1.0,1,0.9999955892562866,1
grasec,0.8,43,gnn,187,1.0,1,0.9937154650688171,1
grasec,0.8,43,gnn,188,0.9994058609008789,1,0.9997599720954895,1
grasec,0.8,43,gnn,189,0.9999927282333374,1,0.998742401599884,1
grasec,0.8,43,gnn,190,0.9998975992202759,1,0.999998927116394,1
grasec,0.8,43,gnn,191,1.0,1,1.0,1
grasec,0.8,43,gnn,192,1.0,1,0.9996728897094727,1
grasec,0.8,43,gnn,193,1.0,1,1.0,1
grasec,0.8,43,gnn,194,1.0,1,1.0,1
grasec,0.8,43,gnn,195,1.0,1,0.999994158744812,1
grasec,0.8,43,gnn,196,1.0,1,1.0,1
grasec,0.8,43,gnn,197,0.020711421966552734,0,1.0,1
grasec,0.8,43,gnn,198,0.9999978542327881,1,0.9998598098754883,1
grasec,0.8,43,gnn,199,0.998034656047821,1,0.9999990463256836,1
grasec,0.8,43,gnn,200,0.09507139772176743,0,0.9973616003990173,1
grasec,0.8,43,gnn,201,1.0,1,1.0,1
grasec,0.8,43,gnn,202,1.0,1,0.9967987537384033,1
grasec,0.8,43,gnn,203,1.0,1,1.0,1
grasec,0.8,43,gnn,204,1.0,1,0.9999904632568359,1
grasec,0.8,43,gnn,205,0.9983207583427429,1,1.0,1
grasec,0.8,43,gnn,206,1.0,1,0.9941521286964417,1
grasec,0.8,43,gnn,207,0.9999356269836426,1,0.2784467041492462,1
grasec,0.8,43,gnn,208,1.0,1,1.0,1
grasec,0.8,43,gnn,209,1.0,1,0.9971702694892883,1
grasec,0.8,43,gnn,210,1.0,1,0.9999423027038574,1
grasec,0.8,43,gnn,211,0.9999997615814209,1,0.9959937334060669,1
grasec,0.8,43,gnn,212,1.0,1,1.0,1
grasec,0.8,43,gnn,213,0.9997155070304871,1,0.4772547781467438,1
grasec,0.8,43,gnn,214,0.9999990463256836,1,0.9999978542327881,1
grasec,0.8,43,gnn,215,0.9962673783302307,1,0.9998782873153687,1
grasec,0.8,43,gnn,216,1.0,1,1.0,1
grasec,0.8,43,gnn,217,1.0,1,1.0,1
grasec,0.8,43,gnn,218,1.0,1,0.0010193376801908016,0
grasec,0.8,43,gnn,219,0.9999959468841553,1,1.0,1
grasec,0.8,43,gnn,220,0.9987452030181885,1,1.0,1
grasec,0.8,43,gnn,221,1.0,1,1.0,1
grasec,0.8,43,gnn,222,0.9996929168701172,1,1.0,1
grasec,0.8,43,gnn,223,0.9997543692588806,1,0.99997878074646,1
grasec,0.8,43,gnn,224,1.0,1,0.999956488609314,1
grasec,0.8,43,gnn,225,0.9981390237808228,1,0.9973576664924622,1
grasec,0.8,43,gnn,226,0.9998608827590942,1,0.017875967547297478,0
grasec,0.8,43,gnn,227,0.9847216010093689,1,1.0,1
grasec,0.8,43,gnn,228,0.9815253019332886,0,0.9985629916191101,1
grasec,0.8,43,gnn,229,1.0,1,0.027881700545549393,1
grasec,0.8,43,gnn,230,1.0,1,1.0,1
grasec,0.8,43,gnn,231,1.0,1,1.0,1
grasec,0.8,43,gnn,232,1.0,1,0.9982934594154358,1
grasec,0.8,43,gnn,233,0.9999998807907104,1,1.0,1
grasec,0.8,43,gnn,234,1.0,1,1.0,1
grasec,0.8,43,gnn,235,0.995814859867096,1,0.028449175879359245,0
grasec,0.8,43,gnn,236,0.9914393424987793,1,1.0,1
grasec,0.8,43,gnn,237,1.0,1,0.9999988079071045,1
grasec,0.8,43,gnn,238,0.9980339407920837,1,0.9999985694885254,1
grasec,0.8,43,gnn,239,0.999997615814209,1,0.9965200424194336,1
grasec,0.8,43,gnn,240,0.9958890080451965,1,0.9989305138587952,1
grasec,0.8,43,gnn,241,1.0,1,0.9998996257781982,1
grasec,0.8,43,gnn,242,1.0,1,1.0,1
grasec,0.8,43,gnn,243,0.995898425579071,1,1.0,1
grasec,0.8,43,gnn,244,0.9982419013977051,1,0.008637046441435814,0
grasec,0.8,43,gnn,245,0.0042805918492376804,0,1.0,1
grasec,0.8,43,gnn,246,0.9518017768859863,1,1.0,1
grasec,0.8,43,gnn,247,0.9999916553497314,1,1.0,1
grasec,0.8,43,gnn,248,1.0,1,0.9991280436515808,1
grasec,0.8,43,gnn,249,1.0,1,0.9972347617149353,1
grasec,0.8,43,gnn,250,0.9985722303390503,1,1.0,1
grasec,0.8,43,gnn,251,1.0,1,1.0,1
grasec,0.8,43,gnn,252,0.9963183403015137,1,0.9904085397720337,1
grasec,0.8,43,gnn,253,1.0,1,1.0,1
grasec,0.8,43,gnn,254,1.0,1,1.0,1
grasec,0.8,43,gnn,255,1.0,1,1.0,1
grasec,0.8,43,gnn,256,1.0,1,1.0,1
grasec,0.8,43,gnn,257,0.4497523605823517,0,0.9999035596847534,1
grasec,0.8,43,gnn,258,1.0,1,0.99458909034729,1
grasec,0.8,43,gnn,259,0.024523930624127388,0,0.9988961219787598,1
grasec,0.8,43,gnn,260,1.0,1,0.9997820258140564,1
grasec,0.8,43,gnn,261,1.0,1,1.0,1
grasec,0.8,43,gnn,262,1.0,1,0.00884881429374218,0
grasec,0.8,43,gnn,263,0.9994080066680908,1,1.0,1
grasec,0.8,43,gnn,264,1.0,1,0.9999998807907104,1
grasec,0.8,43,gnn,265,1.0,1,1.0,1
grasec,0.8,43,gnn,266,0.9970945119857788,1,0.9999524354934692,1
grasec,0.8,43,gnn,267,0.9999997615814209,1,1.0,1
grasec,0.8,43,gnn,268,1.0,1,1.0,1
grasec,0.8,43,gnn,269,0.9999703168869019,1,1.0,1
grasec,0.8,43,gnn,270,0.020945914089679718,0,1.0,1
grasec,0.8,43,gnn,271,1.0,1,1.0,1
grasec,0.8,43,gnn,272,1.0,1,0.9999996423721313,1
grasec,0.8,43,gnn,273,0.9997346997261047,1,0.9999998807907104,1
grasec,0.8,43,gnn,274,1.0,1,1.0,1
grasec,0.8,43,gnn,275,0.9980091452598572,1,1.0,1
grasec,0.8,43,gnn,276,1.0,1,1.0,1
grasec,0.8,43,gnn,277,1.0,1,1.0,1
grasec,0.8,43,gnn,278,1.0,1,1.0,1
grasec,0.8,43,gnn,279,1.0,1,1.0,1
grasec,0.8,43,gnn,280,1.0,1,0.5587103366851807,1
grasec,0.8,43,gnn,281,1.0,1,0.8769265413284302,1
grasec,0.8,43,gnn,282,1.0,1,0.9534996747970581,1
grasec,0.8,43,gnn,283,1.0,1,0.0025461644399911165,0
grasec,0.8,43,gnn,284,0.7416477203369141,1,1.0,1
grasec,0.8,43,gnn,285,1.0,1,1.0,1
grasec,0.8,43,gnn,286,1.0,1,0.9999823570251465,1
grasec,0.8,43,gnn,287,0.9967625141143799,1,0.9989601373672485,1
grasec,0.8,43,gnn,288,1.0,1,1.0,1
grasec,0.8,43,gnn,289,1.0,1,1.0,1
grasec,0.8,43,gnn,290,0.9999998807907104,1,0.9999998807907104,1
grasec,0.8,43,gnn,291,1.0,1,1.0,1
grasec,0.8,43,gnn,292,1.0,1,1.0,1
grasec,0.8,43,gnn,293,0.9974422454833984,1,0.999998927116394,1
grasec,0.8,43,gnn,294,1.0,1,0.99933260679245,1
grasec,0.8,43,gnn,295,1.0,1,0.9999998807907104,1
grasec,0.8,43,gnn,296,0.9992905855178833,1,1.0,1
grasec,0.8,43,gnn,297,0.9938522577285767,1,0.0025689757894724607,0
grasec,0.8,43,gnn,298,1.0,1,1.0,1
grasec,0.8,43,gnn,299,1.0,1,1.0,1
grasec,0.8,43,gnn,300,1.0,1,0.03365856036543846,0
grasec,0.8,43,gnn,301,0.9945076107978821,1,1.0,1
grasec,0.8,43,gnn,302,1.0,1,0.9993719458580017,1
grasec,0.8,43,gnn,303,1.0,1,1.0,1
grasec,0.8,43,gnn,304,1.0,1,0.9997673630714417,1
grasec,0.8,43,gnn,305,0.9991770386695862,1,0.9997960925102234,1
grasec,0.8,43,gnn,306,1.0,1,1.0,1
grasec,0.8,43,gnn,307,1.0,1,0.001403302070684731,0
grasec,0.8,43,gnn,308,1.0,1,1.0,1
grasec,0.8,43,gnn,309,0.9976637363433838,1,1.0,1
grasec,0.8,43,gnn,310,0.9999994039535522,1,1.0,1
grasec,0.8,43,gnn,311,0.029215514659881592,0,1.0,1
grasec,0.8,43,gnn,312,1.0,1,1.0,1
grasec,0.8,43,gnn,313,1.0,1,1.0,1
grasec,0.8,43,gnn,314,0.9935474991798401,1,1.0,1
grasec,0.8,43,gnn,315,1.0,1,1.0,1
grasec,0.8,43,gnn,316,1.0,1,0.9996042847633362,1
grasec,0.8,43,gnn,317,0.9999997615814209,1,1.0,1
grasec,0.8,43,gnn,318,1.0,1,1.0,1
grasec,0.8,43,gnn,319,0.9999874830245972,1,1.0,1
grasec,0.8,43,gnn,320,1.0,1,1.0,1
grasec,0.8,43,gnn,321,0.9946112632751465,1,1.0,1
grasec,0.8,43,gnn,322,1.0,1,1.0,1
grasec,0.8,43,gnn,323,1.0,1,1.0,1
grasec,0.8,43,gnn,324,1.0,1,0.9999998807907104,1
grasec,0.8,43,gnn,325,1.0,1,1.0,1
grasec,0.8,43,gnn,326,0.9999998807907104,1,1.0,1
grasec,0.8,43,gnn,327,0.9967461824417114,1,1.0,1
grasec,0.8,43,gnn,328,0.9955785870552063,1,0.9998488426208496,1
grasec,0.8,43,gnn,329,1.0,1,1.0,1
grasec,0.8,43,gnn,330,1.0,1,1.0,1
grasec,0.8,43,gnn,331,1.0,1,0.9835491180419922,1
grasec,0.8,43,gnn,332,1.0,1,1.0,1
grasec,0.8,43,gnn,333,1.0,1,0.00038258443237282336,0
grasec,0.8,43,gnn,334,1.0,1,1.0,1
grasec,0.8,43,gnn,335,1.0,1,0.5693344473838806,0
grasec,0.8,43,gnn,336,0.9950537085533142,1,1.0,1
grasec,0.8,43,gnn,337,0.020374378189444542,0,1.0,1
grasec,0.8,43,gnn,338,0.9990915060043335,1,1.0,1
grasec,0.8,43,gnn,339,0.999990701675415,1,1.0,1
grasec,0.8,43,gnn,340,0.9999997615814209,1,1.0,1
grasec,0.8,43,gnn,341,1.0,1,1.0,1
grasec,0.8,43,gnn,342,1.0,1,0.9999984502792358,1
grasec,0.8,43,gnn,343,0.9999368190765381,1,1.0,1
grasec,0.8,43,gnn,344,0.9065737128257751,1,1.0,1
grasec,0.8,43,gnn,345,0.9999274015426636,1,1.0,1
grasec,0.8,43,gnn,346,1.0,1,0.9972774386405945,1
grasec,0.8,43,gnn,347,1.0,1,1.0,1
grasec,0.8,43,gnn,348,0.9950757622718811,1,1.0,1
grasec,0.8,43,gnn,349,0.9980679154396057,1,0.9988433122634888,1
grasec,0.8,43,gnn,350,0.997205913066864,1,1.0,1
grasec,0.8,43,gnn,351,1.0,1,0.9989388585090637,1
grasec,0.8,43,gnn,352,0.9999940395355225,1,0.13252244889736176,0
grasec,0.8,43,gnn,353,1.0,1,0.9994087219238281,1
grasec,0.8,43,gnn,354,0.9999969005584717,1,0.9999183416366577,1
grasec,0.8,43,gnn,355,1.0,1,1.0,1
grasec,0.8,43,gnn,356,1.0,1,0.9975398778915405,1
grasec,0.8,43,gnn,357,1.0,1,1.0,1
grasec,0.8,43,gnn,358,0.9999995231628418,1,1.0,1
grasec,0.8,43,gnn,359,0.9979336261749268,1,0.9969502091407776,1
grasec,0.8,43,gnn,360,0.9905480742454529,1,0.9991557598114014,1
grasec,0.8,43,gnn,361,0.9995321035385132,1,0.9994326233863831,1
grasec,0.8,43,gnn,362,0.9986591339111328,1,0.005903366021811962,1
grasec,0.8,43,gnn,363,1.0,1,0.9987195730209351,1
grasec,0.8,43,gnn,364,0.9864534735679626,1,0.9999978542327881,1
grasec,0.8,43,gnn,365,1.0,1,0.9975791573524475,1
grasec,0.8,43,gnn,366,0.9997683167457581,1,1.0,1
grasec,0.8,43,gnn,367,0.9995757937431335,1,0.9995926022529602,1
grasec,0.8,43,gnn,368,1.0,1,1.0,1
grasec,0.8,43,gnn,369,0.9998903274536133,1,1.0,1
grasec,0.8,43,gnn,370,1.0,1,1.0,1
grasec,0.8,43,gnn,371,0.9999994039535522,1,1.0,1
grasec,0.8,43,gnn,372,1.0,1,1.0,1
grasec,0.8,43,gnn,373,0.9999992847442627,1,1.0,1
grasec,0.8,43,gnn,374,0.9768994450569153,1,1.0,1
grasec,0.8,43,gnn,375,0.00037081370828673244,0,1.0,1
grasec,0.8,43,gnn,376,1.0,1,0.9968363046646118,1
grasec,0.8,43,gnn,377,1.0,1,1.0,1
grasec,0.8,43,gnn,378,0.9999725818634033,1,0.9999735355377197,1
grasec,0.8,43,gnn,379,0.9988744854927063,1,1.0,1
grasec,0.8,43,gnn,380,1.0,1,1.0,1
grasec,0.8,43,gnn,381,1.0,1,1.0,1
grasec,0.8,43,gnn,382,1.0,1,1.0,1
grasec,0.8,43,gnn,383,0.9999958276748657,1,1.0,1
grasec,0.8,43,gnn,384,1.0,1,1.0,1
grasec,0.8,43,gnn,385,1.0,1,1.0,1
grasec,0.8,43,gnn,386,1.0,1,1.0,1
grasec,0.8,43,gnn,387,0.9968124032020569,1,0.9999997615814209,1
grasec,0.8,43,gnn,388,1.0,1,0.9646043181419373,1
grasec,0.8,43,gnn,389,1.0,1,1.0,1
grasec,0.8,43,gnn,390,0.9999992847442627,1,1.0,1
grasec,0.8,43,gnn,391,0.9976373910903931,1,0.9989497065544128,1
grasec,0.8,43,gnn,392,1.0,1,1.0,1
grasec,0.8,43,gnn,393,1.0,1,0.999396800994873,1
grasec,0.8,43,gnn,394,0.00926646776497364,0,0.1756458729505539,0
grasec,0.8,43,gnn,395,0.0005321333883330226,0,0.9999959468841553,1
grasec,0.8,43,gnn,396,0.9999997615814209,1,1.0,1
grasec,0.8,43,gnn,397,0.999518871307373,1,0.9999978542327881,1
grasec,0.8,43,gnn,398,1.0,1,1.0,1
grasec,0.8,43,gnn,399,1.0,1,0.9999961853027344,1
grasec,0.8,43,gnn,400,0.9999934434890747,1,0.9995647072792053,1
grasec,0.8,43,gnn,401,0.9997710585594177,1,0.999853253364563,1
grasec,0.8,43,gnn,402,0.9972978234291077,1,1.0,1
grasec,0.8,43,gnn,403,1.0,1,0.9960395097732544,1
grasec,0.8,43,gnn,404,1.0,1,0.9996904134750366,1
grasec,0.8,43,gnn,405,1.0,1,0.9987847208976746,1
grasec,0.8,43,gnn,406,0.9989079236984253,1,1.0,1
grasec,0.8,43,gnn,407,0.999152421951294,1,1.0,1
grasec,0.8,43,gnn,408,0.9935249090194702,1,1.0,1
grasec,0.8,43,gnn,409,0.999669075012207,1,0.9944254159927368,1
grasec,0.8,43,gnn,410,0.9997578263282776,1,0.9984194040298462,1
grasec,0.8,43,gnn,411,1.0,1,0.9967790246009827,1
grasec,0.8,43,gnn,412,0.9999706745147705,1,1.0,1
grasec,0.8,43,gnn,413,1.0,1,1.0,1
grasec,0.8,43,gnn,414,0.5380164980888367,0,0.9942488670349121,1
grasec,0.8,43,gnn,415,0.000674691516906023,0,0.9999922513961792,1
grasec,0.8,43,gnn,416,0.9999425411224365,1,1.0,1
grasec,0.8,43,gnn,417,0.9913874268531799,1,0.9999969005584717,1
grasec,0.8,43,gnn,418,0.9996365308761597,1,1.0,1
grasec,0.8,43,gnn,419,0.9999934434890747,1,0.9941673278808594,1
grasec,0.8,43,gnn,420,0.9999988079071045,1,0.999990701675415,1
grasec,0.8,43,gnn,421,0.9836781024932861,1,0.997992992401123,1
grasec,0.8,43,gnn,422,1.0,1,0.9994215965270996,1
grasec,0.8,43,gnn,423,0.9804801940917969,1,1.0,1
grasec,0.8,43,gnn,424,1.0,1,1.0,1
grasec,0.8,43,gnn,425,1.0,1,1.0,1
grasec,0.8,43,gnn,426,1.0,1,0.9988634586334229,1
grasec,0.8,43,gnn,427,1.0,1,1.0,1
grasec,0.8,43,gnn,428,0.14454062283039093,0,1.0,1
grasec,0.8,43,gnn,429,0.9981704950332642,1,0.9995083808898926,1
grasec,0.8,43,gnn,430,0.9999996423721313,1,0.9767101407051086,1
grasec,0.8,43,gnn,431,1.0,1,1.0,1
grasec,0.8,43,gnn,432,1.0,1,0.9999998807907104,1
grasec,0.8,43,gnn,433,1.0,1,1.0,1
grasec,0.8,43,gnn,434,1.0,1,0.998478353023529,1
grasec,0.8,43,gnn,435,0.9988044500350952,1,0.9999219179153442,1
grasec,0.8,43,gnn,436,1.0,1,1.0,1
grasec,0.8,43,gnn,437,0.9999998807907104,1,1.0,1
grasec,0.8,43,gnn,438,1.0,1,1.0,1
grasec,0.8,43,gnn,439,0.9999933242797852,1,0.03637562692165375,0
grasec,0.8,43,gnn,440,0.999329686164856,1,1.0,1
grasec,0.8,43,gnn,441,1.0,1,0.9994908571243286,1
grasec,0.8,43,gnn,442,0.9998124241828918,1,0.9999901056289673,1
grasec,0.8,43,gnn,443,0.9943488240242004,1,1.0,1
grasec,0.8,43,gnn,444,1.0,1,0.9996486902236938,1
grasec,0.8,43,gnn,445,0.35867318511009216,0,1.0,1
grasec,0.8,43,gnn,446,0.9810687899589539,1,0.9989420771598816,1
grasec,0.8,43,gnn,447,1.0,1,0.9995782971382141,1
grasec,0.8,43,gnn,448,1.0,1,1.0,1
grasec,0.8,43,gnn,449,1.0,1,0.003439097199589014,0
grasec,0.8,43,gnn,450,1.0,1,0.9992577433586121,1
grasec,0.8,43,gnn,451,1.0,1,0.9992741942405701,1
grasec,0.8,43,gnn,452,1.0,1,1.0,1
grasec,0.8,43,gnn,453,0.9904274940490723,1,1.0,1
grasec,0.8,43,gnn,454,0.9999954700469971,1,0.9991655349731445,1
grasec,0.8,43,gnn,455,0.999972939491272,1,1.0,1
grasec,0.8,43,gnn,456,0.9634912610054016,1,1.0,1
grasec,0.8,43,gnn,457,1.0,1,0.576316773891449,1
grasec,0.8,43,gnn,458,1.0,1,0.9999998807907104,1
grasec,0.8,43,gnn,459,0.9999916553497314,1,0.9996434450149536,1
grasec,0.8,43,gnn,460,0.9957820177078247,1,0.9996606111526489,1
grasec,0.8,43,gnn,461,1.0,1,1.0,1
grasec,0.8,43,gnn,462,1.0,1,1.0,1
grasec,0.8,43,gnn,463,0.9964428544044495,1,0.9957992434501648,1
grasec,0.8,43,gnn,464,1.0,1,0.9988505840301514,1
grasec,0.8,43,gnn,465,1.0,1,1.0,1
grasec,0.8,43,gnn,466,0.998501181602478,1,1.0,1
grasec,0.8,43,gnn,467,1.0,1,1.0,1
grasec,0.8,43,gnn,468,0.9985060691833496,1,0.9999997615814209,1
grasec,0.8,43,gnn,469,1.0,1,0.9991981387138367,1
grasec,0.8,43,gnn,470,1.0,1,1.0,1
grasec,0.8,43,gnn,471,0.9999662637710571,1,0.9999978542327881,1
grasec,0.8,43,gnn,472,0.9977432489395142,1,0.997265100479126,1
grasec,0.8,43,gnn,473,1.0,1,0.9950206279754639,1
grasec,0.8,43,gnn,474,0.0953211635351181,0,1.0,1
grasec,0.8,43,gnn,475,1.0,1,1.0,1
grasec,0.8,43,gnn,476,0.999322772026062,1,0.9999994039535522,1
grasec,0.8,43,gnn,477,0.9923344254493713,1,1.0,1
grasec,0.8,43,gnn,478,1.0,1,0.986903190612793,1
grasec,0.8,43,gnn,479,1.0,1,1.0,1
grasec,0.8,43,gnn,480,0.9990882873535156,1,0.9994714856147766,1
grasec,0.8,43,gnn,481,0.9970471262931824,1,0.997728168964386,1
grasec,0.8,43,gnn,482,1.0,1,1.0,1
grasec,0.8,43,gnn,483,1.0,1,1.0,1
grasec,0.8,43,gnn,484,0.9999997615814209,1,0.9948835968971252,1
grasec,0.8,43,gnn,485,0.999916672706604,1,0.9982035160064697,1
grasec,0.8,43,gnn,486,0.9937845468521118,1,1.0,1
grasec,0.8,43,gnn,487,0.9956701993942261,1,0.999998927116394,1
grasec,0.8,43,gnn,488,0.99544757604599,1,0.9991070628166199,1
grasec,0.8,43,gnn,489,0.9998931884765625,1,0.9999510049819946,1
grasec,0.8,43,gnn,490,0.0005806814297102392,0,1.0,1
grasec,0.8,43,gnn,491,1.0,1,1.0,1
grasec,0.8,43,gnn,492,0.9937281608581543,1,1.0,1
grasec,0.8,43,gnn,493,1.0,1,0.9999891519546509,1
grasec,0.8,43,gnn,494,0.9939646124839783,1,1.0,1
grasec,0.8,43,gnn,495,0.9869235157966614,1,1.0,1
grasec,0.8,43,gnn,496,0.038611046969890594,0,1.0,1
grasec,0.8,43,gnn,497,1.0,1,1.0,1
grasec,0.8,43,gnn,498,1.0,1,1.0,1
grasec,0.8,43,gnn,499,0.9999994039535522,1,0.9994218349456787,1
grasec,0.8,43,gnn,500,1.0,1,1.0,1
grasec,0.8,43,gnn,501,0.9892809987068176,1,0.998854398727417,1
grasec,0.8,43,gnn,502,1.0,1,1.0,1
grasec,0.8,43,gnn,503,0.9999744892120361,1,1.0,1
grasec,0.8,43,gnn,504,0.0768505185842514,0,0.9999250173568726,1
grasec,0.8,43,gnn,505,1.0,1,1.0,1
grasec,0.8,43,gnn,506,1.0,1,0.9994714856147766,1
grasec,0.8,43,gnn,507,0.999998927116394,1,0.9998481273651123,1
grasec,0.8,43,gnn,508,0.0013508422998711467,0,1.0,1
grasec,0.8,43,gnn,509,1.0,1,0.9999996423721313,1
grasec,0.8,43,gnn,510,0.9964281916618347,1,1.0,1
grasec,0.8,43,gnn,511,1.0,1,0.9985982775688171,1
grasec,0.8,43,gnn,512,1.0,1,0.9988658428192139,1
grasec,0.8,43,gnn,513,1.0,1,1.0,1
grasec,0.8,43,gnn,514,1.0,1,0.9999819993972778,1
grasec,0.8,43,gnn,515,1.0,1,0.997409999370575,1
grasec,0.8,43,gnn,516,1.0,1,1.0,1
grasec,0.8,43,gnn,517,1.0,1,0.9999998807907104,1
grasec,0.8,43,gnn,518,0.9997805953025818,1,1.0,1
grasec,0.8,43,gnn,519,1.0,1,0.996801495552063,1
grasec,0.8,43,gnn,520,1.0,1,1.0,1
grasec,0.8,43,gnn,521,1.0,1,1.0,1
grasec,0.8,43,gnn,522,1.0,1,0.9989506006240845,1
grasec,0.8,43,gnn,523,1.0,1,1.0,1
grasec,0.8,43,gnn,524,0.9999146461486816,1,1.0,1
grasec,0.8,43,gnn,525,1.0,1,0.9999998807907104,1
grasec,0.8,43,gnn,526,1.0,1,1.0,1
grasec,0.8,43,gnn,527,1.0,1,0.999485969543457,1
grasec,0.8,43,gnn,528,1.0,1,1.0,1
grasec,0.8,43,gnn,529,1.0,1,1.0,1
grasec,0.8,43,gnn,530,1.0,1,0.9944097399711609,1
grasec,0.8,43,gnn,531,1.0,1,0.9999996423721313,1
grasec,0.8,43,gnn,532,1.0,1,0.9993960857391357,1
grasec,0.8,43,gnn,533,0.9999160766601562,1,0.9958939552307129,1
grasec,0.8,43,gnn,534,0.9999985694885254,1,0.9999998807907104,1
grasec,0.8,43,gnn,535,1.0,1,0.9996324777603149,1
grasec,0.8,43,gnn,536,1.0,1,0.9603129029273987,1
grasec,0.8,43,gnn,537,1.0,1,0.9999043941497803,1
grasec,0.8,43,gnn,538,0.9999977350234985,1,1.0,1
grasec,0.8,43,gnn,539,0.9973580241203308,1,1.0,1
grasec,0.8,43,gnn,540,0.9977090358734131,1,0.9999974966049194,1
grasec,0.8,43,gnn,541,0.9999991655349731,1,1.0,1
grasec,0.8,43,gnn,542,0.006117539945989847,0,0.9350663423538208,1
grasec,0.8,43,gnn,543,1.0,1,1.0,1
grasec,0.8,43,gnn,544,1.0,1,0.9885615706443787,1
grasec,0.8,43,gnn,545,1.0,1,0.9969151020050049,1
grasec,0.8,43,gnn,546,0.9996110796928406,1,0.9999390840530396,1
grasec,0.8,43,gnn,547,0.9938487410545349,1,1.0,1
grasec,0.8,43,gnn,548,1.0,1,0.9998107552528381,1
grasec,0.8,43,gnn,549,0.5483235716819763,0,0.9990599751472473,1
grasec,0.8,43,gnn,550,0.993981659412384,1,1.0,1
grasec,0.8,43,gnn,551,1.0,1,1.0,1
grasec,0.8,43,gnn,552,1.0,1,0.9980611205101013,1
grasec,0.8,43,gnn,553,0.9993361830711365,1,0.9993441700935364,1
grasec,0.8,43,gnn,554,1.0,1,0.00016787413915153593,0
grasec,0.8,43,gnn,555,0.9999864101409912,1,1.0,1
grasec,0.8,43,gnn,556,0.9999974966049194,1,1.0,1
grasec,0.8,43,gnn,557,1.0,1,1.0,1
grasec,0.8,43,gnn,558,1.0,1,0.9978406429290771,1
grasec,0.8,43,gnn,559,0.9997938275337219,1,1.0,1
grasec,0.8,43,gnn,560,0.9999998807907104,1,1.0,1
grasec,0.8,43,gnn,561,0.9999734163284302,1,0.999987006187439,1
grasec,0.8,43,gnn,562,1.0,1,1.0,1
grasec,0.8,43,gnn,563,0.9992559552192688,1,0.9999442100524902,1
grasec,0.8,43,gnn,564,1.0,1,0.9987057447433472,1
grasec,0.8,43,gnn,565,0.9948896169662476,1,0.3528708517551422,1
grasec,0.8,43,gnn,566,1.0,1,1.0,1
grasec,0.8,43,gnn,567,0.9966700673103333,1,1.0,1
grasec,0.8,43,gnn,568,1.0,1,1.0,1
grasec,0.8,43,gnn,569,1.0,1,0.9990760087966919,1
grasec,0.8,43,gnn,570,1.0,1,1.0,1
grasec,0.8,43,gnn,571,0.9996967315673828,1,1.0,1
grasec,0.8,43,gnn,572,0.9999725818634033,1,0.9999998807907104,1
grasec,0.8,43,gnn,573,1.0,1,1.0,1
grasec,0.8,43,gnn,574,0.9999716281890869,1,0.9999997615814209,1
grasec,0.8,43,gnn,575,0.9998677968978882,1,1.0,1
grasec,0.8,43,gnn,576,0.9999991655349731,1,0.9994058609008789,1
grasec,0.8,43,gnn,577,0.9985111355781555,1,0.9967107772827148,1
grasec,0.8,43,gnn,578,0.9997088313102722,1,1.0,1
grasec,0.8,43,gnn,579,1.0,1,0.9996501207351685,1
grasec,0.8,43,gnn,580,1.0,1,1.0,1
grasec,0.8,43,gnn,581,1.0,1,1.0,1
grasec,0.8,43,gnn,582,1.0,1,1.0,1
grasec,0.8,43,gnn,583,0.9984557628631592,1,1.0,1
grasec,0.8,43,gnn,584,0.9999996423721313,1,1.0,1
grasec,0.8,43,gnn,585,0.971877932548523,1,1.0,1
grasec,0.8,43,gnn,586,1.0,1,1.0,1
grasec,0.8,43,gnn,587,0.9999922513961792,1,0.9999998807907104,1
grasec,0.8,43,gnn,588,1.0,1,0.9981294274330139,1
grasec,0.8,43,gnn,589,0.9999998807907104,1,0.18925178050994873,1
grasec,0.8,43,gnn,590,1.0,1,1.0,1
grasec,0.8,43,gnn,591,1.0,1,1.0,1
grasec,0.8,43,gnn,592,1.0,1,0.0019934342708438635,0
grasec,0.8,43,gnn,593,1.0,1,1.0,1
grasec,0.8,43,gnn,594,0.9950271248817444,1,1.0,1
grasec,0.8,43,gnn,595,1.0,1,1.0,1
grasec,0.8,43,gnn,596,0.9986396431922913,1,1.0,1
grasec,0.8,43,gnn,597,0.9909389019012451,1,0.8306657671928406,1
grasec,0.8,43,gnn,598,0.9995261430740356,1,0.9999884366989136,1
grasec,0.8,43,gnn,599,1.0,1,0.9999973773956299,1
grasec,0.8,43,gnn,600,1.0,1,0.9996163845062256,1
grasec,0.8,43,gnn,601,1.0,1,0.9955388903617859,1
grasec,0.8,43,gnn,602,0.9991187453269958,1,1.0,1
grasec,0.8,43,gnn,603,1.0,1,1.0,1
grasec,0.8,43,gnn,604,0.9987887740135193,1,0.9991894364356995,1
grasec,0.8,43,gnn,605,1.0,1,0.9999942779541016,1
grasec,0.8,43,gnn,606,0.9999991655349731,1,1.0,1
grasec,0.8,43,gnn,607,0.998980700969696,1,0.9999998807907104,1
grasec,0.8,43,gnn,608,0.016150176525115967,0,1.0,1
grasec,0.8,43,gnn,609,1.0,1,0.9999998807907104,1
grasec,0.8,43,gnn,610,0.9999474287033081,1,1.0,1
grasec,0.8,43,gnn,611,1.0,1,0.9970740079879761,1
grasec,0.8,43,gnn,612,1.0,1,1.0,1
grasec,0.8,43,gnn,613,0.9999022483825684,1,0.9995836615562439,1
grasec,0.8,43,gnn,614,0.1440320909023285,0,1.0,1
grasec,0.8,43,gnn,615,1.0,1,1.0,1
grasec,0.8,43,gnn,616,0.9996065497398376,1,1.0,1
grasec,0.8,43,gnn,617,0.9996926784515381,1,1.0,1
grasec,0.8,43,gnn,618,0.9999998807907104,1,0.9998190999031067,1
grasec,0.8,43,gnn,619,0.9999997615814209,1,0.9951044321060181,1
grasec,0.8,43,gnn,620,0.9999892711639404,1,0.9904072880744934,1
grasec,0.8,43,gnn,621,1.0,1,0.0486002042889595,0
grasec,0.8,43,gnn,622,0.9999963045120239,1,0.9999532699584961,1
grasec,0.8,43,gnn,623,1.0,1,0.9970966577529907,1
grasec,0.8,43,gnn,624,0.9953534603118896,1,0.002828962868079543,0
grasec,0.8,43,gnn,625,0.9974406957626343,1,0.9999566078186035,1
grasec,0.8,43,gnn,626,0.9986051917076111,1,0.999729573726654,1
grasec,0.8,43,gnn,627,0.9999995231628418,1,1.0,1
grasec,0.8,43,gnn,628,1.0,1,1.0,1
grasec,0.8,43,gnn,629,1.0,1,1.0,1
grasec,0.8,43,gnn,630,1.0,1,1.0,1
grasec,0.8,43,gnn,631,0.9997901320457458,1,0.9996681213378906,1
grasec,0.8,43,gnn,632,0.9788724780082703,1,1.0,1
grasec,0.8,43,gnn,633,0.9995951056480408,1,0.9999996423721313,1
grasec,0.8,43,gnn,634,0.9976295232772827,1,1.0,1
grasec,0.8,43,gnn,635,0.999763548374176,1,1.0,1
grasec,0.8,43,gnn,636,1.0,1,0.46028363704681396,0
grasec,0.8,43,gnn,637,1.0,1,1.0,1
grasec,0.8,43,gnn,638,1.0,1,1.0,1
grasec,0.8,43,gnn,639,1.0,1,0.03324787691235542,0
grasec,0.8,43,gnn,640,1.0,1,0.9971489310264587,1
grasec,0.8,43,gnn,641,0.9999932050704956,1,1.0,1
grasec,0.8,43,gnn,642,1.0,1,1.0,1
grasec,0.8,43,gnn,643,1.0,1,1.0,1
grasec,0.8,43,gnn,644,1.0,1,0.08128299564123154,1
grasec,0.8,43,gnn,645,1.0,1,0.08676636964082718,0
grasec,0.8,43,gnn,646,0.9999935626983643,1,0.016397355124354362,0
grasec,0.8,43,gnn,647,0.9998764991760254,1,0.9989224672317505,1
grasec,0.8,43,gnn,648,1.0,1,0.9999995231628418,1
grasec,0.8,43,gnn,649,0.9999998807907104,1,1.0,1
grasec,0.8,43,gnn,650,1.0,1,1.0,1
grasec,0.8,43,gnn,651,1.0,1,1.0,1
grasec,0.8,43,gnn,652,0.13630017638206482,0,1.0,1
grasec,0.8,43,gnn,653,1.0,1,0.9999428987503052,1
grasec,0.8,43,gnn,654,1.0,1,0.99997878074646,1
grasec,0.8,43,gnn,655,0.00052877317648381,0,0.9999997615814209,1
grasec,0.8,43,gnn,656,1.0,1,1.0,1
grasec,0.8,43,gnn,657,0.9980788230895996,1,0.9983677268028259,1
grasec,0.8,43,gnn,658,0.9962133765220642,1,1.0,1
grasec,0.8,43,gnn,659,0.018073132261633873,0,0.9995697140693665,1
grasec,0.8,43,gnn,660,1.0,1,1.0,1
grasec,0.8,43,gnn,661,0.9985711574554443,1,1.0,1
grasec,0.8,43,gnn,662,0.9957550764083862,1,0.039063431322574615,0
grasec,0.8,43,gnn,663,1.0,1,1.0,1
grasec,0.8,43,gnn,664,0.6312028765678406,1,0.9969511032104492,1
grasec,0.8,43,gnn,665,1.0,1,1.0,1
grasec,0.8,43,gnn,666,0.9925301671028137,1,1.0,1
grasec,0.8,43,gnn,667,1.0,1,0.9999995231628418,1
grasec,0.8,43,gnn,668,0.9999978542327881,1,1.0,1
grasec,0.8,43,gnn,669,0.9721614122390747,1,0.99954754114151,1
grasec,0.8,43,gnn,670,0.9999885559082031,1,0.9987340569496155,1
grasec,0.8,43,gnn,671,1.0,1,0.9999994039535522,1
grasec,0.8,43,gnn,672,1.0,1,1.0,1
grasec,0.8,43,gnn,673,1.0,1,1.0,1
grasec,0.8,43,gnn,674,0.9999998807907104,1,0.994283139705658,1
grasec,0.8,43,gnn,675,1.0,1,0.7722587585449219,1
grasec,0.8,43,gnn,676,0.9999997615814209,1,1.0,1
grasec,0.8,43,gnn,677,0.011997953057289124,0,0.9995450377464294,1
grasec,0.8,43,gnn,678,1.0,1,0.000192692328710109,0
grasec,0.8,43,gnn,679,0.9997825026512146,1,0.9983004927635193,1
grasec,0.8,43,gnn,680,0.9409397840499878,1,1.0,1
grasec,0.8,43,gnn,681,0.9999996423721313,1,0.9969725608825684,1
grasec,0.8,43,gnn,682,0.9999963045120239,1,0.9998542070388794,1
grasec,0.8,43,gnn,683,1.0,1,0.9999986886978149,1
grasec,0.8,43,gnn,684,0.5699256658554077,0,1.0,1
grasec,0.8,43,gnn,685,0.9641112089157104,1,1.0,1
grasec,0.8,43,gnn,686,0.9933451414108276,1,1.0,1
grasec,0.8,43,gnn,687,1.0,1,1.0,1
grasec,0.8,43,gnn,688,1.0,1,0.011115622706711292,0
grasec,0.8,43,gnn,689,0.030640771612524986,0,0.999932050704956,1
grasec,0.8,43,gnn,690,1.0,1,1.0,1
grasec,0.8,43,gnn,691,1.0,1,1.0,1
grasec,0.8,43,gnn,692,0.9973147511482239,1,1.0,1
grasec,0.8,43,gnn,693,0.9999961853027344,1,0.9989639520645142,1
grasec,0.8,43,gnn,694,1.0,1,0.9994515776634216,1
grasec,0.8,43,gnn,695,1.0,1,0.9999614953994751,1
grasec,0.8,43,gnn,696,0.9982659220695496,1,0.9987127780914307,1
grasec,0.8,43,gnn,697,1.0,1,0.99954754114151,1
grasec,0.8,43,gnn,698,1.0,1,0.9991757273674011,1
grasec,0.8,43,gnn,699,1.0,1,1.0,1
grasec,0.8,43,gnn,700,1.0,1,0.9999581575393677,1
grasec,0.8,43,gnn,701,1.0,1,1.0,1
grasec,0.8,43,gnn,702,0.9997233748435974,1,1.0,1
grasec,0.8,43,gnn,703,0.7768606543540955,1,1.0,1
grasec,0.8,43,gnn,704,1.0,1,0.9998335838317871,1
grasec,0.8,43,gnn,705,1.0,1,0.9999363422393799,1
grasec,0.8,43,gnn,706,1.0,1,0.11291269958019257,0
grasec,0.8,43,gnn,707,0.9944061040878296,1,0.04626793414354324,0
grasec,0.8,43,gnn,708,1.0,1,0.9990935325622559,1
grasec,0.8,43,gnn,709,0.9961513876914978,1,1.0,1
grasec,0.8,43,gnn,710,0.9999997615814209,1,0.0008230640669353306,0
grasec,0.8,43,gnn,711,1.0,1,1.0,1
grasec,0.8,43,gnn,712,1.0,1,0.9932706952095032,1
grasec,0.8,43,gnn,713,1.0,1,1.0,1
grasec,0.8,43,gnn,714,1.0,1,0.06248365342617035,0
grasec,0.8,43,gnn,715,0.9998062252998352,1,0.9917465448379517,1
grasec,0.8,43,gnn,716,0.9999063014984131,1,0.9999996423721313,1
grasec,0.8,43,gnn,717,1.0,1,0.9938839077949524,1
grasec,0.8,43,gnn,718,0.9967893362045288,1,1.0,1
grasec,0.8,43,gnn,719,1.0,1,0.03849102556705475,0
grasec,0.8,43,gnn,720,0.9950048327445984,1,1.0,1
grasec,0.8,43,gnn,721,1.0,1,1.0,1
grasec,0.8,43,gnn,722,0.9999938011169434,1,0.9998676776885986,1
grasec,0.8,43,gnn,723,0.9997473359107971,1,0.0009000100544653833,0
grasec,0.8,43,gnn,724,0.9990555644035339,1,1.0,1
grasec,0.8,43,gnn,725,0.06354571133852005,0,1.0,1
grasec,0.8,43,gnn,726,0.9983019828796387,1,0.9998983144760132,1
grasec,0.8,43,gnn,727,0.9975247979164124,1,0.9999998807907104,1
grasec,0.8,43,gnn,728,0.9952929615974426,1,0.999047577381134,1
grasec,0.8,43,gnn,729,1.0,1,0.9999980926513672,1
grasec,0.8,43,gnn,730,0.7843101024627686,1,1.0,1
grasec,0.8,43,gnn,731,1.0,1,0.9990043044090271,1
grasec,0.8,43,gnn,732,0.9976325035095215,1,1.0,1
grasec,0.8,43,gnn,733,0.9996839761734009,1,1.0,1
grasec,0.8,43,gnn,734,1.0,1,1.0,1
grasec,0.8,43,gnn,735,0.9982038736343384,1,1.0,1
grasec,0.8,43,gnn,736,1.0,1,0.26647454500198364,1
grasec,0.8,43,gnn,737,1.0,1,1.0,1
grasec,0.8,43,gnn,738,1.0,1,1.0,1
grasec,0.8,43,gnn,739,1.0,1,0.9923790693283081,1
grasec,0.8,43,gnn,740,1.0,1,0.9893117547035217,1
grasec,0.8,43,gnn,741,1.0,1,0.9999998807907104,1
grasec,0.8,43,gnn,742,1.0,1,0.9999991655349731,1
grasec,0.8,43,gnn,743,1.0,1,1.0,1
grasec,0.8,43,gnn,744,,,0.9999998807907104,1
grasec,0.8,44,gnn,0,0.9992496371269226,1,1.0,1
grasec,0.8,44,gnn,1,1.0,1,0.9992089867591858,1
grasec,0.8,44,gnn,2,1.0,1,0.9993447661399841,1
grasec,0.8,44,gnn,3,1.0,1,0.0012498354772105813,0
grasec,0.8,44,gnn,4,0.9987737536430359,1,3.991283301729709e-05,0
grasec,0.8,44,gnn,5,1.0,1,0.9726132154464722,1
grasec,0.8,44,gnn,6,0.9996547698974609,1,1.0,1
grasec,0.8,44,gnn,7,1.0,1,0.9999997615814209,1
grasec,0.8,44,gnn,8,0.9982296824455261,1,0.9986708164215088,1
grasec,0.8,44,gnn,9,1.0,1,1.0,1
grasec,0.8,44,gnn,10,1.0,1,1.0,1
grasec,0.8,44,gnn,11,1.0,1,1.0,1
grasec,0.8,44,gnn,12,1.0,1,0.9979953765869141,1
grasec,0.8,44,gnn,13,0.999663233757019,1,1.0,1
grasec,0.8,44,gnn,14,0.000195227432413958,0,0.9999836683273315,1
grasec,0.8,44,gnn,15,0.993622362613678,1,1.0,1
grasec,0.8,44,gnn,16,0.9989379048347473,1,0.9992714524269104,1
grasec,0.8,44,gnn,17,1.0,1,0.1216469407081604,0
grasec,0.8,44,gnn,18,1.0,1,1.0,1
grasec,0.8,44,gnn,19,0.9993395209312439,1,1.0,1
grasec,0.8,44,gnn,20,0.9997945427894592,1,1.0,1
grasec,0.8,44,gnn,21,1.0,1,1.0,1
grasec,0.8,44,gnn,22,1.0,1,0.9811782240867615,1
grasec,0.8,44,gnn,23,1.0,1,1.0,1
grasec,0.8,44,gnn,24,1.0,1,0.9963815212249756,1
grasec,0.8,44,gnn,25,0.9999992847442627,1,1.0,1
grasec,0.8,44,gnn,26,0.9998432397842407,1,1.0,1
grasec,0.8,44,gnn,27,0.09161025285720825,0,1.0,1
grasec,0.8,44,gnn,28,1.0,1,1.0,1
grasec,0.8,44,gnn,29,1.0,1,1.0,1
grasec,0.8,44,gnn,30,0.9997643828392029,1,1.0,1
grasec,0.8,44,gnn,31,1.0,1,0.9993194341659546,1
grasec,0.8,44,gnn,32,0.9835433959960938,1,0.03522079437971115,0
grasec,0.8,44,gnn,33,1.0,1,1.0,1
grasec,0.8,44,gnn,34,1.0,1,1.0,1
grasec,0.8,44,gnn,35,0.9941085577011108,1,1.0,1
grasec,0.8,44,gnn,36,1.0,1,1.0,1
grasec,0.8,44,gnn,37,0.00010435851436341181,0,0.9995648264884949,1
grasec,0.8,44,gnn,38,0.9994920492172241,1,1.0,1
grasec,0.8,44,gnn,39,1.0,1,0.9991427659988403,1
grasec,0.8,44,gnn,40,0.0027105577755719423,0,1.0,1
grasec,0.8,44,gnn,41,0.999711811542511,1,0.9999998807907104,1
grasec,0.8,44,gnn,42,1.0,1,1.0,1
grasec,0.8,44,gnn,43,1.0,1,0.9998729228973389,1
grasec,0.8,44,gnn,44,1.0,1,1.0,1
grasec,0.8,44,gnn,45,1.0,1,0.12559467554092407,0
grasec,0.8,44,gnn,46,0.001733087352477014,0,1.0,1
grasec,0.8,44,gnn,47,0.02150920405983925,0,1.0,1
grasec,0.8,44,gnn,48,0.9999978542327881,1,1.0,1
grasec,0.8,44,gnn,49,1.0,1,1.0,1
grasec,0.8,44,gnn,50,1.0,1,1.0,1
grasec,0.8,44,gnn,51,1.0,1,1.0,1
grasec,0.8,44,gnn,52,1.0,1,1.0,1
grasec,0.8,44,gnn,53,1.0,1,1.0,1
grasec,0.8,44,gnn,54,0.9980047345161438,1,0.9995253086090088,1
grasec,0.8,44,gnn,55,0.9999924898147583,1,1.0,1
grasec,0.8,44,gnn,56,0.9999998807907104,1,1.0,1
grasec,0.8,44,gnn,57,1.0,1,1.0,1
grasec,0.8,44,gnn,58,1.0,1,1.0,1
grasec,0.8,44,gnn,59,1.0,1,0.9997900128364563,1
grasec,0.8,44,gnn,60,1.0,1,0.9995742440223694,1
grasec,0.8,44,gnn,61,1.0,1,0.9933899641036987,1
grasec,0.8,44,gnn,62,1.0,1,1.0,1
grasec,0.8,44,gnn,63,1.0,1,1.0,1
grasec,0.8,44,gnn,64,0.9999997615814209,1,0.07336939126253128,0
grasec,0.8,44,gnn,65,0.9995254278182983,1,1.0,1
grasec,0.8,44,gnn,66,0.9426953792572021,1,0.9998860359191895,1
grasec,0.8,44,gnn,67,1.0,1,1.0,1
grasec,0.8,44,gnn,68,0.9999997615814209,1,0.9965470433235168,1
grasec,0.8,44,gnn,69,0.9972835779190063,1,1.0,1
grasec,0.8,44,gnn,70,0.9997010231018066,1,0.9994218349456787,1
grasec,0.8,44,gnn,71,0.0013141550589352846,1,1.0,1
grasec,0.8,44,gnn,72,1.0,1,1.0,1
grasec,0.8,44,gnn,73,1.0,1,1.0,1
grasec,0.8,44,gnn,74,0.9999998807907104,1,0.9992066025733948,1
grasec,0.8,44,gnn,75,1.0,1,1.0,1
grasec,0.8,44,gnn,76,1.0,1,1.0,1
grasec,0.8,44,gnn,77,1.0,1,0.9999997615814209,1
grasec,0.8,44,gnn,78,1.0,1,1.0,1
grasec,0.8,44,gnn,79,0.9987344145774841,1,0.0024680853821337223,0
grasec,0.8,44,gnn,80,1.0,1,0.9999963045120239,1
grasec,0.8,44,gnn,81,0.9982104301452637,1,0.9997673630714417,1
grasec,0.8,44,gnn,82,1.0,1,1.0,1
grasec,0.8,44,gnn,83,1.0,1,0.9960485100746155,1
grasec,0.8,44,gnn,84,1.0,1,1.0,1
grasec,0.8,44,gnn,85,0.9999977350234985,1,0.9999996423721313,1
grasec,0.8,44,gnn,86,1.0,1,1.0,1
grasec,0.8,44,gnn,87,0.999996542930603,1,1.0,1
grasec,0.8,44,gnn,88,1.0,1,1.0,1
grasec,0.8,44,gnn,89,0.0031490358524024487,0,1.0,1
grasec,0.8,44,gnn,90,1.0,1,0.9999992847442627,1
grasec,0.8,44,gnn,91,1.0,1,1.0,1
grasec,0.8,44,gnn,92,1.0,1,0.9999997615814209,1
grasec,0.8,44,gnn,93,1.0,1,0.9994245767593384,1
grasec,0.8,44,gnn,94,1.0,1,1.0,1
grasec,0.8,44,gnn,95,0.999976634979248,1,1.0,1
grasec,0.8,44,gnn,96,0.9788757562637329,1,1.0,1
grasec,0.8,44,gnn,97,1.0,1,1.0,1
grasec,0.8,44,gnn,98,0.9789605140686035,1,1.0,1
grasec,0.8,44,gnn,99,1.0,1,1.0,1
grasec,0.8,44,gnn,100,0.9981278777122498,1,1.0,1
grasec,0.8,44,gnn,101,1.0,1,0.9953783750534058,1
grasec,0.8,44,gnn,102,0.9993764758110046,1,1.0,1
grasec,0.8,44,gnn,103,1.0,1,1.0,1
grasec,0.8,44,gnn,104,0.9999992847442627,1,0.9847704768180847,1
grasec,0.8,44,gnn,105,2.7820651666843332e-05,0,1.0,1
grasec,0.8,44,gnn,106,1.0,1,1.0,1
grasec,0.8,44,gnn,107,1.0,1,1.0,1
grasec,0.8,44,gnn,108,1.0,1,0.1351008266210556,0
grasec,0.8,44,gnn,109,1.0,1,1.0,1
grasec,0.8,44,gnn,110,1.0,1,0.9994943141937256,1
grasec,0.8,44,gnn,111,0.9984489679336548,1,1.0,1
grasec,0.8,44,gnn,112,1.0,1,1.0,1
grasec,0.8,44,gnn,113,0.9988454580307007,1,1.0,1
grasec,0.8,44,gnn,114,1.0,1,1.0,1
grasec,0.8,44,gnn,115,0.9999939203262329,1,1.0,1
grasec,0.8,44,gnn,116,1.0,1,1.0,1
grasec,0.8,44,gnn,117,0.9999998807907104,1,1.0,1
grasec,0.8,44,gnn,118,0.9998615980148315,1,1.0,1
grasec,0.8,44,gnn,119,1.0,1,0.9999978542327881,1
grasec,0.8,44,gnn,120,1.0,1,0.9450089335441589,1
grasec,0.8,44,gnn,121,1.0,1,1.0,1
grasec,0.8,44,gnn,122,0.9999868869781494,1,1.0,1
grasec,0.8,44,gnn,123,0.9989063739776611,1,0.9997391104698181,1
grasec,0.8,44,gnn,124,0.9988868832588196,1,0.9995461106300354,1
grasec,0.8,44,gnn,125,0.999769389629364,1,1.0,1
grasec,0.8,44,gnn,126,0.9999502897262573,1,1.0,1
grasec,0.8,44,gnn,127,1.0,1,0.9913133978843689,1
grasec,0.8,44,gnn,128,1.0,1,0.9946958422660828,1
grasec,0.8,44,gnn,129,0.9999995231628418,1,1.0,1
grasec,0.8,44,gnn,130,0.9977915287017822,1,1.0,1
grasec,0.8,44,gnn,131,1.0,1,0.21054381132125854,0
grasec,0.8,44,gnn,132,1.0,1,1.0,1
grasec,0.8,44,gnn,133,1.0,1,1.0,1
grasec,0.8,44,gnn,134,1.0,1,0.0858958512544632,0
grasec,0.8,44,gnn,135,0.9999994039535522,1,0.9997690320014954,1
grasec,0.8,44,gnn,136,0.9999986886978149,1,0.9956859350204468,1
grasec,0.8,44,gnn,137,1.0,1,2.7040070563089103e-05,0
grasec,0.8,44,gnn,138,1.0,1,0.9857537746429443,1
grasec,0.8,44,gnn,139,0.9987591505050659,1,9.965739445760846e-05,0
grasec,0.8,44,gnn,140,1.0,1,1.0,1
grasec,0.8,44,gnn,141,1.0,1,1.0,1
grasec,0.8,44,gnn,142,1.0,1,1.0,1
grasec,0.8,44,gnn,143,1.0,1,0.9999247789382935,1
grasec,0.8,44,gnn,144,1.0,1,0.9992671608924866,1
grasec,0.8,44,gnn,145,1.0,1,0.9941791296005249,1
grasec,0.8,44,gnn,146,1.0,1,1.0,1
grasec,0.8,44,gnn,147,0.9034972786903381,0,0.9999707937240601,1
grasec,0.8,44,gnn,148,0.9999603033065796,1,1.0,1
grasec,0.8,44,gnn,149,0.9999430179595947,1,1.0,1
grasec,0.8,44,gnn,150,1.0,1,0.9994837045669556,1
grasec,0.8,44,gnn,151,0.9997182488441467,1,1.0,1
grasec,0.8,44,gnn,152,1.0,1,1.0,1
grasec,0.8,44,gnn,153,0.9999475479125977,1,1.0,1
grasec,0.8,44,gnn,154,1.0,1,1.0,1
grasec,0.8,44,gnn,155,1.0,1,1.0,1
grasec,0.8,44,gnn,156,1.0,1,1.0,1
grasec,0.8,44,gnn,157,1.0,1,1.0,1
grasec,0.8,44,gnn,158,0.9724825024604797,1,0.992566704750061,1
grasec,0.8,44,gnn,159,1.0,1,0.999933123588562,1
grasec,0.8,44,gnn,160,1.0,1,1.0,1
grasec,0.8,44,gnn,161,0.9986078143119812,1,0.007082149852067232,0
grasec,0.8,44,gnn,162,0.9983190894126892,1,1.0,1
grasec,0.8,44,gnn,163,1.0,1,1.0,1
grasec,0.8,44,gnn,164,0.9999995231628418,1,1.0,1
grasec,0.8,44,gnn,165,1.0,1,0.9995996356010437,1
grasec,0.8,44,gnn,166,1.0,1,0.025991713628172874,0
grasec,0.8,44,gnn,167,1.0,1,0.9995836615562439,1
grasec,0.8,44,gnn,168,0.9999979734420776,1,1.0,1
grasec,0.8,44,gnn,169,0.9997689127922058,1,0.7071942687034607,1
grasec,0.8,44,gnn,170,0.9976537823677063,1,0.9927592277526855,1
grasec,0.8,44,gnn,171,0.9999147653579712,1,1.0,1
grasec,0.8,44,gnn,172,0.9998482465744019,1,0.9332001209259033,1
grasec,0.8,44,gnn,173,1.0,1,1.0,1
grasec,0.8,44,gnn,174,0.8970242142677307,1,0.9999904632568359,1
grasec,0.8,44,gnn,175,0.9992539286613464,1,0.9999514818191528,1
grasec,0.8,44,gnn,176,1.0,1,0.005720230285078287,0
grasec,0.8,44,gnn,177,0.9999911785125732,1,0.992159366607666,1
grasec,0.8,44,gnn,178,1.0,1,0.9035910964012146,1
grasec,0.8,44,gnn,179,1.0,1,0.9999942779541016,1
grasec,0.8,44,gnn,180,1.0,1,1.0,1
grasec,0.8,44,gnn,181,0.9988778233528137,1,0.9632214307785034,1
grasec,0.8,44,gnn,182,0.9983307719230652,1,1.0,1
grasec,0.8,44,gnn,183,1.0,1,1.0,1
grasec,0.8,44,gnn,184,1.0,1,1.0,1
grasec,0.8,44,gnn,185,1.0,1,1.0,1
grasec,0.8,44,gnn,186,0.9999598264694214,1,1.0,1
grasec,0.8,44,gnn,187,1.0,1,1.0,1
grasec,0.8,44,gnn,188,1.0,1,1.0,1
grasec,0.8,44,gnn,189,1.0,1,1.0,1
grasec,0.8,44,gnn,190,1.0,1,1.0,1
grasec,0.8,44,gnn,191,1.0,1,0.016252802684903145,0
grasec,0.8,44,gnn,192,0.9991059899330139,1,0.9977917671203613,1
grasec,0.8,44,gnn,193,0.9999234676361084,1,0.9984911680221558,1
grasec,0.8,44,gnn,194,1.0,1,0.9995453953742981,1
grasec,0.8,44,gnn,195,1.0,1,0.9996349811553955,1
grasec,0.8,44,gnn,196,0.9999998807907104,1,1.0,1
grasec,0.8,44,gnn,197,0.9999983310699463,1,0.9988409876823425,1
grasec,0.8,44,gnn,198,0.0011459646048024297,0,0.9999998807907104,1
grasec,0.8,44,gnn,199,0.9992645382881165,1,0.9998874664306641,1
grasec,0.8,44,gnn,200,1.0,1,1.0,1
grasec,0.8,44,gnn,201,0.9996104836463928,1,0.9994683861732483,1
grasec,0.8,44,gnn,202,1.0,1,0.9987775683403015,1
grasec,0.8,44,gnn,203,1.0,1,0.9996320009231567,1
grasec,0.8,44,gnn,204,1.0,1,1.0,1
grasec,0.8,44,gnn,205,1.0,1,1.0,1
grasec,0.8,44,gnn,206,1.0,1,1.0,1
grasec,0.8,44,gnn,207,1.0,1,0.9506951570510864,1
grasec,0.8,44,gnn,208,0.3834037184715271,1,1.0,1
grasec,0.8,44,gnn,209,1.0,1,1.0,1
grasec,0.8,44,gnn,210,0.9999995231628418,1,1.0,1
grasec,0.8,44,gnn,211,0.9998937845230103,1,1.0,1
grasec,0.8,44,gnn,212,1.0,1,1.0,1
grasec,0.8,44,gnn,213,1.0,1,1.0,1
grasec,0.8,44,gnn,214,0.012246199883520603,0,1.0,1
grasec,0.8,44,gnn,215,1.0,1,0.9923581480979919,1
grasec,0.8,44,gnn,216,1.0,1,1.0,1
grasec,0.8,44,gnn,217,1.0,1,1.0,1
grasec,0.8,44,gnn,218,0.998623251914978,1,1.0,1
grasec,0.8,44,gnn,219,1.0,1,0.9999980926513672,1
grasec,0.8,44,gnn,220,1.0,1,0.00180372956674546,0
grasec,0.8,44,gnn,221,1.0,1,0.9999998807907104,1
grasec,0.8,44,gnn,222,1.0,1,0.04181953892111778,0
grasec,0.8,44,gnn,223,0.9998973608016968,1,0.9996320009231567,1
grasec,0.8,44,gnn,224,0.9980877041816711,1,1.0,1
grasec,0.8,44,gnn,225,1.0,1,0.9928513765335083,1
grasec,0.8,44,gnn,226,0.9997593760490417,1,0.9976262450218201,1
grasec,0.8,44,gnn,227,0.15166381001472473,1,0.9999158382415771,1
grasec,0.8,44,gnn,228,1.0,1,1.0,1
grasec,0.8,44,gnn,229,1.0,1,0.10924448072910309,1
grasec,0.8,44,gnn,230,1.0,1,0.999316930770874,1
grasec,0.8,44,gnn,231,1.0,1,1.0,1
grasec,0.8,44,gnn,232,1.0,1,1.0,1
grasec,0.8,44,gnn,233,1.0,1,1.0,1
grasec,0.8,44,gnn,234,0.9993535876274109,1,0.9999892711639404,1
grasec,0.8,44,gnn,235,1.0,1,0.2556842565536499,0
grasec,0.8,44,gnn,236,1.0,1,1.0,1
grasec,0.8,44,gnn,237,0.9827604293823242,1,1.0,1
grasec,0.8,44,gnn,238,0.0009502857574261725,0,0.2972554564476013,1
grasec,0.8,44,gnn,239,1.0,1,0.013113727793097496,0
grasec,0.8,44,gnn,240,0.9998384714126587,1,1.0,1
grasec,0.8,44,gnn,241,1.0,1,1.0,1
grasec,0.8,44,gnn,242,0.9992524981498718,1,1.0,1
grasec,0.8,44,gnn,243,1.0,1,0.999976634979248,1
grasec,0.8,44,gnn,244,0.9996435642242432,1,0.9994662404060364,1
grasec,0.8,44,gnn,245,1.0,1,0.9996262788772583,1
grasec,0.8,44,gnn,246,0.30358177423477173,0,0.9999927282333374,1
grasec,0.8,44,gnn,247,1.0,1,0.002731013810262084,0
grasec,0.8,44,gnn,248,0.04202442988753319,0,0.9995137453079224,1
grasec,0.8,44,gnn,249,0.9999401569366455,1,1.0,1
grasec,0.8,44,gnn,250,0.9998278617858887,1,1.0,1
grasec,0.8,44,gnn,251,1.0,1,1.0,1
grasec,0.8,44,gnn,252,1.0,1,0.9950128197669983,1
grasec,0.8,44,gnn,253,1.0,1,1.0,1
grasec,0.8,44,gnn,254,0.9999474287033081,1,1.0,1
grasec,0.8,44,gnn,255,1.0,1,1.0,1
grasec,0.8,44,gnn,256,0.9901082515716553,1,0.9994431138038635,1
grasec,0.8,44,gnn,257,1.0,1,0.9998840093612671,1
grasec,0.8,44,gnn,258,0.9983747005462646,1,1.0,1
grasec,0.8,44,gnn,259,1.0,1,0.9999996423721313,1
grasec,0.8,44,gnn,260,1.0,1,1.0,1
grasec,0.8,44,gnn,261,1.0,1,0.9999997615814209,1
grasec,0.8,44,gnn,262,0.9999181032180786,1,1.1317862619319996e-10,0
grasec,0.8,44,gnn,263,0.9994421601295471,1,1.0,1
grasec,0.8,44,gnn,264,0.9999998807907104,1,1.0,1
grasec,0.8,44,gnn,265,1.0,1,1.0,1
grasec,0.8,44,gnn,266,0.9967312812805176,1,1.0,1
grasec,0.8,44,gnn,267,0.6165640950202942,0,1.0,1
grasec,0.8,44,gnn,268,1.0,1,0.9999991655349731,1
grasec,0.8,44,gnn,269,0.9925383925437927,1,1.0,1
grasec,0.8,44,gnn,270,0.9998507499694824,1,0.011398253962397575,0
grasec,0.8,44,gnn,271,0.9818803071975708,1,1.0,1
grasec,0.8,44,gnn,272,1.0,1,0.9998776912689209,1
grasec,0.8,44,gnn,273,1.0,1,1.0,1
grasec,0.8,44,gnn,274,0.999890923500061,1,0.9960697889328003,1
grasec,0.8,44,gnn,275,0.04571663960814476,0,1.0,1
grasec,0.8,44,gnn,276,1.0,1,0.9992833733558655,1
grasec,0.8,44,gnn,277,0.9998891353607178,1,1.0,1
grasec,0.8,44,gnn,278,1.0,1,0.9999963045120239,1
grasec,0.8,44,gnn,279,0.06557987630367279,0,1.0,1
grasec,0.8,44,gnn,280,1.0,1,0.9974011182785034,1
grasec,0.8,44,gnn,281,1.0,1,1.0,1
grasec,0.8,44,gnn,282,0.9998857975006104,1,0.9941191673278809,1
grasec,0.8,44,gnn,283,1.0,1,1.0,1
grasec,0.8,44,gnn,284,1.0,1,0.9990347623825073,1
grasec,0.8,44,gnn,285,1.0,1,0.9897817373275757,1
grasec,0.8,44,gnn,286,1.0,1,0.9986373782157898,1
grasec,0.8,44,gnn,287,0.9992862343788147,1,0.9977104663848877,1
grasec,0.8,44,gnn,288,1.0,1,0.5006829500198364,1
grasec,0.8,44,gnn,289,0.9908093214035034,1,1.0,1
grasec,0.8,44,gnn,290,0.9999545812606812,1,1.0,1
grasec,0.8,44,gnn,291,0.9992669224739075,1,0.998522937297821,1
grasec,0.8,44,gnn,292,1.0,1,1.0,1
grasec,0.8,44,gnn,293,1.0,1,1.0,1
grasec,0.8,44,gnn,294,0.9999953508377075,1,0.9991752505302429,1
grasec,0.8,44,gnn,295,0.9942196607589722,1,0.45675256848335266,1
grasec,0.8,44,gnn,296,0.9999516010284424,1,1.0,1
grasec,0.8,44,gnn,297,0.9998483657836914,1,0.9981130361557007,1
grasec,0.8,44,gnn,298,1.0,1,0.9999617338180542,1
grasec,0.8,44,gnn,299,1.0,1,1.0,1
grasec,0.8,44,gnn,300,0.9998030066490173,1,0.9989809393882751,1
grasec,0.8,44,gnn,301,1.0,1,1.0,1
grasec,0.8,44,gnn,302,1.0,1,1.0,1
grasec,0.8,44,gnn,303,1.0,1,1.0,1
grasec,0.8,44,gnn,304,0.9970605969429016,1,0.9996834993362427,1
grasec,0.8,44,gnn,305,1.0,1,0.999988317489624,1
grasec,0.8,44,gnn,306,1.0,1,0.9999983310699463,1
grasec,0.8,44,gnn,307,0.9999066591262817,1,0.999269425868988,1
grasec,0.8,44,gnn,308,1.0,1,0.999388575553894,1
grasec,0.8,44,gnn,309,1.0,1,1.0,1
grasec,0.8,44,gnn,310,0.9817143678665161,1,0.9987506866455078,1
grasec,0.8,44,gnn,311,0.9994843006134033,1,0.9990986585617065,1
grasec,0.8,44,gnn,312,1.0,1,8.486289152642712e-05,0
grasec,0.8,44,gnn,313,0.9973400235176086,1,0.0007605934515595436,0
grasec,0.8,44,gnn,314,1.0,1,1.0,1
grasec,0.8,44,gnn,315,0.9999892711639404,1,1.0,1
grasec,0.8,44,gnn,316,0.9999876022338867,1,1.0,1
grasec,0.8,44,gnn,317,0.9995725750923157,1,1.0,1
grasec,0.8,44,gnn,318,1.0,1,0.9971981048583984,1
grasec,0.8,44,gnn,319,1.0,1,1.0,1
grasec,0.8,44,gnn,320,1.0,1,0.9945564270019531,1
grasec,0.8,44,gnn,321,1.0,1,0.9993771910667419,1
grasec,0.8,44,gnn,322,0.9991164803504944,1,1.0,1
grasec,0.8,44,gnn,323,1.0,1,1.0,1
grasec,0.8,44,gnn,324,1.0,1,1.0,1
grasec,0.8,44,gnn,325,1.0,1,0.12295708805322647,0
grasec,0.8,44,gnn,326,1.0,1,0.9925487041473389,1
grasec,0.8,44,gnn,327,0.001230578520335257,0,0.9986542463302612,1
grasec,0.8,44,gnn,328,1.0,1,1.0,1
grasec,0.8,44,gnn,329,1.0,1,1.0,1
grasec,0.8,44,gnn,330,0.9970020651817322,1,1.0,1
grasec,0.8,44,gnn,331,1.0,1,0.9986433386802673,1
grasec,0.8,44,gnn,332,1.0,1,0.9998931884765625,1
grasec,0.8,44,gnn,333,0.05383441969752312,0,0.9981125593185425,1
grasec,0.8,44,gnn,334,0.999729573726654,1,1.0,1
grasec,0.8,44,gnn,335,1.0,1,1.0,1
grasec,0.8,44,gnn,336,0.9978929162025452,1,0.995834231376648,1
grasec,0.8,44,gnn,337,1.0,1,0.9970672726631165,1
grasec,0.8,44,gnn,338,1.0,1,1.0,1
grasec,0.8,44,gnn,339,1.0,1,1.0,1
grasec,0.8,44,gnn,340,1.0,1,0.9999926090240479,1
grasec,0.8,44,gnn,341,1.0,1,1.0,1
grasec,0.8,44,gnn,342,1.0,1,0.969429612159729,1
grasec,0.8,44,gnn,343,0.9995757937431335,1,0.0004114401526749134,0
grasec,0.8,44,gnn,344,0.9999990463256836,1,0.9997696280479431,1
grasec,0.8,44,gnn,345,0.9921073317527771,1,0.9961940050125122,1
grasec,0.8,44,gnn,346,1.0,1,0.9974743723869324,1
grasec,0.8,44,gnn,347,1.0,1,0.9997394680976868,1
grasec,0.8,44,gnn,348,1.0,1,1.0,1
grasec,0.8,44,gnn,349,1.0,1,1.0,1
grasec,0.8,44,gnn,350,1.0,1,0.9996546506881714,1
grasec,0.8,44,gnn,351,1.0,1,0.9721890687942505,1
grasec,0.8,44,gnn,352,1.0,1,0.9999843835830688,1
grasec,0.8,44,gnn,353,0.9907683730125427,1,1.0,1
grasec,0.8,44,gnn,354,0.9999998807907104,1,1.0,1
grasec,0.8,44,gnn,355,1.0,1,0.9999372959136963,1
grasec,0.8,44,gnn,356,1.0,1,0.9999998807907104,1
grasec,0.8,44,gnn,357,0.9992567896842957,1,1.0,1
grasec,0.8,44,gnn,358,0.9998579025268555,1,1.0,1
grasec,0.8,44,gnn,359,1.0,1,1.0,1
grasec,0.8,44,gnn,360,0.9994927644729614,1,0.9999357461929321,1
grasec,0.8,44,gnn,361,1.0,1,1.0,1
grasec,0.8,44,gnn,362,1.0,1,1.0,1
grasec,0.8,44,gnn,363,1.0,1,1.0,1
grasec,0.8,44,gnn,364,1.0,1,1.0,1
grasec,0.8,44,gnn,365,1.0,1,1.0,1
grasec,0.8,44,gnn,366,0.9997352957725525,1,1.0,1
grasec,0.8,44,gnn,367,1.0,1,0.9999998807907104,1
grasec,0.8,44,gnn,368,1.0,1,1.0,1
grasec,0.8,44,gnn,369,1.0,1,1.0,1
grasec,0.8,44,gnn,370,1.0,1,1.0,1
grasec,0.8,44,gnn,371,0.9752233624458313,1,1.0,1
grasec,0.8,44,gnn,372,0.04118671640753746,0,1.0,1
grasec,0.8,44,gnn,373,1.0,1,1.0,1
grasec,0.8,44,gnn,374,0.9999998807907104,1,1.0,1
grasec,0.8,44,gnn,375,1.0,1,1.0,1
grasec,0.8,44,gnn,376,0.9996809959411621,1,1.0,1
grasec,0.8,44,gnn,377,1.0,1,1.0,1
grasec,0.8,44,gnn,378,1.0,1,1.0,1
grasec,0.8,44,gnn,379,0.9919021725654602,1,0.47813525795936584,0
grasec,0.8,44,gnn,380,0.9999998807907104,1,1.0,1
grasec,0.8,44,gnn,381,0.01106382068246603,0,0.9992862343788147,1
grasec,0.8,44,gnn,382,1.0,1,1.0,1
grasec,0.8,44,gnn,383,1.0,1,0.9997772574424744,1
grasec,0.8,44,gnn,384,1.0,1,0.9997208714485168,1
grasec,0.8,44,gnn,385,0.9998670816421509,1,0.5947286486625671,0
grasec,0.8,44,gnn,386,1.0,1,1.0,1
grasec,0.8,44,gnn,387,1.0,1,0.999241828918457,1
grasec,0.8,44,gnn,388,0.9999998807907104,1,1.0,1
grasec,0.8,44,gnn,389,0.998230516910553,1,0.9993398785591125,1
grasec,0.8,44,gnn,390,1.0,1,0.9999841451644897,1
grasec,0.8,44,gnn,391,1.0,1,1.0,1
grasec,0.8,44,gnn,392,1.0,1,0.9990399479866028,1
grasec,0.8,44,gnn,393,0.9994489550590515,1,0.9995425939559937,1
grasec,0.8,44,gnn,394,1.0,1,1.0,1
grasec,0.8,44,gnn,395,1.0,1,1.0,1
grasec,0.8,44,gnn,396,1.0,1,0.9704139828681946,1
grasec,0.8,44,gnn,397,1.0,1,1.0,1
grasec,0.8,44,gnn,398,0.08681826293468475,0,0.9972910284996033,1
grasec,0.8,44,gnn,399,1.0,1,0.9893514513969421,1
grasec,0.8,44,gnn,400,1.0,1,0.9999606609344482,1
grasec,0.8,44,gnn,401,1.0,1,0.012478518299758434,0
grasec,0.8,44,gnn,402,0.9989509582519531,1,0.9983395338058472,1
grasec,0.8,44,gnn,403,1.0,1,1.0,1
grasec,0.8,44,gnn,404,1.0,1,1.0,1
grasec,0.8,44,gnn,405,0.999481737613678,1,0.9999899864196777,1
grasec,0.8,44,gnn,406,0.9999997615814209,1,0.9996844530105591,1
grasec,0.8,44,gnn,407,1.0,1,1.0,1
grasec,0.8,44,gnn,408,0.9980966448783875,1,0.9977370500564575,1
grasec,0.8,44,gnn,409,0.9994826316833496,1,0.9997604489326477,1
grasec,0.8,44,gnn,410,0.9998181462287903,1,1.0,1
grasec,0.8,44,gnn,411,0.14799968898296356,0,1.0,1
grasec,0.8,44,gnn,412,1.0,1,1.0,1
grasec,0.8,44,gnn,413,1.0,1,0.9996182918548584,1
grasec,0.8,44,gnn,414,1.0,1,1.0,1
grasec,0.8,44,gnn,415,1.0,1,1.0,1
grasec,0.8,44,gnn,416,0.9981791973114014,1,0.9999428987503052,1
grasec,0.8,44,gnn,417,0.00016925203090067953,0,1.0,1
grasec,0.8,44,gnn,418,1.0,1,1.0,1
grasec,0.8,44,gnn,419,1.0,1,1.0,1
grasec,0.8,44,gnn,420,0.9851518273353577,1,1.0,1
grasec,0.8,44,gnn,421,1.0,1,1.0,1
grasec,0.8,44,gnn,422,0.9986220598220825,1,1.0,1
grasec,0.8,44,gnn,423,1.0,1,0.9786617755889893,1
grasec,0.8,44,gnn,424,1.0,1,0.9778375029563904,1
grasec,0.8,44,gnn,425,0.9999926090240479,1,1.0,1
grasec,0.8,44,gnn,426,1.0,1,1.0,1
grasec,0.8,44,gnn,427,0.0006292004254646599,0,0.9860357046127319,1
grasec,0.8,44,gnn,428,0.9988390803337097,1,1.0,1
grasec,0.8,44,gnn,429,1.0,1,1.0,1
grasec,0.8,44,gnn,430,1.0,1,1.0,1
grasec,0.8,44,gnn,431,0.9999998807907104,1,1.0,1
grasec,0.8,44,gnn,432,1.0,1,0.9986101388931274,1
grasec,0.8,44,gnn,433,1.0,1,0.9999934434890747,1
grasec,0.8,44,gnn,434,1.0,1,0.9998773336410522,1
grasec,0.8,44,gnn,435,0.9993411898612976,1,1.0,1
grasec,0.8,44,gnn,436,1.0,1,1.0,1
grasec,0.8,44,gnn,437,1.0,1,1.0,1
grasec,0.8,44,gnn,438,1.0,1,1.0,1
grasec,0.8,44,gnn,439,1.0,1,0.9996963739395142,1
grasec,0.8,44,gnn,440,1.0,1,1.0,1
grasec,0.8,44,gnn,441,0.9999998807907104,1,1.0,1
grasec,0.8,44,gnn,442,1.0,1,1.0,1
grasec,0.8,44,gnn,443,1.0,1,0.9883611798286438,1
grasec,0.8,44,gnn,444,1.0,1,1.0,1
grasec,0.8,44,gnn,445,0.9964841604232788,1,0.999249279499054,1
grasec,0.8,44,gnn,446,1.0,1,1.0,1
grasec,0.8,44,gnn,447,1.0,1,0.9999819993972778,1
grasec,0.8,44,gnn,448,0.999854564666748,1,1.0,1
grasec,0.8,44,gnn,449,0.9998264908790588,1,1.0,1
grasec,0.8,44,gnn,450,1.0,1,1.0,1
grasec,0.8,44,gnn,451,1.0,1,0.9988947510719299,1
grasec,0.8,44,gnn,452,0.9997307658195496,1,1.0,1
grasec,0.8,44,gnn,453,1.0,1,0.9995415210723877,1
grasec,0.8,44,gnn,454,1.0,1,0.006341699510812759,0
grasec,0.8,44,gnn,455,1.0,1,0.9889551401138306,1
grasec,0.8,44,gnn,456,0.999690055847168,1,1.0,1
grasec,0.8,44,gnn,457,0.9999948740005493,1,1.0,1
grasec,0.8,44,gnn,458,1.0,1,0.9940459728240967,1
grasec,0.8,44,gnn,459,1.0,1,1.0,1
grasec,0.8,44,gnn,460,0.9975639581680298,1,1.0,1
grasec,0.8,44,gnn,461,1.0,1,1.0,1
grasec,0.8,44,gnn,462,0.998623251914978,1,0.9999192953109741,1
grasec,0.8,44,gnn,463,0.9996764659881592,1,0.9987994432449341,1
grasec,0.8,44,gnn,464,1.0,1,1.0,1
grasec,0.8,44,gnn,465,1.0,1,1.0,1
grasec,0.8,44,gnn,466,0.9999665021896362,1,1.0,1
grasec,0.8,44,gnn,467,1.0,1,1.0,1
grasec,0.8,44,gnn,468,1.0,1,1.0,1
grasec,0.8,44,gnn,469,1.0,1,1.0,1
grasec,0.8,44,gnn,470,1.0,1,0.9481514692306519,1
grasec,0.8,44,gnn,471,0.9976034760475159,1,1.0,1
grasec,0.8,44,gnn,472,1.0,1,0.999647855758667,1
grasec,0.8,44,gnn,473,1.0,1,1.0,1
grasec,0.8,44,gnn,474,0.9963125586509705,1,1.0,1
grasec,0.8,44,gnn,475,0.9907853603363037,1,1.0,1
grasec,0.8,44,gnn,476,0.9966421127319336,1,1.0,1
grasec,0.8,44,gnn,477,1.0,1,1.0,1
grasec,0.8,44,gnn,478,0.07124903798103333,0,0.9998973608016968,1
grasec,0.8,44,gnn,479,1.0,1,1.0,1
grasec,0.8,44,gnn,480,1.0,1,0.9993963241577148,1
grasec,0.8,44,gnn,481,1.0,1,0.9988191723823547,1
grasec,0.8,44,gnn,482,0.9991912245750427,1,1.0,1
grasec,0.8,44,gnn,483,1.0,1,0.9997206330299377,1
grasec,0.8,44,gnn,484,0.9995198249816895,1,1.0,1
grasec,0.8,44,gnn,485,1.0,1,1.0,1
grasec,0.8,44,gnn,486,1.0,1,1.0,1
grasec,0.8,44,gnn,487,1.0,1,1.0,1
grasec,0.8,44,gnn,488,1.0,1,0.9998561143875122,1
grasec,0.8,44,gnn,489,1.0,1,0.9991303086280823,1
grasec,0.8,44,gnn,490,1.0,1,1.0,1
grasec,0.8,44,gnn,491,0.9998708963394165,1,0.9996907711029053,1
grasec,0.8,44,gnn,492,1.0,1,0.999087929725647,1
grasec,0.8,44,gnn,493,1.0,1,1.0,1
grasec,0.8,44,gnn,494,1.0,1,1.0,1
grasec,0.8,44,gnn,495,1.0,1,1.0,1
grasec,0.8,44,gnn,496,1.0,1,1.0,1
grasec,0.8,44,gnn,497,1.0,1,1.0,1
grasec,0.8,44,gnn,498,1.0,1,1.0,1
grasec,0.8,44,gnn,499,0.9999102354049683,1,1.0,1
grasec,0.8,44,gnn,500,1.0,1,1.0,1
grasec,0.8,44,gnn,501,0.6911978721618652,0,1.0,1
grasec,0.8,44,gnn,502,0.9999998807907104,1,0.04106694832444191,0
grasec,0.8,44,gnn,503,1.0,1,1.0,1
grasec,0.8,44,gnn,504,0.9994022846221924,1,0.9997712969779968,1
grasec,0.8,44,gnn,505,0.9999994039535522,1,1.0,1
grasec,0.8,44,gnn,506,1.0,1,0.9989340901374817,1
grasec,0.8,44,gnn,507,0.999390721321106,1,0.9994986057281494,1
grasec,0.8,44,gnn,508,0.2415974736213684,0,1.0,1
grasec,0.8,44,gnn,509,0.9999853372573853,1,0.9999723434448242,1
grasec,0.8,44,gnn,510,1.0,1,0.9976557493209839,1
grasec,0.8,44,gnn,511,0.9997783303260803,1,0.9972852468490601,1
grasec,0.8,44,gnn,512,1.0,1,1.0,1
grasec,0.8,44,gnn,513,1.0,1,0.9997875094413757,1
grasec,0.8,44,gnn,514,0.004578951746225357,1,0.9933937191963196,1
grasec,0.8,44,gnn,515,0.9999996423721313,1,0.9989089965820312,1
grasec,0.8,44,gnn,516,1.0,1,1.0,1
grasec,0.8,44,gnn,517,1.0,1,1.0,1
grasec,0.8,44,gnn,518,1.0,1,0.9998032450675964,1
grasec,0.8,44,gnn,519,1.0,1,0.9999619722366333,1
grasec,0.8,44,gnn,520,1.0,1,1.0,1
grasec,0.8,44,gnn,521,1.0,1,1.0,1
grasec,0.8,44,gnn,522,0.9994128942489624,1,0.9995811581611633,1
grasec,0.8,44,gnn,523,1.0,1,0.9998635053634644,1
grasec,0.8,44,gnn,524,0.9994718432426453,1,1.0,1
grasec,0.8,44,gnn,525,0.9999991655349731,1,1.0,1
grasec,0.8,44,gnn,526,1.0,1,1.0,1
grasec,0.8,44,gnn,527,1.0,1,1.0,1
grasec,0.8,44,gnn,528,0.999835729598999,1,0.9999812841415405,1
grasec,0.8,44,gnn,529,0.9999669790267944,1,0.9994470477104187,1
grasec,0.8,44,gnn,530,0.9995749592781067,1,1.0,1
grasec,0.8,44,gnn,531,1.0,1,0.9600028991699219,1
grasec,0.8,44,gnn,532,0.9997392296791077,1,1.0,1
grasec,0.8,44,gnn,533,1.0,1,0.005345398094505072,0
grasec,0.8,44,gnn,534,1.0,1,1.0,1
grasec,0.8,44,gnn,535,1.0,1,0.0019750725477933884,0
grasec,0.8,44,gnn,536,0.0077323587611317635,0,0.5292659997940063,0
grasec,0.8,44,gnn,537,1.0,1,0.998794436454773,1
grasec,0.8,44,gnn,538,0.00617963308468461,0,1.0,1
grasec,0.8,44,gnn,539,1.0,1,0.9995092153549194,1
grasec,0.8,44,gnn,540,0.04409627243876457,1,1.0,1
grasec,0.8,44,gnn,541,1.0,1,0.9999978542327881,1
grasec,0.8,44,gnn,542,0.9968061447143555,1,1.0,1
grasec,0.8,44,gnn,543,0.9986894726753235,1,1.0,1
grasec,0.8,44,gnn,544,1.0,1,1.0,1
grasec,0.8,44,gnn,545,1.0,1,0.9993461966514587,1
grasec,0.8,44,gnn,546,0.9983513355255127,1,1.0,1
grasec,0.8,44,gnn,547,0.9999957084655762,1,0.999392032623291,1
grasec,0.8,44,gnn,548,0.9270730018615723,1,0.9995260238647461,1
grasec,0.8,44,gnn,549,0.9999998807907104,1,0.9998421669006348,1
grasec,0.8,44,gnn,550,0.9989151954650879,1,0.28128668665885925,0
grasec,0.8,44,gnn,551,1.0,1,0.9990831613540649,1
grasec,0.8,44,gnn,552,0.00011906796135008335,0,0.9999582767486572,1
grasec,0.8,44,gnn,553,1.0,1,0.9999161958694458,1
grasec,0.8,44,gnn,554,0.9998544454574585,1,0.11189815402030945,0
grasec,0.8,44,gnn,555,1.0,1,1.0,1
grasec,0.8,44,gnn,556,0.9999576807022095,1,1.0,1
grasec,0.8,44,gnn,557,1.0,1,1.0,1
grasec,0.8,44,gnn,558,0.0002347279223613441,1,1.0,1
grasec,0.8,44,gnn,559,0.9924465417861938,1,0.9967480897903442,1
grasec,0.8,44,gnn,560,1.0,1,0.9978711605072021,1
grasec,0.8,44,gnn,561,0.9999982118606567,1,1.0,1
grasec,0.8,44,gnn,562,1.0,1,1.0,1
grasec,0.8,44,gnn,563,1.0,1,0.9985911250114441,1
grasec,0.8,44,gnn,564,1.0,1,0.9999724626541138,1
grasec,0.8,44,gnn,565,0.9992291927337646,1,1.0,1
grasec,0.8,44,gnn,566,1.0,1,0.9995550513267517,1
grasec,0.8,44,gnn,567,1.0,1,0.9999896287918091,1
grasec,0.8,44,gnn,568,1.0,1,0.9995086193084717,1
grasec,0.8,44,gnn,569,0.9998237490653992,1,0.9975882768630981,1
grasec,0.8,44,gnn,570,1.0,1,0.9978057742118835,1
grasec,0.8,44,gnn,571,0.050162266939878464,0,0.9999874830245972,1
grasec,0.8,44,gnn,572,0.9983047246932983,1,0.998126208782196,1
grasec,0.8,44,gnn,573,1.0,1,0.006590698845684528,0
grasec,0.8,44,gnn,574,1.0,1,1.0,1
grasec,0.8,44,gnn,575,0.999981164932251,1,0.9999852180480957,1
grasec,0.8,44,gnn,576,0.027619866654276848,0,0.9999986886978149,1
grasec,0.8,44,gnn,577,0.9998867511749268,1,1.0,1
grasec,0.8,44,gnn,578,0.9999581575393677,1,0.9987309575080872,1
grasec,0.8,44,gnn,579,1.0,1,1.0,1
grasec,0.8,44,gnn,580,0.9993026256561279,1,1.0,1
grasec,0.8,44,gnn,581,0.9983121156692505,1,1.0,1
grasec,0.8,44,gnn,582,0.9997556805610657,1,1.0,1
grasec,0.8,44,gnn,583,0.9999853372573853,1,0.9992762207984924,1
grasec,0.8,44,gnn,584,1.0,1,0.9982597231864929,1
grasec,0.8,44,gnn,585,1.0,1,0.999386191368103,1
grasec,0.8,44,gnn,586,0.9999730587005615,1,1.0,1
grasec,0.8,44,gnn,587,1.0,1,1.0,1
grasec,0.8,44,gnn,588,1.0,1,1.0,1
grasec,0.8,44,gnn,589,0.9998853206634521,1,0.9968618154525757,1
grasec,0.8,44,gnn,590,0.35274791717529297,0,0.999427855014801,1
grasec,0.8,44,gnn,591,1.0,1,0.9954432249069214,1
grasec,0.8,44,gnn,592,1.0,1,0.995278000831604,1
grasec,0.8,44,gnn,593,1.0,1,0.9924169778823853,1
grasec,0.8,44,gnn,594,1.0,1,0.9999192953109741,1
grasec,0.8,44,gnn,595,1.0,1,1.0,1
grasec,0.8,44,gnn,596,1.0,1,1.0,1
grasec,0.8,44,gnn,597,1.0,1,0.9989482760429382,1
grasec,0.8,44,gnn,598,1.0,1,1.0,1
grasec,0.8,44,gnn,599,1.0,1,0.9993933439254761,1
grasec,0.8,44,gnn,600,0.999794065952301,1,1.0,1
grasec,0.8,44,gnn,601,1.0,1,0.9999864101409912,1
grasec,0.8,44,gnn,602,1.0,1,1.0,1
grasec,0.8,44,gnn,603,1.0,1,0.9974541068077087,1
grasec,0.8,44,gnn,604,0.8163558840751648,1,0.9997150301933289,1
grasec,0.8,44,gnn,605,0.9998736381530762,1,1.0,1
grasec,0.8,44,gnn,606,0.04182033613324165,0,1.0,1
grasec,0.8,44,gnn,607,0.9999966621398926,1,0.9999594688415527,1
grasec,0.8,44,gnn,608,1.0,1,1.0,1
grasec,0.8,44,gnn,609,0.999345600605011,1,0.9959192872047424,1
grasec,0.8,44,gnn,610,0.9996465444564819,1,1.0,1
grasec,0.8,44,gnn,611,0.998170018196106,1,1.0,1
grasec,0.8,44,gnn,612,0.9999995231628418,1,0.9999998807907104,1
grasec,0.8,44,gnn,613,1.0,1,1.0,1
grasec,0.8,44,gnn,614,0.999619722366333,1,0.9999489784240723,1
grasec,0.8,44,gnn,615,1.0,1,1.0,1
grasec,0.8,44,gnn,616,0.9999727010726929,1,1.0,1
grasec,0.8,44,gnn,617,0.05193426087498665,0,1.0,1
grasec,0.8,44,gnn,618,1.0,1,0.8194012641906738,1
grasec,0.8,44,gnn,619,1.0,1,1.0,1
grasec,0.8,44,gnn,620,1.0,1,0.9998216032981873,1
grasec,0.8,44,gnn,621,1.0,1,0.9998950958251953,1
grasec,0.8,44,gnn,622,0.9994589686393738,1,0.9985888600349426,1
grasec,0.8,44,gnn,623,0.997858464717865,1,0.02467835508286953,0
grasec,0.8,44,gnn,624,1.0,1,0.9995573163032532,1
grasec,0.8,44,gnn,625,0.9984866380691528,1,1.0,1
grasec,0.8,44,gnn,626,1.0,1,1.0,1
grasec,0.8,44,gnn,627,1.0,1,0.9970408082008362,1
grasec,0.8,44,gnn,628,1.0,1,1.0,1
grasec,0.8,44,gnn,629,1.0,1,1.0,1
grasec,0.8,44,gnn,630,1.0,1,0.1603977531194687,0
grasec,0.8,44,gnn,631,1.0,1,0.9999947547912598,1
grasec,0.8,44,gnn,632,0.9987484216690063,1,1.0,1
grasec,0.8,44,gnn,633,0.9999997615814209,1,1.0,1
grasec,0.8,44,gnn,634,1.0,1,0.9998302459716797,1
grasec,0.8,44,gnn,635,0.002782982075586915,0,1.0,1
grasec,0.8,44,gnn,636,0.9998413324356079,1,0.9922292828559875,1
grasec,0.8,44,gnn,637,1.0,1,0.009898586198687553,0
grasec,0.8,44,gnn,638,0.9961007833480835,1,0.9893520474433899,1
grasec,0.8,44,gnn,639,0.9999721050262451,1,0.38913604617118835,1
grasec,0.8,44,gnn,640,0.00407237047329545,0,1.0,1
grasec,0.8,44,gnn,641,0.5560874342918396,0,1.0,1
grasec,0.8,44,gnn,642,1.0,1,0.9146238565444946,1
grasec,0.8,44,gnn,643,0.5142138004302979,0,1.0,1
grasec,0.8,44,gnn,644,0.9841301441192627,1,0.010614065453410149,0
grasec,0.8,44,gnn,645,1.0,1,1.0,1
grasec,0.8,44,gnn,646,0.0009822493884712458,0,1.0,1
grasec,0.8,44,gnn,647,1.0,1,1.0,1
grasec,0.8,44,gnn,648,0.9998050332069397,1,0.9998670816421509,1
grasec,0.8,44,gnn,649,0.9999998807907104,1,1.0,1
grasec,0.8,44,gnn,650,0.9990968704223633,1,0.9999996423721313,1
grasec,0.8,44,gnn,651,1.0,1,0.9990116357803345,1
grasec,0.8,44,gnn,652,1.0,1,1.0,1
grasec,0.8,44,gnn,653,1.0,1,0.9978085160255432,1
grasec,0.8,44,gnn,654,1.0,1,1.0,1
grasec,0.8,44,gnn,655,0.9999998807907104,1,0.9999998807907104,1
grasec,0.8,44,gnn,656,1.0,1,0.9999997615814209,1
grasec,0.8,44,gnn,657,1.0,1,1.0,1
grasec,0.8,44,gnn,658,0.9977366924285889,1,1.0,1
grasec,0.8,44,gnn,659,1.0,1,1.0,1
grasec,0.8,44,gnn,660,1.0,1,0.9996606111526489,1
grasec,0.8,44,gnn,661,1.0,1,1.0,1
grasec,0.8,44,gnn,662,1.0,1,1.0,1
grasec,0.8,44,gnn,663,1.0,1,1.0,1
grasec,0.8,44,gnn,664,1.0,1,1.0,1
grasec,0.8,44,gnn,665,1.0,1,1.0,1
grasec,0.8,44,gnn,666,1.0,1,1.0,1
grasec,0.8,44,gnn,667,0.9690729975700378,1,1.0,1
grasec,0.8,44,gnn,668,0.9993357062339783,1,1.0,1
grasec,0.8,44,gnn,669,1.0,1,1.0,1
grasec,0.8,44,gnn,670,1.0,1,0.999271810054779,1
grasec,0.8,44,gnn,671,0.9999921321868896,1,1.0,1
grasec,0.8,44,gnn,672,1.0,1,1.0,1
grasec,0.8,44,gnn,673,1.0,1,0.9974820017814636,1
grasec,0.8,44,gnn,674,0.9987936019897461,1,0.9498612284660339,1
grasec,0.8,44,gnn,675,1.0,1,1.0,1
grasec,0.8,44,gnn,676,0.9990789890289307,1,0.9999144077301025,1
grasec,0.8,44,gnn,677,0.9998058676719666,1,1.0,1
grasec,0.8,44,gnn,678,1.0,1,0.9995740056037903,1
grasec,0.8,44,gnn,679,0.009446840733289719,0,0.9995890259742737,1
grasec,0.8,44,gnn,680,0.999984860420227,1,1.0,1
grasec,0.8,44,gnn,681,1.0,1,1.0,1
grasec,0.8,44,gnn,682,1.0,1,1.0,1
grasec,0.8,44,gnn,683,1.0,1,0.9992409944534302,1
grasec,0.8,44,gnn,684,1.0,1,1.0,1
grasec,0.8,44,gnn,685,0.9999337196350098,1,1.0,1
grasec,0.8,44,gnn,686,0.9999995231628418,1,1.0,1
grasec,0.8,44,gnn,687,1.0,1,1.0,1
grasec,0.8,44,gnn,688,0.999244213104248,1,0.9994981288909912,1
grasec,0.8,44,gnn,689,1.0,1,0.9845610857009888,1
grasec,0.8,44,gnn,690,1.0,1,1.0,1
grasec,0.8,44,gnn,691,1.0,1,1.0,1
grasec,0.8,44,gnn,692,0.9996125102043152,1,0.9995461106300354,1
grasec,0.8,44,gnn,693,0.9951759576797485,1,0.9986118078231812,1
grasec,0.8,44,gnn,694,1.0,1,0.999998927116394,1
grasec,0.8,44,gnn,695,1.0,1,0.9996618032455444,1
grasec,0.8,44,gnn,696,0.49070504307746887,0,1.0,1
grasec,0.8,44,gnn,697,1.0,1,1.0,1
grasec,0.8,44,gnn,698,1.0,1,1.0,1
grasec,0.8,44,gnn,699,1.0,1,1.0,1
grasec,0.8,44,gnn,700,1.0,1,1.0,1
grasec,0.8,44,gnn,701,1.0,1,0.9626575112342834,1
grasec,0.8,44,gnn,702,0.9993911981582642,1,1.0,1
grasec,0.8,44,gnn,703,1.0,1,0.025891348719596863,0
grasec,0.8,44,gnn,704,0.9981904625892639,1,0.999992847442627,1
grasec,0.8,44,gnn,705,0.004030341282486916,0,1.0,1
grasec,0.8,44,gnn,706,1.0,1,0.9960338473320007,1
grasec,0.8,44,gnn,707,1.0,1,0.9999996423721313,1
grasec,0.8,44,gnn,708,1.0,1,1.0,1
grasec,0.8,44,gnn,709,1.0,1,0.9989966750144958,1
grasec,0.8,44,gnn,710,0.9938138723373413,1,1.0,1
grasec,0.8,44,gnn,711,0.9999998807907104,1,0.9996453523635864,1
grasec,0.8,44,gnn,712,1.0,1,1.0,1
grasec,0.8,44,gnn,713,1.0,1,1.0,1
grasec,0.8,44,gnn,714,1.0,1,1.0,1
grasec,0.8,44,gnn,715,0.6156703233718872,1,1.0,1
grasec,0.8,44,gnn,716,1.0,1,0.9999129772186279,1
grasec,0.8,44,gnn,717,0.9999990463256836,1,1.0,1
grasec,0.8,44,gnn,718,1.0,1,0.8327047824859619,0
grasec,0.8,44,gnn,719,1.0,1,0.9988828301429749,1
grasec,0.8,44,gnn,720,1.0,1,1.0,1
grasec,0.8,44,gnn,721,0.9999773502349854,1,0.9987843632698059,1
grasec,0.8,44,gnn,722,1.0,1,0.9992710947990417,1
grasec,0.8,44,gnn,723,1.0,1,0.04177682101726532,0
grasec,0.8,44,gnn,724,0.9996376037597656,1,1.0,1
grasec,0.8,44,gnn,725,1.0,1,1.0,1
grasec,0.8,44,gnn,726,0.05385005846619606,0,1.0,1
grasec,0.8,44,gnn,727,1.0,1,1.0,1
grasec,0.8,44,gnn,728,0.9999997615814209,1,1.0,1
grasec,0.8,44,gnn,729,1.0,1,0.99909508228302,1
grasec,0.8,44,gnn,730,1.0,1,1.0,1
grasec,0.8,44,gnn,731,1.0,1,0.9998996257781982,1
grasec,0.8,44,gnn,732,0.9911871552467346,1,0.9996755123138428,1
grasec,0.8,44,gnn,733,0.9998314380645752,1,1.0,1
grasec,0.8,44,gnn,734,1.0,1,0.9997534155845642,1
grasec,0.8,44,gnn,735,0.9999343156814575,1,0.9999876022338867,1
grasec,0.8,44,gnn,736,1.0,1,0.995009183883667,1
grasec,0.8,44,gnn,737,1.0,1,1.0,1
grasec,0.8,44,gnn,738,0.9979178309440613,1,1.0,1
grasec,0.8,44,gnn,739,1.0,1,0.9995785355567932,1
grasec,0.8,44,gnn,740,1.0,1,1.0,1
grasec,0.8,44,gnn,741,1.0,1,1.0,1
grasec,0.8,44,gnn,742,1.0,1,1.0,1
grasec,0.8,44,gnn,743,1.0,1,1.0,1
grasec,0.8,44,gnn,744,,,0.9999703168869019,1
