split,graph,label,score,prediction,dataset,seed,mode,alpha,beta,hidden,embed_dim,temperature,drop_rate,mask_rate,edge_drop_rate,filtrations,threshold
val,streamspot_356,1,0.5744848370552063,1,streamspot,42,graph_topo,0.5,0.5,64,64,0.2,0.1,0.1,0.1,"degree,closeness",0.44021000564098356
val,streamspot_272,0,0.7046245038509369,1,streamspot,42,graph_topo,0.5,0.5,64,64,0.2,0.1,0.1,0.1,"degree,closeness",0.44021000564098356
val,streamspot_324,1,0.6874330163002014,1,streamspot,42,graph_topo,0.5,0.5,64,64,0.2,0.1,0.1,0.1,"degree,closeness",0.44021000564098356
val,streamspot_440,0,0.03792238384485245,0,streamspot,42,graph_topo,0.5,0.5,64,64,0.2,0.1,0.1,0.1,"degree,closeness",0.44021000564098356
val,streamspot_109,0,0.0634394034743309,0,streamspot,42,graph_topo,0.5,0.5,64,64,0.2,0.1,0.1,0.1,"degree,closeness",0.44021000564098356
val,streamspot_292,0,0.32463101744651796,0,streamspot,42,graph_topo,0.5,0.5,64,64,0.2,0.1,0.1,0.1,"degree,closeness",0.44021000564098356
val,streamspot_255,0,0.06701454520225525,0,streamspot,42,graph_topo,0.5,0.5,64,64,0.2,0.1,0.1,0.1,"degree,closeness",0.44021000564098356
val,streamspot_350,1,0.5690000772476196,1,streamspot,42,graph_topo,0.5,0.5,64,64,0.2,0.1,0.1,0.1,"degree,closeness",0.44021000564098356
val,streamspot_352,1,0.5589897751808166,1,streamspot,42,graph_topo,0.5,0.5,64,64,0.2,0.1,0.1,0.1,"degree,closeness",0.44021000564098356
val,streamspot_304,1,0.5697832822799682,1,streamspot,42,graph_topo,0.5,0.5,64,64,0.2,0.1,0.1,0.1,"degree,closeness",0.44021000564098356
val,streamspot_318,1,0.5890118598937988,1,streamspot,42,graph_topo,0.5,0.5,64,64,0.2,0.1,0.1,0.1,"degree,closeness",0.44021000564098356
val,streamspot_163,0,0.040445663034915924,0,streamspot,42,graph_topo,0.5,0.5,64,64,0.2,0.1,0.1,0.1,"degree,closeness",0.44021000564098356
val,streamspot_244,0,0.2879612386226654,0,streamspot,42,graph_topo,0.5,0.5,64,64,0.2,0.1,0.1,0.1,"degree,closeness",0.44021000564098356
val,streamspot_524,0,0.24623096287250518,0,streamspot,42,graph_topo,0.5,0.5,64,64,0.2,0.1,0.1,0.1,"degree,closeness",0.44021000564098356
val,streamspot_218,0,0.7259909987449646,1,streamspot,42,graph_topo,0.5,0.5,64,64,0.2,0.1,0.1,0.1,"degree,closeness",0.44021000564098356
val,streamspot_270,0,0.83952397108078,1,streamspot,42,graph_topo,0.5,0.5,64,64,0.2,0.1,0.1,0.1,"degree,closeness",0.44021000564098356
val,streamspot_132,0,0.1978041112422943,0,streamspot,42,graph_topo,0.5,0.5,64,64,0.2,0.1,0.1,0.1,"degree,closeness",0.44021000564098356
val,streamspot_599,0,0.6337949275970459,1,streamspot,42,graph_topo,0.5,0.5,64,64,0.2,0.1,0.1,0.1,"degree,closeness",0.44021000564098356
val,streamspot_499,0,0.023947113007307053,0,streamspot,42,graph_topo,0.5,0.5,64,64,0.2,0.1,0.1,0.1,"degree,closeness",0.44021000564098356
val,streamspot_184,0,0.06089535728096962,0,streamspot,42,graph_topo,0.5,0.5,64,64,0.2,0.1,0.1,0.1,"degree,closeness",0.44021000564098356
val,streamspot_359,1,0.5736656188964844,1,streamspot,42,graph_topo,0.5,0.5,64,64,0.2,0.1,0.1,0.1,"degree,closeness",0.44021000564098356
val,streamspot_397,1,0.835390853881836,1,streamspot,42,graph_topo,0.5,0.5,64,64,0.2,0.1,0.1,0.1,"degree,closeness",0.44021000564098356
val,streamspot_325,1,0.56517493724823,1,streamspot,42,graph_topo,0.5,0.5,64,64,0.2,0.1,0.1,0.1,"degree,closeness",0.44021000564098356
val,streamspot_527,0,0.23954510390758516,0,streamspot,42,graph_topo,0.5,0.5,64,64,0.2,0.1,0.1,0.1,"degree,closeness",0.44021000564098356
val,streamspot_302,1,0.5669478178024292,1,streamspot,42,graph_topo,0.5,0.5,64,64,0.2,0.1,0.1,0.1,"degree,closeness",0.44021000564098356
val,streamspot_361,1,0.5658814430236816,1,streamspot,42,graph_topo,0.5,0.5,64,64,0.2,0.1,0.1,0.1,"degree,closeness",0.44021000564098356
val,streamspot_215,0,0.06659191474318504,0,streamspot,42,graph_topo,0.5,0.5,64,64,0.2,0.1,0.1,0.1,"degree,closeness",0.44021000564098356
val,streamspot_128,0,0.1972600132226944,0,streamspot,42,graph_topo,0.5,0.5,64,64,0.2,0.1,0.1,0.1,"degree,closeness",0.44021000564098356
val,streamspot_381,1,0.5640363693237305,1,streamspot,42,graph_topo,0.5,0.5,64,64,0.2,0.1,0.1,0.1,"degree,closeness",0.44021000564098356
val,streamspot_273,0,0.06074114143848419,0,streamspot,42,graph_topo,0.5,0.5,64,64,0.2,0.1,0.1,0.1,"degree,closeness",0.44021000564098356
val,streamspot_62,0,0.09958821162581444,0,streamspot,42,graph_topo,0.5,0.5,64,64,0.2,0.1,0.1,0.1,"degree,closeness",0.44021000564098356
val,streamspot_342,1,0.5900846719741821,1,streamspot,42,graph_topo,0.5,0.5,64,64,0.2,0.1,0.1,0.1,"degree,closeness",0.44021000564098356
val,streamspot_351,1,0.5600717186927795,1,streamspot,42,graph_topo,0.5,0.5,64,64,0.2,0.1,0.1,0.1,"degree,closeness",0.44021000564098356
val,streamspot_327,1,0.5701843857765198,1,streamspot,42,graph_topo,0.5,0.5,64,64,0.2,0.1,0.1,0.1,"degree,closeness",0.44021000564098356
val,streamspot_333,1,0.5557889938354492,1,streamspot,42,graph_topo,0.5,0.5,64,64,0.2,0.1,0.1,0.1,"degree,closeness",0.44021000564098356
val,streamspot_392,1,0.918888783454895,1,streamspot,42,graph_topo,0.5,0.5,64,64,0.2,0.1,0.1,0.1,"degree,closeness",0.44021000564098356
val,streamspot_399,1,0.5626813650131226,1,streamspot,42,graph_topo,0.5,0.5,64,64,0.2,0.1,0.1,0.1,"degree,closeness",0.44021000564098356
val,streamspot_371,1,0.5610568642616272,1,streamspot,42,graph_topo,0.5,0.5,64,64,0.2,0.1,0.1,0.1,"degree,closeness",0.44021000564098356
val,streamspot_554,0,0.18269451037049295,0,streamspot,42,graph_topo,0.5,0.5,64,64,0.2,0.1,0.1,0.1,"degree,closeness",0.44021000564098356
val,streamspot_321,1,0.5771120905876159,1,streamspot,42,graph_topo,0.5,0.5,64,64,0.2,0.1,0.1,0.1,"degree,closeness",0.44021000564098356
test,streamspot_341,1,0.5642266750335694,1,streamspot,42,graph_topo,0.5,0.5,64,64,0.2,0.1,0.1,0.1,"degree,closeness",0.44021000564098356
test,streamspot_180,0,0.16690727174282075,0,streamspot,42,graph_topo,0.5,0.5,64,64,0.2,0.1,0.1,0.1,"degree,closeness",0.44021000564098356
test,streamspot_317,1,0.5755296349525452,1,streamspot,42,graph_topo,0.5,0.5,64,64,0.2,0.1,0.1,0.1,"degree,closeness",0.44021000564098356
test,streamspot_313,1,0.6689195036888123,1,streamspot,42,graph_topo,0.5,0.5,64,64,0.2,0.1,0.1,0.1,"degree,closeness",0.44021000564098356
test,streamspot_22,0,0.23928730338811874,0,streamspot,42,graph_topo,0.5,0.5,64,64,0.2,0.1,0.1,0.1,"degree,closeness",0.44021000564098356
test,streamspot_72,0,0.20167801678180694,0,streamspot,42,graph_topo,0.5,0.5,64,64,0.2,0.1,0.1,0.1,"degree,closeness",0.44021000564098356
test,streamspot_301,1,0.5716373324394226,1,streamspot,42,graph_topo,0.5,0.5,64,64,0.2,0.1,0.1,0.1,"degree,closeness",0.44021000564098356
test,streamspot_380,1,0.7320239186286926,1,streamspot,42,graph_topo,0.5,0.5,64,64,0.2,0.1,0.1,0.1,"degree,closeness",0.44021000564098356
test,streamspot_389,1,0.5732008457183838,1,streamspot,42,graph_topo,0.5,0.5,64,64,0.2,0.1,0.1,0.1,"degree,closeness",0.44021000564098356
test,streamspot_315,1,0.5700293779373169,1,streamspot,42,graph_topo,0.5,0.5,64,64,0.2,0.1,0.1,0.1,"degree,closeness",0.44021000564098356
test,streamspot_300,1,0.5575784683227539,1,streamspot,42,graph_topo,0.5,0.5,64,64,0.2,0.1,0.1,0.1,"degree,closeness",0.44021000564098356
test,streamspot_393,1,0.5783009767532349,1,streamspot,42,graph_topo,0.5,0.5,64,64,0.2,0.1,0.1,0.1,"degree,closeness",0.44021000564098356
test,streamspot_347,1,0.5775088787078857,1,streamspot,42,graph_topo,0.5,0.5,64,64,0.2,0.1,0.1,0.1,"degree,closeness",0.44021000564098356
test,streamspot_310,1,0.5879466891288757,1,streamspot,42,graph_topo,0.5,0.5,64,64,0.2,0.1,0.1,0.1,"degree,closeness",0.44021000564098356
test,streamspot_577,0,0.6731225967407226,1,streamspot,42,graph_topo,0.5,0.5,64,64,0.2,0.1,0.1,0.1,"degree,closeness",0.44021000564098356
test,streamspot_193,0,0.06097527593374252,0,streamspot,42,graph_topo,0.5,0.5,64,64,0.2,0.1,0.1,0.1,"degree,closeness",0.44021000564098356
test,streamspot_2,0,0.0828746311366558,0,streamspot,42,graph_topo,0.5,0.5,64,64,0.2,0.1,0.1,0.1,"degree,closeness",0.44021000564098356
test,streamspot_452,0,0.05282298102974892,0,streamspot,42,graph_topo,0.5,0.5,64,64,0.2,0.1,0.1,0.1,"degree,closeness",0.44021000564098356
test,streamspot_306,1,0.5766647815704345,1,streamspot,42,graph_topo,0.5,0.5,64,64,0.2,0.1,0.1,0.1,"degree,closeness",0.44021000564098356
test,streamspot_378,1,0.5727745294570923,1,streamspot,42,graph_topo,0.5,0.5,64,64,0.2,0.1,0.1,0.1,"degree,closeness",0.44021000564098356
test,streamspot_268,0,0.20484031736850739,0,streamspot,42,graph_topo,0.5,0.5,64,64,0.2,0.1,0.1,0.1,"degree,closeness",0.44021000564098356
test,streamspot_154,0,0.04448751136660576,0,streamspot,42,graph_topo,0.5,0.5,64,64,0.2,0.1,0.1,0.1,"degree,closeness",0.44021000564098356
test,streamspot_280,0,0.24729889929294585,0,streamspot,42,graph_topo,0.5,0.5,64,64,0.2,0.1,0.1,0.1,"degree,closeness",0.44021000564098356
test,streamspot_172,0,0.04283356517553329,0,streamspot,42,graph_topo,0.5,0.5,64,64,0.2,0.1,0.1,0.1,"degree,closeness",0.44021000564098356
test,streamspot_424,0,0.024639061465859414,0,streamspot,42,graph_topo,0.5,0.5,64,64,0.2,0.1,0.1,0.1,"degree,closeness",0.44021000564098356
test,streamspot_319,1,0.5814667701721191,1,streamspot,42,graph_topo,0.5,0.5,64,64,0.2,0.1,0.1,0.1,"degree,closeness",0.44021000564098356
test,streamspot_90,0,0.5861844897270203,1,streamspot,42,graph_topo,0.5,0.5,64,64,0.2,0.1,0.1,0.1,"degree,closeness",0.44021000564098356
test,streamspot_387,1,0.5761573910713196,1,streamspot,42,graph_topo,0.5,0.5,64,64,0.2,0.1,0.1,0.1,"degree,closeness",0.44021000564098356
test,streamspot_329,1,0.5884145379066468,1,streamspot,42,graph_topo,0.5,0.5,64,64,0.2,0.1,0.1,0.1,"degree,closeness",0.44021000564098356
test,streamspot_370,1,0.7839452743530273,1,streamspot,42,graph_topo,0.5,0.5,64,64,0.2,0.1,0.1,0.1,"degree,closeness",0.44021000564098356
test,streamspot_441,0,0.10290463492274285,0,streamspot,42,graph_topo,0.5,0.5,64,64,0.2,0.1,0.1,0.1,"degree,closeness",0.44021000564098356
test,streamspot_394,1,0.7750586271286011,1,streamspot,42,graph_topo,0.5,0.5,64,64,0.2,0.1,0.1,0.1,"degree,closeness",0.44021000564098356
test,streamspot_131,0,0.052252604812383655,0,streamspot,42,graph_topo,0.5,0.5,64,64,0.2,0.1,0.1,0.1,"degree,closeness",0.44021000564098356
test,streamspot_314,1,0.93750079870224,1,streamspot,42,graph_topo,0.5,0.5,64,64,0.2,0.1,0.1,0.1,"degree,closeness",0.44021000564098356
test,streamspot_84,0,0.3719559073448181,0,streamspot,42,graph_topo,0.5,0.5,64,64,0.2,0.1,0.1,0.1,"degree,closeness",0.44021000564098356
test,streamspot_349,1,0.5764479279518128,1,streamspot,42,graph_topo,0.5,0.5,64,64,0.2,0.1,0.1,0.1,"degree,closeness",0.44021000564098356
test,streamspot_348,1,0.569433867931366,1,streamspot,42,graph_topo,0.5,0.5,64,64,0.2,0.1,0.1,0.1,"degree,closeness",0.44021000564098356
test,streamspot_334,1,0.5454557776451111,1,streamspot,42,graph_topo,0.5,0.5,64,64,0.2,0.1,0.1,0.1,"degree,closeness",0.44021000564098356
test,streamspot_462,0,0.07289715632796287,0,streamspot,42,graph_topo,0.5,0.5,64,64,0.2,0.1,0.1,0.1,"degree,closeness",0.44021000564098356
test,streamspot_382,1,0.5578040957450867,1,streamspot,42,graph_topo,0.5,0.5,64,64,0.2,0.1,0.1,0.1,"degree,closeness",0.44021000564098356
test,streamspot_373,1,0.5563248991966248,1,streamspot,42,graph_topo,0.5,0.5,64,64,0.2,0.1,0.1,0.1,"degree,closeness",0.44021000564098356
test,streamspot_345,1,0.5700984477996827,1,streamspot,42,graph_topo,0.5,0.5,64,64,0.2,0.1,0.1,0.1,"degree,closeness",0.44021000564098356
test,streamspot_55,0,0.30014769434928895,0,streamspot,42,graph_topo,0.5,0.5,64,64,0.2,0.1,0.1,0.1,"degree,closeness",0.44021000564098356
test,streamspot_384,1,0.5766998887062073,1,streamspot,42,graph_topo,0.5,0.5,64,64,0.2,0.1,0.1,0.1,"degree,closeness",0.44021000564098356
test,streamspot_155,0,0.112218077480793,0,streamspot,42,graph_topo,0.5,0.5,64,64,0.2,0.1,0.1,0.1,"degree,closeness",0.44021000564098356
test,streamspot_290,0,0.24947336316108704,0,streamspot,42,graph_topo,0.5,0.5,64,64,0.2,0.1,0.1,0.1,"degree,closeness",0.44021000564098356
test,streamspot_395,1,0.5594871282577515,1,streamspot,42,graph_topo,0.5,0.5,64,64,0.2,0.1,0.1,0.1,"degree,closeness",0.44021000564098356
test,streamspot_377,1,0.8960733890533448,1,streamspot,42,graph_topo,0.5,0.5,64,64,0.2,0.1,0.1,0.1,"degree,closeness",0.44021000564098356
test,streamspot_70,0,0.26908771991729735,0,streamspot,42,graph_topo,0.5,0.5,64,64,0.2,0.1,0.1,0.1,"degree,closeness",0.44021000564098356
test,streamspot_238,0,0.5024737790226936,1,streamspot,42,graph_topo,0.5,0.5,64,64,0.2,0.1,0.1,0.1,"degree,closeness",0.44021000564098356
test,streamspot_330,1,0.568072509765625,1,streamspot,42,graph_topo,0.5,0.5,64,64,0.2,0.1,0.1,0.1,"degree,closeness",0.44021000564098356
test,streamspot_15,0,0.3089439690113068,0,streamspot,42,graph_topo,0.5,0.5,64,64,0.2,0.1,0.1,0.1,"degree,closeness",0.44021000564098356
test,streamspot_386,1,0.5707566738128662,1,streamspot,42,graph_topo,0.5,0.5,64,64,0.2,0.1,0.1,0.1,"degree,closeness",0.44021000564098356
test,streamspot_396,1,0.5598415851593017,1,streamspot,42,graph_topo,0.5,0.5,64,64,0.2,0.1,0.1,0.1,"degree,closeness",0.44021000564098356
test,streamspot_346,1,0.5852636218070983,1,streamspot,42,graph_topo,0.5,0.5,64,64,0.2,0.1,0.1,0.1,"degree,closeness",0.44021000564098356
test,streamspot_561,0,0.25134305059909823,0,streamspot,42,graph_topo,0.5,0.5,64,64,0.2,0.1,0.1,0.1,"degree,closeness",0.44021000564098356
test,streamspot_320,1,0.5690327644348144,1,streamspot,42,graph_topo,0.5,0.5,64,64,0.2,0.1,0.1,0.1,"degree,closeness",0.44021000564098356
test,streamspot_337,1,0.5634819149971009,1,streamspot,42,graph_topo,0.5,0.5,64,64,0.2,0.1,0.1,0.1,"degree,closeness",0.44021000564098356
test,streamspot_372,1,0.5590464234352112,1,streamspot,42,graph_topo,0.5,0.5,64,64,0.2,0.1,0.1,0.1,"degree,closeness",0.44021000564098356
test,streamspot_375,1,0.5715434789657593,1,streamspot,42,graph_topo,0.5,0.5,64,64,0.2,0.1,0.1,0.1,"degree,closeness",0.44021000564098356
test,streamspot_506,0,0.19093928337097169,0,streamspot,42,graph_topo,0.5,0.5,64,64,0.2,0.1,0.1,0.1,"degree,closeness",0.44021000564098356
test,streamspot_447,0,0.09512746036052704,0,streamspot,42,graph_topo,0.5,0.5,64,64,0.2,0.1,0.1,0.1,"degree,closeness",0.44021000564098356
test,streamspot_335,1,0.5414349555969238,1,streamspot,42,graph_topo,0.5,0.5,64,64,0.2,0.1,0.1,0.1,"degree,closeness",0.44021000564098356
test,streamspot_76,0,0.10887888967990875,0,streamspot,42,graph_topo,0.5,0.5,64,64,0.2,0.1,0.1,0.1,"degree,closeness",0.44021000564098356
test,streamspot_510,0,0.19278320968151091,0,streamspot,42,graph_topo,0.5,0.5,64,64,0.2,0.1,0.1,0.1,"degree,closeness",0.44021000564098356
test,streamspot_336,1,0.5684361457824707,1,streamspot,42,graph_topo,0.5,0.5,64,64,0.2,0.1,0.1,0.1,"degree,closeness",0.44021000564098356
test,streamspot_354,1,0.5765532374382019,1,streamspot,42,graph_topo,0.5,0.5,64,64,0.2,0.1,0.1,0.1,"degree,closeness",0.44021000564098356
test,streamspot_75,0,0.1935456722974777,0,streamspot,42,graph_topo,0.5,0.5,64,64,0.2,0.1,0.1,0.1,"degree,closeness",0.44021000564098356
test,streamspot_390,1,0.5800993204116821,1,streamspot,42,graph_topo,0.5,0.5,64,64,0.2,0.1,0.1,0.1,"degree,closeness",0.44021000564098356
test,streamspot_307,1,0.5603393316268921,1,streamspot,42,graph_topo,0.5,0.5,64,64,0.2,0.1,0.1,0.1,"degree,closeness",0.44021000564098356
test,streamspot_416,0,0.17906125485897065,0,streamspot,42,graph_topo,0.5,0.5,64,64,0.2,0.1,0.1,0.1,"degree,closeness",0.44021000564098356
test,streamspot_436,0,0.04246788695454597,0,streamspot,42,graph_topo,0.5,0.5,64,64,0.2,0.1,0.1,0.1,"degree,closeness",0.44021000564098356
test,streamspot_101,0,0.11094071120023727,0,streamspot,42,graph_topo,0.5,0.5,64,64,0.2,0.1,0.1,0.1,"degree,closeness",0.44021000564098356
test,streamspot_0,0,0.25641219317913055,0,streamspot,42,graph_topo,0.5,0.5,64,64,0.2,0.1,0.1,0.1,"degree,closeness",0.44021000564098356
test,streamspot_326,1,0.5710318446159363,1,streamspot,42,graph_topo,0.5,0.5,64,64,0.2,0.1,0.1,0.1,"degree,closeness",0.44021000564098356
test,streamspot_11,0,0.1171172834932804,0,streamspot,42,graph_topo,0.5,0.5,64,64,0.2,0.1,0.1,0.1,"degree,closeness",0.44021000564098356
test,streamspot_360,1,0.5795607924461365,1,streamspot,42,graph_topo,0.5,0.5,64,64,0.2,0.1,0.1,0.1,"degree,closeness",0.44021000564098356
test,streamspot_340,1,0.5707828760147095,1,streamspot,42,graph_topo,0.5,0.5,64,64,0.2,0.1,0.1,0.1,"degree,closeness",0.44021000564098356
test,streamspot_456,0,0.036574321985244754,0,streamspot,42,graph_topo,0.5,0.5,64,64,0.2,0.1,0.1,0.1,"degree,closeness",0.44021000564098356
test,streamspot_484,0,0.029630024172365665,0,streamspot,42,graph_topo,0.5,0.5,64,64,0.2,0.1,0.1,0.1,"degree,closeness",0.44021000564098356
test,streamspot_316,1,0.7328269600868225,1,streamspot,42,graph_topo,0.5,0.5,64,64,0.2,0.1,0.1,0.1,"degree,closeness",0.44021000564098356
test,streamspot_585,0,0.2560212552547455,0,streamspot,42,graph_topo,0.5,0.5,64,64,0.2,0.1,0.1,0.1,"degree,closeness",0.44021000564098356
test,streamspot_385,1,0.5643839240074158,1,streamspot,42,graph_topo,0.5,0.5,64,64,0.2,0.1,0.1,0.1,"degree,closeness",0.44021000564098356
test,streamspot_73,0,0.16458019018173217,0,streamspot,42,graph_topo,0.5,0.5,64,64,0.2,0.1,0.1,0.1,"degree,closeness",0.44021000564098356
test,streamspot_104,0,0.056688540428876874,0,streamspot,42,graph_topo,0.5,0.5,64,64,0.2,0.1,0.1,0.1,"degree,closeness",0.44021000564098356
test,streamspot_575,0,0.17883284091949464,0,streamspot,42,graph_topo,0.5,0.5,64,64,0.2,0.1,0.1,0.1,"degree,closeness",0.44021000564098356
test,streamspot_124,0,0.2134783983230591,0,streamspot,42,graph_topo,0.5,0.5,64,64,0.2,0.1,0.1,0.1,"degree,closeness",0.44021000564098356
test,streamspot_357,1,0.5692038297653198,1,streamspot,42,graph_topo,0.5,0.5,64,64,0.2,0.1,0.1,0.1,"degree,closeness",0.44021000564098356
test,streamspot_308,1,0.5647790312767029,1,streamspot,42,graph_topo,0.5,0.5,64,64,0.2,0.1,0.1,0.1,"degree,closeness",0.44021000564098356
test,streamspot_209,0,0.19177373945713044,0,streamspot,42,graph_topo,0.5,0.5,64,64,0.2,0.1,0.1,0.1,"degree,closeness",0.44021000564098356
test,streamspot_358,1,0.5722314476966858,1,streamspot,42,graph_topo,0.5,0.5,64,64,0.2,0.1,0.1,0.1,"degree,closeness",0.44021000564098356
test,streamspot_363,1,0.5622229099273681,1,streamspot,42,graph_topo,0.5,0.5,64,64,0.2,0.1,0.1,0.1,"degree,closeness",0.44021000564098356
test,streamspot_379,1,0.564969515800476,1,streamspot,42,graph_topo,0.5,0.5,64,64,0.2,0.1,0.1,0.1,"degree,closeness",0.44021000564098356
test,streamspot_303,1,0.809768557548523,1,streamspot,42,graph_topo,0.5,0.5,64,64,0.2,0.1,0.1,0.1,"degree,closeness",0.44021000564098356
test,streamspot_368,1,0.5762280941009521,1,streamspot,42,graph_topo,0.5,0.5,64,64,0.2,0.1,0.1,0.1,"degree,closeness",0.44021000564098356
test,streamspot_369,1,0.5819451332092285,1,streamspot,42,graph_topo,0.5,0.5,64,64,0.2,0.1,0.1,0.1,"degree,closeness",0.44021000564098356
test,streamspot_481,0,0.07013121210038661,0,streamspot,42,graph_topo,0.5,0.5,64,64,0.2,0.1,0.1,0.1,"degree,closeness",0.44021000564098356
test,streamspot_211,0,0.2921088606119156,0,streamspot,42,graph_topo,0.5,0.5,64,64,0.2,0.1,0.1,0.1,"degree,closeness",0.44021000564098356
test,streamspot_309,1,0.5730377197265625,1,streamspot,42,graph_topo,0.5,0.5,64,64,0.2,0.1,0.1,0.1,"degree,closeness",0.44021000564098356
test,streamspot_305,1,0.5750385761260987,1,streamspot,42,graph_topo,0.5,0.5,64,64,0.2,0.1,0.1,0.1,"degree,closeness",0.44021000564098356
test,streamspot_366,1,0.7895916819572448,1,streamspot,42,graph_topo,0.5,0.5,64,64,0.2,0.1,0.1,0.1,"degree,closeness",0.44021000564098356
test,streamspot_68,0,0.3015901565551758,0,streamspot,42,graph_topo,0.5,0.5,64,64,0.2,0.1,0.1,0.1,"degree,closeness",0.44021000564098356
test,streamspot_383,1,0.5712809205055237,1,streamspot,42,graph_topo,0.5,0.5,64,64,0.2,0.1,0.1,0.1,"degree,closeness",0.44021000564098356
test,streamspot_328,1,0.5603361368179322,1,streamspot,42,graph_topo,0.5,0.5,64,64,0.2,0.1,0.1,0.1,"degree,closeness",0.44021000564098356
test,streamspot_77,0,0.1291920855641365,0,streamspot,42,graph_topo,0.5,0.5,64,64,0.2,0.1,0.1,0.1,"degree,closeness",0.44021000564098356
test,streamspot_69,0,0.28160126507282257,0,streamspot,42,graph_topo,0.5,0.5,64,64,0.2,0.1,0.1,0.1,"degree,closeness",0.44021000564098356
test,streamspot_277,0,0.06910801380872726,0,streamspot,42,graph_topo,0.5,0.5,64,64,0.2,0.1,0.1,0.1,"degree,closeness",0.44021000564098356
test,streamspot_471,0,0.048789558187127116,0,streamspot,42,graph_topo,0.5,0.5,64,64,0.2,0.1,0.1,0.1,"degree,closeness",0.44021000564098356
test,streamspot_343,1,0.5681086659431458,1,streamspot,42,graph_topo,0.5,0.5,64,64,0.2,0.1,0.1,0.1,"degree,closeness",0.44021000564098356
test,streamspot_79,0,0.2792549252510071,0,streamspot,42,graph_topo,0.5,0.5,64,64,0.2,0.1,0.1,0.1,"degree,closeness",0.44021000564098356
test,streamspot_551,0,0.5816076099872589,1,streamspot,42,graph_topo,0.5,0.5,64,64,0.2,0.1,0.1,0.1,"degree,closeness",0.44021000564098356
test,streamspot_194,0,0.05366866178810596,0,streamspot,42,graph_topo,0.5,0.5,64,64,0.2,0.1,0.1,0.1,"degree,closeness",0.44021000564098356
test,streamspot_509,0,0.7135215133428574,1,streamspot,42,graph_topo,0.5,0.5,64,64,0.2,0.1,0.1,0.1,"degree,closeness",0.44021000564098356
test,streamspot_338,1,0.5870463132858277,1,streamspot,42,graph_topo,0.5,0.5,64,64,0.2,0.1,0.1,0.1,"degree,closeness",0.44021000564098356
test,streamspot_339,1,0.6927523255348206,1,streamspot,42,graph_topo,0.5,0.5,64,64,0.2,0.1,0.1,0.1,"degree,closeness",0.44021000564098356
test,streamspot_391,1,0.5812840104103089,1,streamspot,42,graph_topo,0.5,0.5,64,64,0.2,0.1,0.1,0.1,"degree,closeness",0.44021000564098356
test,streamspot_278,0,0.16743267253041266,0,streamspot,42,graph_topo,0.5,0.5,64,64,0.2,0.1,0.1,0.1,"degree,closeness",0.44021000564098356
test,streamspot_491,0,0.03076130673289299,0,streamspot,42,graph_topo,0.5,0.5,64,64,0.2,0.1,0.1,0.1,"degree,closeness",0.44021000564098356
test,streamspot_148,0,0.1842520534992218,0,streamspot,42,graph_topo,0.5,0.5,64,64,0.2,0.1,0.1,0.1,"degree,closeness",0.44021000564098356
test,streamspot_182,0,0.061772944033145906,0,streamspot,42,graph_topo,0.5,0.5,64,64,0.2,0.1,0.1,0.1,"degree,closeness",0.44021000564098356
test,streamspot_344,1,0.5770070195198059,1,streamspot,42,graph_topo,0.5,0.5,64,64,0.2,0.1,0.1,0.1,"degree,closeness",0.44021000564098356
test,streamspot_591,0,0.27481054663658144,0,streamspot,42,graph_topo,0.5,0.5,64,64,0.2,0.1,0.1,0.1,"degree,closeness",0.44021000564098356
test,streamspot_353,1,0.5581379055976867,1,streamspot,42,graph_topo,0.5,0.5,64,64,0.2,0.1,0.1,0.1,"degree,closeness",0.44021000564098356
test,streamspot_82,0,0.09715841636061669,0,streamspot,42,graph_topo,0.5,0.5,64,64,0.2,0.1,0.1,0.1,"degree,closeness",0.44021000564098356
test,streamspot_367,1,0.5625467538833618,1,streamspot,42,graph_topo,0.5,0.5,64,64,0.2,0.1,0.1,0.1,"degree,closeness",0.44021000564098356
test,streamspot_572,0,0.5733297526836395,1,streamspot,42,graph_topo,0.5,0.5,64,64,0.2,0.1,0.1,0.1,"degree,closeness",0.44021000564098356
test,streamspot_565,0,0.6674404263496398,1,streamspot,42,graph_topo,0.5,0.5,64,64,0.2,0.1,0.1,0.1,"degree,closeness",0.44021000564098356
test,streamspot_388,1,0.6007273674011231,1,streamspot,42,graph_topo,0.5,0.5,64,64,0.2,0.1,0.1,0.1,"degree,closeness",0.44021000564098356
test,streamspot_398,1,1.0279956936836243,1,streamspot,42,graph_topo,0.5,0.5,64,64,0.2,0.1,0.1,0.1,"degree,closeness",0.44021000564098356
test,streamspot_374,1,0.5673373103141784,1,streamspot,42,graph_topo,0.5,0.5,64,64,0.2,0.1,0.1,0.1,"degree,closeness",0.44021000564098356
test,streamspot_421,0,0.024917406402528285,0,streamspot,42,graph_topo,0.5,0.5,64,64,0.2,0.1,0.1,0.1,"degree,closeness",0.44021000564098356
test,streamspot_515,0,0.16680659651756286,0,streamspot,42,graph_topo,0.5,0.5,64,64,0.2,0.1,0.1,0.1,"degree,closeness",0.44021000564098356
test,streamspot_33,0,0.250394469499588,0,streamspot,42,graph_topo,0.5,0.5,64,64,0.2,0.1,0.1,0.1,"degree,closeness",0.44021000564098356
test,streamspot_412,0,0.04321776255965233,0,streamspot,42,graph_topo,0.5,0.5,64,64,0.2,0.1,0.1,0.1,"degree,closeness",0.44021000564098356
test,streamspot_550,0,0.16083227843046188,0,streamspot,42,graph_topo,0.5,0.5,64,64,0.2,0.1,0.1,0.1,"degree,closeness",0.44021000564098356
test,streamspot_434,0,0.030619030818343163,0,streamspot,42,graph_topo,0.5,0.5,64,64,0.2,0.1,0.1,0.1,"degree,closeness",0.44021000564098356
test,streamspot_595,0,0.2046719789505005,0,streamspot,42,graph_topo,0.5,0.5,64,64,0.2,0.1,0.1,0.1,"degree,closeness",0.44021000564098356
test,streamspot_46,0,0.31323301792144775,0,streamspot,42,graph_topo,0.5,0.5,64,64,0.2,0.1,0.1,0.1,"degree,closeness",0.44021000564098356
test,streamspot_508,0,0.5568455457687378,1,streamspot,42,graph_topo,0.5,0.5,64,64,0.2,0.1,0.1,0.1,"degree,closeness",0.44021000564098356
test,streamspot_332,1,0.5594938635826111,1,streamspot,42,graph_topo,0.5,0.5,64,64,0.2,0.1,0.1,0.1,"degree,closeness",0.44021000564098356
test,streamspot_376,1,0.5805033206939697,1,streamspot,42,graph_topo,0.5,0.5,64,64,0.2,0.1,0.1,0.1,"degree,closeness",0.44021000564098356
test,streamspot_364,1,0.8230263113975524,1,streamspot,42,graph_topo,0.5,0.5,64,64,0.2,0.1,0.1,0.1,"degree,closeness",0.44021000564098356
test,streamspot_365,1,0.5760520696640015,1,streamspot,42,graph_topo,0.5,0.5,64,64,0.2,0.1,0.1,0.1,"degree,closeness",0.44021000564098356
test,streamspot_323,1,0.9113282799720764,1,streamspot,42,graph_topo,0.5,0.5,64,64,0.2,0.1,0.1,0.1,"degree,closeness",0.44021000564098356
test,streamspot_362,1,0.5594109535217285,1,streamspot,42,graph_topo,0.5,0.5,64,64,0.2,0.1,0.1,0.1,"degree,closeness",0.44021000564098356
test,streamspot_531,0,0.1687459647655487,0,streamspot,42,graph_topo,0.5,0.5,64,64,0.2,0.1,0.1,0.1,"degree,closeness",0.44021000564098356
test,streamspot_312,1,0.8116219282150269,1,streamspot,42,graph_topo,0.5,0.5,64,64,0.2,0.1,0.1,0.1,"degree,closeness",0.44021000564098356
test,streamspot_331,1,0.37387536764144896,0,streamspot,42,graph_topo,0.5,0.5,64,64,0.2,0.1,0.1,0.1,"degree,closeness",0.44021000564098356
test,streamspot_322,1,0.6333510160446167,1,streamspot,42,graph_topo,0.5,0.5,64,64,0.2,0.1,0.1,0.1,"degree,closeness",0.44021000564098356
test,streamspot_555,0,0.16775477975606917,0,streamspot,42,graph_topo,0.5,0.5,64,64,0.2,0.1,0.1,0.1,"degree,closeness",0.44021000564098356
test,streamspot_355,1,0.5680257558822632,1,streamspot,42,graph_topo,0.5,0.5,64,64,0.2,0.1,0.1,0.1,"degree,closeness",0.44021000564098356
test,streamspot_540,0,0.35508776307106016,0,streamspot,42,graph_topo,0.5,0.5,64,64,0.2,0.1,0.1,0.1,"degree,closeness",0.44021000564098356
test,streamspot_204,0,0.11259480640292167,0,streamspot,42,graph_topo,0.5,0.5,64,64,0.2,0.1,0.1,0.1,"degree,closeness",0.44021000564098356
test,streamspot_538,0,0.15680440813302993,0,streamspot,42,graph_topo,0.5,0.5,64,64,0.2,0.1,0.1,0.1,"degree,closeness",0.44021000564098356
test,streamspot_514,0,0.23775597512722016,0,streamspot,42,graph_topo,0.5,0.5,64,64,0.2,0.1,0.1,0.1,"degree,closeness",0.44021000564098356
test,streamspot_93,0,0.03953591361641884,0,streamspot,42,graph_topo,0.5,0.5,64,64,0.2,0.1,0.1,0.1,"degree,closeness",0.44021000564098356
test,streamspot_494,0,0.02047316897660494,0,streamspot,42,graph_topo,0.5,0.5,64,64,0.2,0.1,0.1,0.1,"degree,closeness",0.44021000564098356
test,streamspot_63,0,0.11530517637729645,0,streamspot,42,graph_topo,0.5,0.5,64,64,0.2,0.1,0.1,0.1,"degree,closeness",0.44021000564098356
test,streamspot_311,1,0.5637965202331543,1,streamspot,42,graph_topo,0.5,0.5,64,64,0.2,0.1,0.1,0.1,"degree,closeness",0.44021000564098356
test,streamspot_78,0,0.24311623275279998,0,streamspot,42,graph_topo,0.5,0.5,64,64,0.2,0.1,0.1,0.1,"degree,closeness",0.44021000564098356
val,grasec_data_32_87,1,0.456081223487854,1,grasec,42,graph_topo,0.5,0.5,64,64,0.2,0.1,0.1,0.1,"degree,closeness",0.4531929552555084
val,grasec_data_47_8,0,0.6213779926300049,1,grasec,42,graph_topo,0.5,0.5,64,64,0.2,0.1,0.1,0.1,"degree,closeness",0.4531929552555084
val,grasec_data_57_72,0,0.42531122714281083,0,grasec,42,graph_topo,0.5,0.5,64,64,0.2,0.1,0.1,0.1,"degree,closeness",0.4531929552555084
val,grasec_data_42_99,1,0.7185891628265381,1,grasec,42,graph_topo,0.5,0.5,64,64,0.2,0.1,0.1,0.1,"degree,closeness",0.4531929552555084
val,grasec_data_19_64,1,1.0769027113914489,1,grasec,42,graph_topo,0.5,0.5,64,64,0.2,0.1,0.1,0.1,"degree,closeness",0.4531929552555084
val,grasec_data_42_64,1,0.69398934841156,1,grasec,42,graph_topo,0.5,0.5,64,64,0.2,0.1,0.1,0.1,"degree,closeness",0.4531929552555084
val,grasec_data_42_7,1,0.33951379656791686,0,grasec,42,graph_topo,0.5,0.5,64,64,0.2,0.1,0.1,0.1,"degree,closeness",0.4531929552555084
val,grasec_data_19_53,1,1.0720688223838806,1,grasec,42,graph_topo,0.5,0.5,64,64,0.2,0.1,0.1,0.1,"degree,closeness",0.4531929552555084
val,grasec_data_57_21,0,0.5761930108070373,1,grasec,42,graph_topo,0.5,0.5,64,64,0.2,0.1,0.1,0.1,"degree,closeness",0.4531929552555084
val,grasec_data_32_16,1,0.9104348301887513,1,grasec,42,graph_topo,0.5,0.5,64,64,0.2,0.1,0.1,0.1,"degree,closeness",0.4531929552555084
val,grasec_data_19_46,1,1.0924657583236694,1,grasec,42,graph_topo,0.5,0.5,64,64,0.2,0.1,0.1,0.1,"degree,closeness",0.4531929552555084
val,grasec_data_42_97,1,0.7104286551475525,1,grasec,42,graph_topo,0.5,0.5,64,64,0.2,0.1,0.1,0.1,"degree,closeness",0.4531929552555084
val,grasec_data_32_74,1,0.4147609293460846,0,grasec,42,graph_topo,0.5,0.5,64,64,0.2,0.1,0.1,0.1,"degree,closeness",0.4531929552555084
val,grasec_data_57_1,0,0.7230103135108947,1,grasec,42,graph_topo,0.5,0.5,64,64,0.2,0.1,0.1,0.1,"degree,closeness",0.4531929552555084
val,grasec_data_61_3,1,0.8161632418632507,1,grasec,42,graph_topo,0.5,0.5,64,64,0.2,0.1,0.1,0.1,"degree,closeness",0.4531929552555084
val,grasec_data_42_100,1,0.6967290282249451,1,grasec,42,graph_topo,0.5,0.5,64,64,0.2,0.1,0.1,0.1,"degree,closeness",0.4531929552555084
val,grasec_data_42_22,1,0.6513294696807861,1,grasec,42,graph_topo,0.5,0.5,64,64,0.2,0.1,0.1,0.1,"degree,closeness",0.4531929552555084
val,grasec_data_47_77,0,0.5615861296653748,1,grasec,42,graph_topo,0.5,0.5,64,64,0.2,0.1,0.1,0.1,"degree,closeness",0.4531929552555084
val,grasec_data_42_26,1,0.26931769102811814,0,grasec,42,graph_topo,0.5,0.5,64,64,0.2,0.1,0.1,0.1,"degree,closeness",0.4531929552555084
val,grasec_data_47_78,0,0.3955282151699066,0,grasec,42,graph_topo,0.5,0.5,64,64,0.2,0.1,0.1,0.1,"degree,closeness",0.4531929552555084
val,grasec_data_47_22,0,0.6484827995300293,1,grasec,42,graph_topo,0.5,0.5,64,64,0.2,0.1,0.1,0.1,"degree,closeness",0.4531929552555084
val,grasec_data_32_33,1,0.4696279942989349,1,grasec,42,graph_topo,0.5,0.5,64,64,0.2,0.1,0.1,0.1,"degree,closeness",0.4531929552555084
val,grasec_data_61_91,1,0.5918210208415985,1,grasec,42,graph_topo,0.5,0.5,64,64,0.2,0.1,0.1,0.1,"degree,closeness",0.4531929552555084
val,grasec_data_42_84,1,0.7235598564147949,1,grasec,42,graph_topo,0.5,0.5,64,64,0.2,0.1,0.1,0.1,"degree,closeness",0.4531929552555084
val,grasec_data_57_23,0,0.387118336558342,0,grasec,42,graph_topo,0.5,0.5,64,64,0.2,0.1,0.1,0.1,"degree,closeness",0.4531929552555084
val,grasec_data_42_91,1,0.7656273961067199,1,grasec,42,graph_topo,0.5,0.5,64,64,0.2,0.1,0.1,0.1,"degree,closeness",0.4531929552555084
val,grasec_data_57_57,0,0.9381990194320678,1,grasec,42,graph_topo,0.5,0.5,64,64,0.2,0.1,0.1,0.1,"degree,closeness",0.4531929552555084
val,grasec_data_35_34,0,0.14936686903238297,0,grasec,42,graph_topo,0.5,0.5,64,64,0.2,0.1,0.1,0.1,"degree,closeness",0.4531929552555084
val,grasec_data_57_20,0,0.8475573301315308,1,grasec,42,graph_topo,0.5,0.5,64,64,0.2,0.1,0.1,0.1,"degree,closeness",0.4531929552555084
val,grasec_data_19_19,1,1.062713861465454,1,grasec,42,graph_topo,0.5,0.5,64,64,0.2,0.1,0.1,0.1,"degree,closeness",0.4531929552555084
val,grasec_data_19_80,1,1.0645122528076172,1,grasec,42,graph_topo,0.5,0.5,64,64,0.2,0.1,0.1,0.1,"degree,closeness",0.4531929552555084
val,grasec_data_61_53,1,0.8582338094711304,1,grasec,42,graph_topo,0.5,0.5,64,64,0.2,0.1,0.1,0.1,"degree,closeness",0.4531929552555084
val,grasec_data_61_7,1,0.813028997182846,1,grasec,42,graph_topo,0.5,0.5,64,64,0.2,0.1,0.1,0.1,"degree,closeness",0.4531929552555084
val,grasec_data_57_39,0,0.41026467084884644,0,grasec,42,graph_topo,0.5,0.5,64,64,0.2,0.1,0.1,0.1,"degree,closeness",0.4531929552555084
val,grasec_data_19_58,1,1.0598251342773437,1,grasec,42,graph_topo,0.5,0.5,64,64,0.2,0.1,0.1,0.1,"degree,closeness",0.4531929552555084
val,grasec_data_32_38,1,0.48856729865074155,1,grasec,42,graph_topo,0.5,0.5,64,64,0.2,0.1,0.1,0.1,"degree,closeness",0.4531929552555084
val,grasec_data_57_18,0,0.6854476690292358,1,grasec,42,graph_topo,0.5,0.5,64,64,0.2,0.1,0.1,0.1,"degree,closeness",0.4531929552555084
val,grasec_data_57_63,0,0.7709494352340698,1,grasec,42,graph_topo,0.5,0.5,64,64,0.2,0.1,0.1,0.1,"degree,closeness",0.4531929552555084
val,grasec_data_57_66,0,0.21068728268146514,0,grasec,42,graph_topo,0.5,0.5,64,64,0.2,0.1,0.1,0.1,"degree,closeness",0.4531929552555084
val,grasec_data_61_89,1,0.6449989199638366,1,grasec,42,graph_topo,0.5,0.5,64,64,0.2,0.1,0.1,0.1,"degree,closeness",0.4531929552555084
val,grasec_data_57_56,0,0.2871239513158798,0,grasec,42,graph_topo,0.5,0.5,64,64,0.2,0.1,0.1,0.1,"degree,closeness",0.4531929552555084
val,grasec_data_57_78,0,0.689858365058899,1,grasec,42,graph_topo,0.5,0.5,64,64,0.2,0.1,0.1,0.1,"degree,closeness",0.4531929552555084
val,grasec_data_57_47,0,0.6335916757583618,1,grasec,42,graph_topo,0.5,0.5,64,64,0.2,0.1,0.1,0.1,"degree,closeness",0.4531929552555084
val,grasec_data_57_46,0,0.3482340931892395,0,grasec,42,graph_topo,0.5,0.5,64,64,0.2,0.1,0.1,0.1,"degree,closeness",0.4531929552555084
val,grasec_data_19_8,1,1.0801855206489563,1,grasec,42,graph_topo,0.5,0.5,64,64,0.2,0.1,0.1,0.1,"degree,closeness",0.4531929552555084
val,grasec_data_57_26,0,0.5925740957260132,1,grasec,42,graph_topo,0.5,0.5,64,64,0.2,0.1,0.1,0.1,"degree,closeness",0.4531929552555084
val,grasec_data_32_82,1,0.2532733276486397,0,grasec,42,graph_topo,0.5,0.5,64,64,0.2,0.1,0.1,0.1,"degree,closeness",0.4531929552555084
val,grasec_data_42_70,1,0.7227396011352539,1,grasec,42,graph_topo,0.5,0.5,64,64,0.2,0.1,0.1,0.1,"degree,closeness",0.4531929552555084
val,grasec_data_57_16,0,0.5078976929187775,1,grasec,42,graph_topo,0.5,0.5,64,64,0.2,0.1,0.1,0.1,"degree,closeness",0.4531929552555084
val,grasec_data_19_51,1,1.0737224340438842,1,grasec,42,graph_topo,0.5,0.5,64,64,0.2,0.1,0.1,0.1,"degree,closeness",0.4531929552555084
val,grasec_data_57_48,0,0.5348756939172745,1,grasec,42,graph_topo,0.5,0.5,64,64,0.2,0.1,0.1,0.1,"degree,closeness",0.4531929552555084
val,grasec_data_61_59,1,0.6099977731704712,1,grasec,42,graph_topo,0.5,0.5,64,64,0.2,0.1,0.1,0.1,"degree,closeness",0.4531929552555084
val,grasec_data_46_31,0,0.317603275179863,0,grasec,42,graph_topo,0.5,0.5,64,64,0.2,0.1,0.1,0.1,"degree,closeness",0.4531929552555084
val,grasec_data_46_28,0,0.45030468702316284,0,grasec,42,graph_topo,0.5,0.5,64,64,0.2,0.1,0.1,0.1,"degree,closeness",0.4531929552555084
val,grasec_data_57_31,0,0.7262094259262085,1,grasec,42,graph_topo,0.5,0.5,64,64,0.2,0.1,0.1,0.1,"degree,closeness",0.4531929552555084
val,grasec_data_57_30,0,0.45759769678115847,1,grasec,42,graph_topo,0.5,0.5,64,64,0.2,0.1,0.1,0.1,"degree,closeness",0.4531929552555084
val,grasec_data_47_82,0,0.41804397106170654,0,grasec,42,graph_topo,0.5,0.5,64,64,0.2,0.1,0.1,0.1,"degree,closeness",0.4531929552555084
val,grasec_data_32_45,1,0.524984884262085,1,grasec,42,graph_topo,0.5,0.5,64,64,0.2,0.1,0.1,0.1,"degree,closeness",0.4531929552555084
val,grasec_data_61_75,1,0.554057639837265,1,grasec,42,graph_topo,0.5,0.5,64,64,0.2,0.1,0.1,0.1,"degree,closeness",0.4531929552555084
val,grasec_data_42_30,1,0.2121880203485489,0,grasec,42,graph_topo,0.5,0.5,64,64,0.2,0.1,0.1,0.1,"degree,closeness",0.4531929552555084
val,grasec_data_57_50,0,0.535070276260376,1,grasec,42,graph_topo,0.5,0.5,64,64,0.2,0.1,0.1,0.1,"degree,closeness",0.4531929552555084
val,grasec_data_57_13,0,0.2944431871175766,0,grasec,42,graph_topo,0.5,0.5,64,64,0.2,0.1,0.1,0.1,"degree,closeness",0.4531929552555084
val,grasec_data_57_45,0,0.5555327653884887,1,grasec,42,graph_topo,0.5,0.5,64,64,0.2,0.1,0.1,0.1,"degree,closeness",0.4531929552555084
val,grasec_data_32_19,1,0.9393950819969177,1,grasec,42,graph_topo,0.5,0.5,64,64,0.2,0.1,0.1,0.1,"degree,closeness",0.4531929552555084
val,grasec_data_42_37,1,0.27263096570968626,0,grasec,42,graph_topo,0.5,0.5,64,64,0.2,0.1,0.1,0.1,"degree,closeness",0.4531929552555084
val,grasec_data_57_80,0,0.5175917148590088,1,grasec,42,graph_topo,0.5,0.5,64,64,0.2,0.1,0.1,0.1,"degree,closeness",0.4531929552555084
val,grasec_data_42_65,1,0.5426218271255493,1,grasec,42,graph_topo,0.5,0.5,64,64,0.2,0.1,0.1,0.1,"degree,closeness",0.4531929552555084
val,grasec_data_57_19,0,0.37232202887535093,0,grasec,42,graph_topo,0.5,0.5,64,64,0.2,0.1,0.1,0.1,"degree,closeness",0.4531929552555084
val,grasec_data_46_32,0,0.6371979773044586,1,grasec,42,graph_topo,0.5,0.5,64,64,0.2,0.1,0.1,0.1,"degree,closeness",0.4531929552555084
val,grasec_data_47_16,0,0.3082576334476471,0,grasec,42,graph_topo,0.5,0.5,64,64,0.2,0.1,0.1,0.1,"degree,closeness",0.4531929552555084
val,grasec_data_57_24,0,0.43373079895973204,0,grasec,42,graph_topo,0.5,0.5,64,64,0.2,0.1,0.1,0.1,"degree,closeness",0.4531929552555084
val,grasec_data_47_10,0,0.7283347606658935,1,grasec,42,graph_topo,0.5,0.5,64,64,0.2,0.1,0.1,0.1,"degree,closeness",0.4531929552555084
val,grasec_data_57_60,0,0.3798706978559494,0,grasec,42,graph_topo,0.5,0.5,64,64,0.2,0.1,0.1,0.1,"degree,closeness",0.4531929552555084
val,grasec_data_42_54,1,0.5604389369487762,1,grasec,42,graph_topo,0.5,0.5,64,64,0.2,0.1,0.1,0.1,"degree,closeness",0.4531929552555084
val,grasec_data_32_48,1,0.49611364006996156,1,grasec,42,graph_topo,0.5,0.5,64,64,0.2,0.1,0.1,0.1,"degree,closeness",0.4531929552555084
val,grasec_data_42_53,1,0.6927200555801392,1,grasec,42,graph_topo,0.5,0.5,64,64,0.2,0.1,0.1,0.1,"degree,closeness",0.4531929552555084
val,grasec_data_57_70,0,0.42727909684181214,0,grasec,42,graph_topo,0.5,0.5,64,64,0.2,0.1,0.1,0.1,"degree,closeness",0.4531929552555084
val,grasec_data_19_24,1,1.0613468408584594,1,grasec,42,graph_topo,0.5,0.5,64,64,0.2,0.1,0.1,0.1,"degree,closeness",0.4531929552555084
val,grasec_data_57_51,0,0.6213462591171265,1,grasec,42,graph_topo,0.5,0.5,64,64,0.2,0.1,0.1,0.1,"degree,closeness",0.4531929552555084
val,grasec_data_61_6,1,0.864476227760315,1,grasec,42,graph_topo,0.5,0.5,64,64,0.2,0.1,0.1,0.1,"degree,closeness",0.4531929552555084
val,grasec_data_32_84,1,0.2841613948345184,0,grasec,42,graph_topo,0.5,0.5,64,64,0.2,0.1,0.1,0.1,"degree,closeness",0.4531929552555084
val,grasec_data_57_11,0,0.7658364772796631,1,grasec,42,graph_topo,0.5,0.5,64,64,0.2,0.1,0.1,0.1,"degree,closeness",0.4531929552555084
val,grasec_data_46_33,0,0.6254301309585572,1,grasec,42,graph_topo,0.5,0.5,64,64,0.2,0.1,0.1,0.1,"degree,closeness",0.4531929552555084
val,grasec_data_32_73,1,0.551448404788971,1,grasec,42,graph_topo,0.5,0.5,64,64,0.2,0.1,0.1,0.1,"degree,closeness",0.4531929552555084
val,grasec_data_61_49,1,0.9366626739501953,1,grasec,42,graph_topo,0.5,0.5,64,64,0.2,0.1,0.1,0.1,"degree,closeness",0.4531929552555084
val,grasec_data_61_46,1,0.9419893860816956,1,grasec,42,graph_topo,0.5,0.5,64,64,0.2,0.1,0.1,0.1,"degree,closeness",0.4531929552555084
val,grasec_data_47_9,0,0.6210022270679474,1,grasec,42,graph_topo,0.5,0.5,64,64,0.2,0.1,0.1,0.1,"degree,closeness",0.4531929552555084
val,grasec_data_61_15,1,0.8312884449958802,1,grasec,42,graph_topo,0.5,0.5,64,64,0.2,0.1,0.1,0.1,"degree,closeness",0.4531929552555084
val,grasec_data_57_17,0,0.3155338764190674,0,grasec,42,graph_topo,0.5,0.5,64,64,0.2,0.1,0.1,0.1,"degree,closeness",0.4531929552555084
val,grasec_data_57_67,0,0.538828295469284,1,grasec,42,graph_topo,0.5,0.5,64,64,0.2,0.1,0.1,0.1,"degree,closeness",0.4531929552555084
val,grasec_data_42_1,1,0.537318366765976,1,grasec,42,graph_topo,0.5,0.5,64,64,0.2,0.1,0.1,0.1,"degree,closeness",0.4531929552555084
val,grasec_data_47_7,0,0.3000159978866577,0,grasec,42,graph_topo,0.5,0.5,64,64,0.2,0.1,0.1,0.1,"degree,closeness",0.4531929552555084
val,grasec_data_57_71,0,0.4034736454486847,0,grasec,42,graph_topo,0.5,0.5,64,64,0.2,0.1,0.1,0.1,"degree,closeness",0.4531929552555084
val,grasec_data_46_29,0,0.5065117061138154,1,grasec,42,graph_topo,0.5,0.5,64,64,0.2,0.1,0.1,0.1,"degree,closeness",0.4531929552555084
val,grasec_data_47_80,0,0.3277208209037781,0,grasec,42,graph_topo,0.5,0.5,64,64,0.2,0.1,0.1,0.1,"degree,closeness",0.4531929552555084
val,grasec_data_47_84,0,0.22330398559570314,0,grasec,42,graph_topo,0.5,0.5,64,64,0.2,0.1,0.1,0.1,"degree,closeness",0.4531929552555084
val,grasec_data_61_68,1,0.5958582699298859,1,grasec,42,graph_topo,0.5,0.5,64,64,0.2,0.1,0.1,0.1,"degree,closeness",0.4531929552555084
val,grasec_data_42_74,1,0.6901408433914185,1,grasec,42,graph_topo,0.5,0.5,64,64,0.2,0.1,0.1,0.1,"degree,closeness",0.4531929552555084
val,grasec_data_32_51,1,0.6010366678237915,1,grasec,42,graph_topo,0.5,0.5,64,64,0.2,0.1,0.1,0.1,"degree,closeness",0.4531929552555084
val,grasec_data_42_50,1,0.37327409982681276,0,grasec,42,graph_topo,0.5,0.5,64,64,0.2,0.1,0.1,0.1,"degree,closeness",0.4531929552555084
val,grasec_data_19_50,1,1.0754316687583922,1,grasec,42,graph_topo,0.5,0.5,64,64,0.2,0.1,0.1,0.1,"degree,closeness",0.4531929552555084
val,grasec_data_57_25,0,0.5474285244941711,1,grasec,42,graph_topo,0.5,0.5,64,64,0.2,0.1,0.1,0.1,"degree,closeness",0.4531929552555084
val,grasec_data_42_51,1,0.29753962010145185,0,grasec,42,graph_topo,0.5,0.5,64,64,0.2,0.1,0.1,0.1,"degree,closeness",0.4531929552555084
val,grasec_data_57_29,0,0.7843542218208313,1,grasec,42,graph_topo,0.5,0.5,64,64,0.2,0.1,0.1,0.1,"degree,closeness",0.4531929552555084
val,grasec_data_57_9,0,0.33930380940437316,0,grasec,42,graph_topo,0.5,0.5,64,64,0.2,0.1,0.1,0.1,"degree,closeness",0.4531929552555084
val,grasec_data_57_14,0,0.42446357011795044,0,grasec,42,graph_topo,0.5,0.5,64,64,0.2,0.1,0.1,0.1,"degree,closeness",0.4531929552555084
val,grasec_data_47_85,0,0.2381921663880348,0,grasec,42,graph_topo,0.5,0.5,64,64,0.2,0.1,0.1,0.1,"degree,closeness",0.4531929552555084
val,grasec_data_32_20,1,0.9138607621192932,1,grasec,42,graph_topo,0.5,0.5,64,64,0.2,0.1,0.1,0.1,"degree,closeness",0.4531929552555084
val,grasec_data_57_43,0,0.5930694580078125,1,grasec,42,graph_topo,0.5,0.5,64,64,0.2,0.1,0.1,0.1,"degree,closeness",0.4531929552555084
val,grasec_data_19_2,1,1.0890659093856812,1,grasec,42,graph_topo,0.5,0.5,64,64,0.2,0.1,0.1,0.1,"degree,closeness",0.4531929552555084
val,grasec_data_61_56,1,0.9707390189170837,1,grasec,42,graph_topo,0.5,0.5,64,64,0.2,0.1,0.1,0.1,"degree,closeness",0.4531929552555084
val,grasec_data_57_59,0,0.6640843272209167,1,grasec,42,graph_topo,0.5,0.5,64,64,0.2,0.1,0.1,0.1,"degree,closeness",0.4531929552555084
val,grasec_data_61_84,1,0.5489069819450378,1,grasec,42,graph_topo,0.5,0.5,64,64,0.2,0.1,0.1,0.1,"degree,closeness",0.4531929552555084
val,grasec_data_19_55,1,1.0455742955207825,1,grasec,42,graph_topo,0.5,0.5,64,64,0.2,0.1,0.1,0.1,"degree,closeness",0.4531929552555084
val,grasec_data_32_72,1,0.4058485567569733,0,grasec,42,graph_topo,0.5,0.5,64,64,0.2,0.1,0.1,0.1,"degree,closeness",0.4531929552555084
val,grasec_data_42_19,1,0.8464832961559295,1,grasec,42,graph_topo,0.5,0.5,64,64,0.2,0.1,0.1,0.1,"degree,closeness",0.4531929552555084
val,grasec_data_35_32,0,0.6357584953308105,1,grasec,42,graph_topo,0.5,0.5,64,64,0.2,0.1,0.1,0.1,"degree,closeness",0.4531929552555084
val,grasec_data_57_77,0,0.3691616952419281,0,grasec,42,graph_topo,0.5,0.5,64,64,0.2,0.1,0.1,0.1,"degree,closeness",0.4531929552555084
val,grasec_data_61_31,1,0.8710605144500733,1,grasec,42,graph_topo,0.5,0.5,64,64,0.2,0.1,0.1,0.1,"degree,closeness",0.4531929552555084
val,grasec_data_61_99,1,0.5756690442562103,1,grasec,42,graph_topo,0.5,0.5,64,64,0.2,0.1,0.1,0.1,"degree,closeness",0.4531929552555084
val,grasec_data_57_7,0,0.6957116425037384,1,grasec,42,graph_topo,0.5,0.5,64,64,0.2,0.1,0.1,0.1,"degree,closeness",0.4531929552555084
val,grasec_data_57_8,0,0.7441773295402527,1,grasec,42,graph_topo,0.5,0.5,64,64,0.2,0.1,0.1,0.1,"degree,closeness",0.4531929552555084
val,grasec_data_57_5,0,0.33421520292758944,0,grasec,42,graph_topo,0.5,0.5,64,64,0.2,0.1,0.1,0.1,"degree,closeness",0.4531929552555084
val,grasec_data_47_83,0,0.6418371319770813,1,grasec,42,graph_topo,0.5,0.5,64,64,0.2,0.1,0.1,0.1,"degree,closeness",0.4531929552555084
val,grasec_data_19_26,1,1.055643904209137,1,grasec,42,graph_topo,0.5,0.5,64,64,0.2,0.1,0.1,0.1,"degree,closeness",0.4531929552555084
val,grasec_data_19_61,1,1.0427627921104432,1,grasec,42,graph_topo,0.5,0.5,64,64,0.2,0.1,0.1,0.1,"degree,closeness",0.4531929552555084
val,grasec_data_19_56,1,1.0843971371650696,1,grasec,42,graph_topo,0.5,0.5,64,64,0.2,0.1,0.1,0.1,"degree,closeness",0.4531929552555084
val,grasec_data_35_35,0,0.22227426320314408,0,grasec,42,graph_topo,0.5,0.5,64,64,0.2,0.1,0.1,0.1,"degree,closeness",0.4531929552555084
val,grasec_data_19_0,1,1.0843096613883971,1,grasec,42,graph_topo,0.5,0.5,64,64,0.2,0.1,0.1,0.1,"degree,closeness",0.4531929552555084
val,grasec_data_57_73,0,0.4394924223423004,0,grasec,42,graph_topo,0.5,0.5,64,64,0.2,0.1,0.1,0.1,"degree,closeness",0.4531929552555084
val,grasec_data_32_64,1,0.473440557718277,1,grasec,42,graph_topo,0.5,0.5,64,64,0.2,0.1,0.1,0.1,"degree,closeness",0.4531929552555084
val,grasec_data_57_74,0,0.6354363441467286,1,grasec,42,graph_topo,0.5,0.5,64,64,0.2,0.1,0.1,0.1,"degree,closeness",0.4531929552555084
val,grasec_data_47_76,0,0.19885477647185326,0,grasec,42,graph_topo,0.5,0.5,64,64,0.2,0.1,0.1,0.1,"degree,closeness",0.4531929552555084
val,grasec_data_47_11,0,0.3886422097682953,0,grasec,42,graph_topo,0.5,0.5,64,64,0.2,0.1,0.1,0.1,"degree,closeness",0.4531929552555084
val,grasec_data_46_30,0,0.593246990442276,1,grasec,42,graph_topo,0.5,0.5,64,64,0.2,0.1,0.1,0.1,"degree,closeness",0.4531929552555084
val,grasec_data_47_81,0,0.19889667332172395,0,grasec,42,graph_topo,0.5,0.5,64,64,0.2,0.1,0.1,0.1,"degree,closeness",0.4531929552555084
val,grasec_data_32_41,1,0.3997431814670563,0,grasec,42,graph_topo,0.5,0.5,64,64,0.2,0.1,0.1,0.1,"degree,closeness",0.4531929552555084
val,grasec_data_35_33,0,0.28873664140701294,0,grasec,42,graph_topo,0.5,0.5,64,64,0.2,0.1,0.1,0.1,"degree,closeness",0.4531929552555084
val,grasec_data_32_54,1,0.2835727632045746,0,grasec,42,graph_topo,0.5,0.5,64,64,0.2,0.1,0.1,0.1,"degree,closeness",0.4531929552555084
val,grasec_data_57_6,0,0.4904670774936676,1,grasec,42,graph_topo,0.5,0.5,64,64,0.2,0.1,0.1,0.1,"degree,closeness",0.4531929552555084
val,grasec_data_57_32,0,0.7532427191734314,1,grasec,42,graph_topo,0.5,0.5,64,64,0.2,0.1,0.1,0.1,"degree,closeness",0.4531929552555084
val,grasec_data_47_79,0,0.4724910080432892,1,grasec,42,graph_topo,0.5,0.5,64,64,0.2,0.1,0.1,0.1,"degree,closeness",0.4531929552555084
val,grasec_data_47_12,0,0.22603772282600404,0,grasec,42,graph_topo,0.5,0.5,64,64,0.2,0.1,0.1,0.1,"degree,closeness",0.4531929552555084
val,grasec_data_19_77,1,1.0718338251113892,1,grasec,42,graph_topo,0.5,0.5,64,64,0.2,0.1,0.1,0.1,"degree,closeness",0.4531929552555084
val,grasec_data_19_45,1,0.9446872711181641,1,grasec,42,graph_topo,0.5,0.5,64,64,0.2,0.1,0.1,0.1,"degree,closeness",0.4531929552555084
val,grasec_data_32_56,1,0.48698829412460326,1,grasec,42,graph_topo,0.5,0.5,64,64,0.2,0.1,0.1,0.1,"degree,closeness",0.4531929552555084
val,grasec_data_42_28,1,0.32372778058052065,0,grasec,42,graph_topo,0.5,0.5,64,64,0.2,0.1,0.1,0.1,"degree,closeness",0.4531929552555084
val,grasec_data_19_88,1,0.8117224693298339,1,grasec,42,graph_topo,0.5,0.5,64,64,0.2,0.1,0.1,0.1,"degree,closeness",0.4531929552555084
val,grasec_data_42_57,1,0.7645418643951416,1,grasec,42,graph_topo,0.5,0.5,64,64,0.2,0.1,0.1,0.1,"degree,closeness",0.4531929552555084
val,grasec_data_57_0,0,0.703891110420227,1,grasec,42,graph_topo,0.5,0.5,64,64,0.2,0.1,0.1,0.1,"degree,closeness",0.4531929552555084
val,grasec_data_32_58,1,0.519399094581604,1,grasec,42,graph_topo,0.5,0.5,64,64,0.2,0.1,0.1,0.1,"degree,closeness",0.4531929552555084
val,grasec_data_57_34,0,0.6851340770721436,1,grasec,42,graph_topo,0.5,0.5,64,64,0.2,0.1,0.1,0.1,"degree,closeness",0.4531929552555084
test,grasec_data_61_27,0,0.21704410165548324,0,grasec,42,graph_topo,0.5,0.5,64,64,0.2,0.1,0.1,0.1,"degree,closeness",0.4531929552555084
test,grasec_data_61_23,0,0.43003987073898314,0,grasec,42,graph_topo,0.5,0.5,64,64,0.2,0.1,0.1,0.1,"degree,closeness",0.4531929552555084
test,grasec_data_42_55,1,0.7592808604240417,1,grasec,42,graph_topo,0.5,0.5,64,64,0.2,0.1,0.1,0.1,"degree,closeness",0.4531929552555084
test,grasec_data_61_57,1,0.6300755262374877,1,grasec,42,graph_topo,0.5,0.5,64,64,0.2,0.1,0.1,0.1,"degree,closeness",0.4531929552555084
test,grasec_data_42_11,0,0.9463693618774414,1,grasec,42,graph_topo,0.5,0.5,64,64,0.2,0.1,0.1,0.1,"degree,closeness",0.4531929552555084
test,grasec_data_42_13,0,0.6412420213222504,1,grasec,42,graph_topo,0.5,0.5,64,64,0.2,0.1,0.1,0.1,"degree,closeness",0.4531929552555084
test,grasec_data_61_24,0,0.46447227597236634,1,grasec,42,graph_topo,0.5,0.5,64,64,0.2,0.1,0.1,0.1,"degree,closeness",0.4531929552555084
test,grasec_data_19_10,1,1.0818925261497498,1,grasec,42,graph_topo,0.5,0.5,64,64,0.2,0.1,0.1,0.1,"degree,closeness",0.4531929552555084
test,grasec_data_61_72,1,0.5956727862358093,1,grasec,42,graph_topo,0.5,0.5,64,64,0.2,0.1,0.1,0.1,"degree,closeness",0.4531929552555084
test,grasec_data_42_8,0,0.2615959167480469,0,grasec,42,graph_topo,0.5,0.5,64,64,0.2,0.1,0.1,0.1,"degree,closeness",0.4531929552555084
test,grasec_data_32_22,1,0.9283405184745789,1,grasec,42,graph_topo,0.5,0.5,64,64,0.2,0.1,0.1,0.1,"degree,closeness",0.4531929552555084
test,grasec_data_61_25,0,0.36760412752628324,0,grasec,42,graph_topo,0.5,0.5,64,64,0.2,0.1,0.1,0.1,"degree,closeness",0.4531929552555084
test,grasec_data_32_99,0,0.21291972398757936,0,grasec,42,graph_topo,0.5,0.5,64,64,0.2,0.1,0.1,0.1,"degree,closeness",0.4531929552555084
test,grasec_data_42_90,1,0.7263262391090393,1,grasec,42,graph_topo,0.5,0.5,64,64,0.2,0.1,0.1,0.1,"degree,closeness",0.4531929552555084
test,grasec_data_19_83,0,0.22806493937969208,0,grasec,42,graph_topo,0.5,0.5,64,64,0.2,0.1,0.1,0.1,"degree,closeness",0.4531929552555084
test,grasec_data_32_78,1,0.5884786725044251,1,grasec,42,graph_topo,0.5,0.5,64,64,0.2,0.1,0.1,0.1,"degree,closeness",0.4531929552555084
test,grasec_data_32_28,0,0.37482510805130004,0,grasec,42,graph_topo,0.5,0.5,64,64,0.2,0.1,0.1,0.1,"degree,closeness",0.4531929552555084
test,grasec_data_32_34,0,0.5289109140634537,1,grasec,42,graph_topo,0.5,0.5,64,64,0.2,0.1,0.1,0.1,"degree,closeness",0.4531929552555084
test,grasec_data_42_2,1,0.2518219605088234,0,grasec,42,graph_topo,0.5,0.5,64,64,0.2,0.1,0.1,0.1,"degree,closeness",0.4531929552555084
test,grasec_data_42_10,0,0.33441638946533203,0,grasec,42,graph_topo,0.5,0.5,64,64,0.2,0.1,0.1,0.1,"degree,closeness",0.4531929552555084
test,grasec_data_42_73,1,0.7313203692436219,1,grasec,42,graph_topo,0.5,0.5,64,64,0.2,0.1,0.1,0.1,"degree,closeness",0.4531929552555084
test,grasec_data_32_100,0,0.5379223614931107,1,grasec,42,graph_topo,0.5,0.5,64,64,0.2,0.1,0.1,0.1,"degree,closeness",0.4531929552555084
test,grasec_data_19_21,1,1.08093364238739,1,grasec,42,graph_topo,0.5,0.5,64,64,0.2,0.1,0.1,0.1,"degree,closeness",0.4531929552555084
test,grasec_data_61_33,1,0.8947507619857789,1,grasec,42,graph_topo,0.5,0.5,64,64,0.2,0.1,0.1,0.1,"degree,closeness",0.4531929552555084
test,grasec_data_42_43,1,0.30297355353832245,0,grasec,42,graph_topo,0.5,0.5,64,64,0.2,0.1,0.1,0.1,"degree,closeness",0.4531929552555084
test,grasec_data_42_77,1,0.6749892115592957,1,grasec,42,graph_topo,0.5,0.5,64,64,0.2,0.1,0.1,0.1,"degree,closeness",0.4531929552555084
test,grasec_data_19_82,0,0.3529007911682129,0,grasec,42,graph_topo,0.5,0.5,64,64,0.2,0.1,0.1,0.1,"degree,closeness",0.4531929552555084
test,grasec_data_61_88,1,0.5832985043525696,1,grasec,42,graph_topo,0.5,0.5,64,64,0.2,0.1,0.1,0.1,"degree,closeness",0.4531929552555084
test,grasec_data_61_81,1,0.7571211934089661,1,grasec,42,graph_topo,0.5,0.5,64,64,0.2,0.1,0.1,0.1,"degree,closeness",0.4531929552555084
test,grasec_data_32_12,1,0.9894594192504883,1,grasec,42,graph_topo,0.5,0.5,64,64,0.2,0.1,0.1,0.1,"degree,closeness",0.4531929552555084
test,grasec_data_32_29,0,0.30142125487327576,0,grasec,42,graph_topo,0.5,0.5,64,64,0.2,0.1,0.1,0.1,"degree,closeness",0.4531929552555084
test,grasec_data_61_97,1,0.7529759526252746,1,grasec,42,graph_topo,0.5,0.5,64,64,0.2,0.1,0.1,0.1,"degree,closeness",0.4531929552555084
test,grasec_data_42_63,1,0.6728608250617981,1,grasec,42,graph_topo,0.5,0.5,64,64,0.2,0.1,0.1,0.1,"degree,closeness",0.4531929552555084
test,grasec_data_32_47,0,0.4942174360156059,1,grasec,42,graph_topo,0.5,0.5,64,64,0.2,0.1,0.1,0.1,"degree,closeness",0.4531929552555084
test,grasec_data_32_26,0,0.3931498065590858,0,grasec,42,graph_topo,0.5,0.5,64,64,0.2,0.1,0.1,0.1,"degree,closeness",0.4531929552555084
test,grasec_data_42_9,0,0.7205733776092529,1,grasec,42,graph_topo,0.5,0.5,64,64,0.2,0.1,0.1,0.1,"degree,closeness",0.4531929552555084
test,grasec_data_32_27,0,0.5212908387184143,1,grasec,42,graph_topo,0.5,0.5,64,64,0.2,0.1,0.1,0.1,"degree,closeness",0.4531929552555084
test,grasec_data_32_85,1,0.4260567307472229,0,grasec,42,graph_topo,0.5,0.5,64,64,0.2,0.1,0.1,0.1,"degree,closeness",0.4531929552555084
test,grasec_data_61_14,1,0.8145908713340759,1,grasec,42,graph_topo,0.5,0.5,64,64,0.2,0.1,0.1,0.1,"degree,closeness",0.4531929552555084
test,grasec_data_61_39,1,0.8975190281867981,1,grasec,42,graph_topo,0.5,0.5,64,64,0.2,0.1,0.1,0.1,"degree,closeness",0.4531929552555084
test,grasec_data_42_12,0,0.5117215514183044,1,grasec,42,graph_topo,0.5,0.5,64,64,0.2,0.1,0.1,0.1,"degree,closeness",0.4531929552555084
test,grasec_data_42_71,1,0.7241944432258606,1,grasec,42,graph_topo,0.5,0.5,64,64,0.2,0.1,0.1,0.1,"degree,closeness",0.4531929552555084
test,grasec_data_32_25,0,0.5045173585414886,1,grasec,42,graph_topo,0.5,0.5,64,64,0.2,0.1,0.1,0.1,"degree,closeness",0.4531929552555084
test,grasec_data_61_26,0,0.4236060857772827,0,grasec,42,graph_topo,0.5,0.5,64,64,0.2,0.1,0.1,0.1,"degree,closeness",0.4531929552555084
val,streamspot_357,1,0.2445604234933853,1,streamspot,43,graph_topo,0.5,0.5,64,64,0.2,0.1,0.1,0.1,"degree,closeness",0.2308277502655983
val,streamspot_276,0,0.22184068858623504,0,streamspot,43,graph_topo,0.5,0.5,64,64,0.2,0.1,0.1,0.1,"degree,closeness",0.2308277502655983
val,streamspot_377,1,0.6543491244316101,1,streamspot,43,graph_topo,0.5,0.5,64,64,0.2,0.1,0.1,0.1,"degree,closeness",0.2308277502655983
val,streamspot_355,1,0.2532148838043213,1,streamspot,43,graph_topo,0.5,0.5,64,64,0.2,0.1,0.1,0.1,"degree,closeness",0.2308277502655983
val,streamspot_399,1,0.258446079492569,1,streamspot,43,graph_topo,0.5,0.5,64,64,0.2,0.1,0.1,0.1,"degree,closeness",0.2308277502655983
val,streamspot_305,1,0.27136924862861633,1,streamspot,43,graph_topo,0.5,0.5,64,64,0.2,0.1,0.1,0.1,"degree,closeness",0.2308277502655983
val,streamspot_293,0,0.1048551220446825,0,streamspot,43,graph_topo,0.5,0.5,64,64,0.2,0.1,0.1,0.1,"degree,closeness",0.2308277502655983
val,streamspot_376,1,0.2641870051622391,1,streamspot,43,graph_topo,0.5,0.5,64,64,0.2,0.1,0.1,0.1,"degree,closeness",0.2308277502655983
val,streamspot_395,1,0.25863144993782045,1,streamspot,43,graph_topo,0.5,0.5,64,64,0.2,0.1,0.1,0.1,"degree,closeness",0.2308277502655983
val,streamspot_306,1,0.2564509719610214,1,streamspot,43,graph_topo,0.5,0.5,64,64,0.2,0.1,0.1,0.1,"degree,closeness",0.2308277502655983
val,streamspot_530,0,0.18154429793357849,0,streamspot,43,graph_topo,0.5,0.5,64,64,0.2,0.1,0.1,0.1,"degree,closeness",0.2308277502655983
val,streamspot_450,0,0.057751724123954774,0,streamspot,43,graph_topo,0.5,0.5,64,64,0.2,0.1,0.1,0.1,"degree,closeness",0.2308277502655983
val,streamspot_301,1,0.2527911901473999,1,streamspot,43,graph_topo,0.5,0.5,64,64,0.2,0.1,0.1,0.1,"degree,closeness",0.2308277502655983
val,streamspot_480,0,0.03685790114104748,0,streamspot,43,graph_topo,0.5,0.5,64,64,0.2,0.1,0.1,0.1,"degree,closeness",0.2308277502655983
val,streamspot_323,1,0.6982875943183899,1,streamspot,43,graph_topo,0.5,0.5,64,64,0.2,0.1,0.1,0.1,"degree,closeness",0.2308277502655983
val,streamspot_205,0,0.06516646519303322,0,streamspot,43,graph_topo,0.5,0.5,64,64,0.2,0.1,0.1,0.1,"degree,closeness",0.2308277502655983
val,streamspot_7,0,0.02882159426808357,0,streamspot,43,graph_topo,0.5,0.5,64,64,0.2,0.1,0.1,0.1,"degree,closeness",0.2308277502655983
val,streamspot_341,1,0.26588567197322843,1,streamspot,43,graph_topo,0.5,0.5,64,64,0.2,0.1,0.1,0.1,"degree,closeness",0.2308277502655983
val,streamspot_484,0,0.026288736052811144,0,streamspot,43,graph_topo,0.5,0.5,64,64,0.2,0.1,0.1,0.1,"degree,closeness",0.2308277502655983
val,streamspot_429,0,0.02956467755138874,0,streamspot,43,graph_topo,0.5,0.5,64,64,0.2,0.1,0.1,0.1,"degree,closeness",0.2308277502655983
val,streamspot_551,0,0.46711739897727966,1,streamspot,43,graph_topo,0.5,0.5,64,64,0.2,0.1,0.1,0.1,"degree,closeness",0.2308277502655983
val,streamspot_483,0,0.028863969072699548,0,streamspot,43,graph_topo,0.5,0.5,64,64,0.2,0.1,0.1,0.1,"degree,closeness",0.2308277502655983
val,streamspot_382,1,0.2453614056110382,1,streamspot,43,graph_topo,0.5,0.5,64,64,0.2,0.1,0.1,0.1,"degree,closeness",0.2308277502655983
val,streamspot_507,0,0.3577236533164978,1,streamspot,43,graph_topo,0.5,0.5,64,64,0.2,0.1,0.1,0.1,"degree,closeness",0.2308277502655983
val,streamspot_393,1,0.23981481194496154,1,streamspot,43,graph_topo,0.5,0.5,64,64,0.2,0.1,0.1,0.1,"degree,closeness",0.2308277502655983
val,streamspot_202,0,0.17044717371463775,0,streamspot,43,graph_topo,0.5,0.5,64,64,0.2,0.1,0.1,0.1,"degree,closeness",0.2308277502655983
val,streamspot_378,1,0.24839839339256287,1,streamspot,43,graph_topo,0.5,0.5,64,64,0.2,0.1,0.1,0.1,"degree,closeness",0.2308277502655983
val,streamspot_173,0,0.032110019400715825,0,streamspot,43,graph_topo,0.5,0.5,64,64,0.2,0.1,0.1,0.1,"degree,closeness",0.2308277502655983
val,streamspot_326,1,0.24987910091876983,1,streamspot,43,graph_topo,0.5,0.5,64,64,0.2,0.1,0.1,0.1,"degree,closeness",0.2308277502655983
val,streamspot_396,1,0.24906821846961974,1,streamspot,43,graph_topo,0.5,0.5,64,64,0.2,0.1,0.1,0.1,"degree,closeness",0.2308277502655983
val,streamspot_303,1,0.26084651947021487,1,streamspot,43,graph_topo,0.5,0.5,64,64,0.2,0.1,0.1,0.1,"degree,closeness",0.2308277502655983
val,streamspot_325,1,0.24206876754760742,1,streamspot,43,graph_topo,0.5,0.5,64,64,0.2,0.1,0.1,0.1,"degree,closeness",0.2308277502655983
val,streamspot_569,0,0.19464339911937714,0,streamspot,43,graph_topo,0.5,0.5,64,64,0.2,0.1,0.1,0.1,"degree,closeness",0.2308277502655983
val,streamspot_119,0,0.08548743426799774,0,streamspot,43,graph_topo,0.5,0.5,64,64,0.2,0.1,0.1,0.1,"degree,closeness",0.2308277502655983
val,streamspot_417,0,0.015405669156461955,0,streamspot,43,graph_topo,0.5,0.5,64,64,0.2,0.1,0.1,0.1,"degree,closeness",0.2308277502655983
val,streamspot_308,1,0.2640980899333954,1,streamspot,43,graph_topo,0.5,0.5,64,64,0.2,0.1,0.1,0.1,"degree,closeness",0.2308277502655983
val,streamspot_531,0,0.3072430998086929,1,streamspot,43,graph_topo,0.5,0.5,64,64,0.2,0.1,0.1,0.1,"degree,closeness",0.2308277502655983
val,streamspot_214,0,0.04637132212519646,0,streamspot,43,graph_topo,0.5,0.5,64,64,0.2,0.1,0.1,0.1,"degree,closeness",0.2308277502655983
val,streamspot_201,0,0.10184167250990868,0,streamspot,43,graph_topo,0.5,0.5,64,64,0.2,0.1,0.1,0.1,"degree,closeness",0.2308277502655983
val,streamspot_353,1,0.24779126942157745,1,streamspot,43,graph_topo,0.5,0.5,64,64,0.2,0.1,0.1,0.1,"degree,closeness",0.2308277502655983
test,streamspot_351,1,0.5784660458564759,1,streamspot,43,graph_topo,0.5,0.5,64,64,0.2,0.1,0.1,0.1,"degree,closeness",0.2308277502655983
test,streamspot_286,0,0.17096608877182007,0,streamspot,43,graph_topo,0.5,0.5,64,64,0.2,0.1,0.1,0.1,"degree,closeness",0.2308277502655983
test,streamspot_251,0,0.11295862570405006,0,streamspot,43,graph_topo,0.5,0.5,64,64,0.2,0.1,0.1,0.1,"degree,closeness",0.2308277502655983
test,streamspot_334,1,0.6390194296836853,1,streamspot,43,graph_topo,0.5,0.5,64,64,0.2,0.1,0.1,0.1,"degree,closeness",0.2308277502655983
test,streamspot_361,1,0.2761402040719986,1,streamspot,43,graph_topo,0.5,0.5,64,64,0.2,0.1,0.1,0.1,"degree,closeness",0.2308277502655983
test,streamspot_381,1,0.2513112723827362,1,streamspot,43,graph_topo,0.5,0.5,64,64,0.2,0.1,0.1,0.1,"degree,closeness",0.2308277502655983
test,streamspot_71,0,0.24211175441741944,1,streamspot,43,graph_topo,0.5,0.5,64,64,0.2,0.1,0.1,0.1,"degree,closeness",0.2308277502655983
test,streamspot_337,1,0.22762646675109863,0,streamspot,43,graph_topo,0.5,0.5,64,64,0.2,0.1,0.1,0.1,"degree,closeness",0.2308277502655983
test,streamspot_345,1,0.27139235734939576,1,streamspot,43,graph_topo,0.5,0.5,64,64,0.2,0.1,0.1,0.1,"degree,closeness",0.2308277502655983
test,streamspot_362,1,0.602199387550354,1,streamspot,43,graph_topo,0.5,0.5,64,64,0.2,0.1,0.1,0.1,"degree,closeness",0.2308277502655983
test,streamspot_359,1,0.24680456519126892,1,streamspot,43,graph_topo,0.5,0.5,64,64,0.2,0.1,0.1,0.1,"degree,closeness",0.2308277502655983
test,streamspot_312,1,0.5995280981063843,1,streamspot,43,graph_topo,0.5,0.5,64,64,0.2,0.1,0.1,0.1,"degree,closeness",0.2308277502655983
test,streamspot_375,1,0.25664615631103516,1,streamspot,43,graph_topo,0.5,0.5,64,64,0.2,0.1,0.1,0.1,"degree,closeness",0.2308277502655983
test,streamspot_412,0,0.017594615183770656,0,streamspot,43,graph_topo,0.5,0.5,64,64,0.2,0.1,0.1,0.1,"degree,closeness",0.2308277502655983
test,streamspot_331,1,0.4453910648822784,1,streamspot,43,graph_topo,0.5,0.5,64,64,0.2,0.1,0.1,0.1,"degree,closeness",0.2308277502655983
test,streamspot_313,1,0.24688688516616822,1,streamspot,43,graph_topo,0.5,0.5,64,64,0.2,0.1,0.1,0.1,"degree,closeness",0.2308277502655983
test,streamspot_363,1,0.24459713101387023,1,streamspot,43,graph_topo,0.5,0.5,64,64,0.2,0.1,0.1,0.1,"degree,closeness",0.2308277502655983
test,streamspot_560,0,0.20361764580011368,0,streamspot,43,graph_topo,0.5,0.5,64,64,0.2,0.1,0.1,0.1,"degree,closeness",0.2308277502655983
test,streamspot_493,0,0.05892114266753197,0,streamspot,43,graph_topo,0.5,0.5,64,64,0.2,0.1,0.1,0.1,"degree,closeness",0.2308277502655983
test,streamspot_384,1,0.2634035795927048,1,streamspot,43,graph_topo,0.5,0.5,64,64,0.2,0.1,0.1,0.1,"degree,closeness",0.2308277502655983
test,streamspot_103,0,0.13371263593435287,0,streamspot,43,graph_topo,0.5,0.5,64,64,0.2,0.1,0.1,0.1,"degree,closeness",0.2308277502655983
test,streamspot_491,0,0.03404122516512871,0,streamspot,43,graph_topo,0.5,0.5,64,64,0.2,0.1,0.1,0.1,"degree,closeness",0.2308277502655983
test,streamspot_333,1,0.5801617622375488,1,streamspot,43,graph_topo,0.5,0.5,64,64,0.2,0.1,0.1,0.1,"degree,closeness",0.2308277502655983
test,streamspot_55,0,0.047661798819899556,0,streamspot,43,graph_topo,0.5,0.5,64,64,0.2,0.1,0.1,0.1,"degree,closeness",0.2308277502655983
test,streamspot_555,0,0.24106673896312714,1,streamspot,43,graph_topo,0.5,0.5,64,64,0.2,0.1,0.1,0.1,"degree,closeness",0.2308277502655983
test,streamspot_503,0,0.6657491996884346,1,streamspot,43,graph_topo,0.5,0.5,64,64,0.2,0.1,0.1,0.1,"degree,closeness",0.2308277502655983
test,streamspot_397,1,0.5652534484863281,1,streamspot,43,graph_topo,0.5,0.5,64,64,0.2,0.1,0.1,0.1,"degree,closeness",0.2308277502655983
test,streamspot_300,1,0.23548929393291473,1,streamspot,43,graph_topo,0.5,0.5,64,64,0.2,0.1,0.1,0.1,"degree,closeness",0.2308277502655983
test,streamspot_98,0,0.15953926891088485,0,streamspot,43,graph_topo,0.5,0.5,64,64,0.2,0.1,0.1,0.1,"degree,closeness",0.2308277502655983
test,streamspot_388,1,0.6167415499687194,1,streamspot,43,graph_topo,0.5,0.5,64,64,0.2,0.1,0.1,0.1,"degree,closeness",0.2308277502655983
test,streamspot_373,1,0.2628262221813202,1,streamspot,43,graph_topo,0.5,0.5,64,64,0.2,0.1,0.1,0.1,"degree,closeness",0.2308277502655983
test,streamspot_389,1,0.2413650393486023,1,streamspot,43,graph_topo,0.5,0.5,64,64,0.2,0.1,0.1,0.1,"degree,closeness",0.2308277502655983
test,streamspot_62,0,0.2245579194277525,0,streamspot,43,graph_topo,0.5,0.5,64,64,0.2,0.1,0.1,0.1,"degree,closeness",0.2308277502655983
test,streamspot_350,1,0.27503370940685273,1,streamspot,43,graph_topo,0.5,0.5,64,64,0.2,0.1,0.1,0.1,"degree,closeness",0.2308277502655983
test,streamspot_348,1,0.2623777210712433,1,streamspot,43,graph_topo,0.5,0.5,64,64,0.2,0.1,0.1,0.1,"degree,closeness",0.2308277502655983
test,streamspot_185,0,0.040471813082695006,0,streamspot,43,graph_topo,0.5,0.5,64,64,0.2,0.1,0.1,0.1,"degree,closeness",0.2308277502655983
test,streamspot_385,1,0.25117803514003756,1,streamspot,43,graph_topo,0.5,0.5,64,64,0.2,0.1,0.1,0.1,"degree,closeness",0.2308277502655983
test,streamspot_595,0,0.15717036575078963,0,streamspot,43,graph_topo,0.5,0.5,64,64,0.2,0.1,0.1,0.1,"degree,closeness",0.2308277502655983
test,streamspot_360,1,0.249306583404541,1,streamspot,43,graph_topo,0.5,0.5,64,64,0.2,0.1,0.1,0.1,"degree,closeness",0.2308277502655983
test,streamspot_582,0,0.13444319367408752,0,streamspot,43,graph_topo,0.5,0.5,64,64,0.2,0.1,0.1,0.1,"degree,closeness",0.2308277502655983
test,streamspot_525,0,0.3997560620307922,1,streamspot,43,graph_topo,0.5,0.5,64,64,0.2,0.1,0.1,0.1,"degree,closeness",0.2308277502655983
test,streamspot_143,0,0.24050389528274535,1,streamspot,43,graph_topo,0.5,0.5,64,64,0.2,0.1,0.1,0.1,"degree,closeness",0.2308277502655983
test,streamspot_258,0,0.09440312422811985,0,streamspot,43,graph_topo,0.5,0.5,64,64,0.2,0.1,0.1,0.1,"degree,closeness",0.2308277502655983
test,streamspot_102,0,0.07512314841151238,0,streamspot,43,graph_topo,0.5,0.5,64,64,0.2,0.1,0.1,0.1,"degree,closeness",0.2308277502655983
test,streamspot_547,0,0.17071012705564498,0,streamspot,43,graph_topo,0.5,0.5,64,64,0.2,0.1,0.1,0.1,"degree,closeness",0.2308277502655983
test,streamspot_347,1,0.26463742852211,1,streamspot,43,graph_topo,0.5,0.5,64,64,0.2,0.1,0.1,0.1,"degree,closeness",0.2308277502655983
test,streamspot_242,0,0.09906020909547805,0,streamspot,43,graph_topo,0.5,0.5,64,64,0.2,0.1,0.1,0.1,"degree,closeness",0.2308277502655983
test,streamspot_329,1,0.269876828789711,1,streamspot,43,graph_topo,0.5,0.5,64,64,0.2,0.1,0.1,0.1,"degree,closeness",0.2308277502655983
test,streamspot_82,0,0.0793636292219162,0,streamspot,43,graph_topo,0.5,0.5,64,64,0.2,0.1,0.1,0.1,"degree,closeness",0.2308277502655983
test,streamspot_371,1,0.7046290159225463,1,streamspot,43,graph_topo,0.5,0.5,64,64,0.2,0.1,0.1,0.1,"degree,closeness",0.2308277502655983
test,streamspot_159,0,0.22815912067890168,0,streamspot,43,graph_topo,0.5,0.5,64,64,0.2,0.1,0.1,0.1,"degree,closeness",0.2308277502655983
test,streamspot_315,1,0.2590738654136658,1,streamspot,43,graph_topo,0.5,0.5,64,64,0.2,0.1,0.1,0.1,"degree,closeness",0.2308277502655983
test,streamspot_38,0,0.027279587276279927,0,streamspot,43,graph_topo,0.5,0.5,64,64,0.2,0.1,0.1,0.1,"degree,closeness",0.2308277502655983
test,streamspot_304,1,0.24230894148349763,1,streamspot,43,graph_topo,0.5,0.5,64,64,0.2,0.1,0.1,0.1,"degree,closeness",0.2308277502655983
test,streamspot_368,1,0.24887818098068237,1,streamspot,43,graph_topo,0.5,0.5,64,64,0.2,0.1,0.1,0.1,"degree,closeness",0.2308277502655983
test,streamspot_130,0,0.1290877230465412,0,streamspot,43,graph_topo,0.5,0.5,64,64,0.2,0.1,0.1,0.1,"degree,closeness",0.2308277502655983
test,streamspot_59,0,0.16421216279268264,0,streamspot,43,graph_topo,0.5,0.5,64,64,0.2,0.1,0.1,0.1,"degree,closeness",0.2308277502655983
test,streamspot_365,1,0.24866489470005035,1,streamspot,43,graph_topo,0.5,0.5,64,64,0.2,0.1,0.1,0.1,"degree,closeness",0.2308277502655983
test,streamspot_317,1,0.24807876944541932,1,streamspot,43,graph_topo,0.5,0.5,64,64,0.2,0.1,0.1,0.1,"degree,closeness",0.2308277502655983
test,streamspot_521,0,0.34431996047496793,1,streamspot,43,graph_topo,0.5,0.5,64,64,0.2,0.1,0.1,0.1,"degree,closeness",0.2308277502655983
test,streamspot_245,0,0.1410071425139904,0,streamspot,43,graph_topo,0.5,0.5,64,64,0.2,0.1,0.1,0.1,"degree,closeness",0.2308277502655983
test,streamspot_339,1,0.25905159711837766,1,streamspot,43,graph_topo,0.5,0.5,64,64,0.2,0.1,0.1,0.1,"degree,closeness",0.2308277502655983
test,streamspot_335,1,0.27651773691177367,1,streamspot,43,graph_topo,0.5,0.5,64,64,0.2,0.1,0.1,0.1,"degree,closeness",0.2308277502655983
test,streamspot_309,1,0.2534752398729324,1,streamspot,43,graph_topo,0.5,0.5,64,64,0.2,0.1,0.1,0.1,"degree,closeness",0.2308277502655983
test,streamspot_141,0,0.10805766731500625,0,streamspot,43,graph_topo,0.5,0.5,64,64,0.2,0.1,0.1,0.1,"degree,closeness",0.2308277502655983
test,streamspot_311,1,0.25351889431476593,1,streamspot,43,graph_topo,0.5,0.5,64,64,0.2,0.1,0.1,0.1,"degree,closeness",0.2308277502655983
test,streamspot_316,1,0.26693214774131774,1,streamspot,43,graph_topo,0.5,0.5,64,64,0.2,0.1,0.1,0.1,"degree,closeness",0.2308277502655983
test,streamspot_332,1,0.25947933495044706,1,streamspot,43,graph_topo,0.5,0.5,64,64,0.2,0.1,0.1,0.1,"degree,closeness",0.2308277502655983
test,streamspot_343,1,0.2469392389059067,1,streamspot,43,graph_topo,0.5,0.5,64,64,0.2,0.1,0.1,0.1,"degree,closeness",0.2308277502655983
test,streamspot_15,0,0.1442667528986931,0,streamspot,43,graph_topo,0.5,0.5,64,64,0.2,0.1,0.1,0.1,"degree,closeness",0.2308277502655983
test,streamspot_318,1,0.2484012335538864,1,streamspot,43,graph_topo,0.5,0.5,64,64,0.2,0.1,0.1,0.1,"degree,closeness",0.2308277502655983
test,streamspot_239,0,0.09177509918808938,0,streamspot,43,graph_topo,0.5,0.5,64,64,0.2,0.1,0.1,0.1,"degree,closeness",0.2308277502655983
test,streamspot_327,1,0.24288787543773652,1,streamspot,43,graph_topo,0.5,0.5,64,64,0.2,0.1,0.1,0.1,"degree,closeness",0.2308277502655983
test,streamspot_574,0,0.6147658944129943,1,streamspot,43,graph_topo,0.5,0.5,64,64,0.2,0.1,0.1,0.1,"degree,closeness",0.2308277502655983
test,streamspot_398,1,0.6976631045341491,1,streamspot,43,graph_topo,0.5,0.5,64,64,0.2,0.1,0.1,0.1,"degree,closeness",0.2308277502655983
test,streamspot_166,0,0.06454332247376442,0,streamspot,43,graph_topo,0.5,0.5,64,64,0.2,0.1,0.1,0.1,"degree,closeness",0.2308277502655983
test,streamspot_370,1,0.6804872035980225,1,streamspot,43,graph_topo,0.5,0.5,64,64,0.2,0.1,0.1,0.1,"degree,closeness",0.2308277502655983
test,streamspot_492,0,0.017434817366302015,0,streamspot,43,graph_topo,0.5,0.5,64,64,0.2,0.1,0.1,0.1,"degree,closeness",0.2308277502655983
test,streamspot_369,1,0.2409544825553894,1,streamspot,43,graph_topo,0.5,0.5,64,64,0.2,0.1,0.1,0.1,"degree,closeness",0.2308277502655983
test,streamspot_372,1,0.26370894014835355,1,streamspot,43,graph_topo,0.5,0.5,64,64,0.2,0.1,0.1,0.1,"degree,closeness",0.2308277502655983
test,streamspot_354,1,0.25820224583148954,1,streamspot,43,graph_topo,0.5,0.5,64,64,0.2,0.1,0.1,0.1,"degree,closeness",0.2308277502655983
test,streamspot_150,0,0.09873894602060318,0,streamspot,43,graph_topo,0.5,0.5,64,64,0.2,0.1,0.1,0.1,"degree,closeness",0.2308277502655983
test,streamspot_576,0,0.2257993370294571,0,streamspot,43,graph_topo,0.5,0.5,64,64,0.2,0.1,0.1,0.1,"degree,closeness",0.2308277502655983
test,streamspot_307,1,0.2494401752948761,1,streamspot,43,graph_topo,0.5,0.5,64,64,0.2,0.1,0.1,0.1,"degree,closeness",0.2308277502655983
test,streamspot_235,0,0.07517360374331475,0,streamspot,43,graph_topo,0.5,0.5,64,64,0.2,0.1,0.1,0.1,"degree,closeness",0.2308277502655983
test,streamspot_180,0,0.05840455815196037,0,streamspot,43,graph_topo,0.5,0.5,64,64,0.2,0.1,0.1,0.1,"degree,closeness",0.2308277502655983
test,streamspot_374,1,0.5903347373008728,1,streamspot,43,graph_topo,0.5,0.5,64,64,0.2,0.1,0.1,0.1,"degree,closeness",0.2308277502655983
test,streamspot_380,1,0.6505170464515686,1,streamspot,43,graph_topo,0.5,0.5,64,64,0.2,0.1,0.1,0.1,"degree,closeness",0.2308277502655983
test,streamspot_336,1,0.26735650897026064,1,streamspot,43,graph_topo,0.5,0.5,64,64,0.2,0.1,0.1,0.1,"degree,closeness",0.2308277502655983
test,streamspot_573,0,0.1151400551199913,0,streamspot,43,graph_topo,0.5,0.5,64,64,0.2,0.1,0.1,0.1,"degree,closeness",0.2308277502655983
test,streamspot_208,0,0.08569957613945008,0,streamspot,43,graph_topo,0.5,0.5,64,64,0.2,0.1,0.1,0.1,"degree,closeness",0.2308277502655983
test,streamspot_170,0,0.12047294527292252,0,streamspot,43,graph_topo,0.5,0.5,64,64,0.2,0.1,0.1,0.1,"degree,closeness",0.2308277502655983
test,streamspot_352,1,0.25417283177375793,1,streamspot,43,graph_topo,0.5,0.5,64,64,0.2,0.1,0.1,0.1,"degree,closeness",0.2308277502655983
test,streamspot_556,0,0.12986543476581575,0,streamspot,43,graph_topo,0.5,0.5,64,64,0.2,0.1,0.1,0.1,"degree,closeness",0.2308277502655983
test,streamspot_394,1,0.24192263782024384,1,streamspot,43,graph_topo,0.5,0.5,64,64,0.2,0.1,0.1,0.1,"degree,closeness",0.2308277502655983
test,streamspot_591,0,0.1300836533308029,0,streamspot,43,graph_topo,0.5,0.5,64,64,0.2,0.1,0.1,0.1,"degree,closeness",0.2308277502655983
test,streamspot_266,0,0.11705835163593292,0,streamspot,43,graph_topo,0.5,0.5,64,64,0.2,0.1,0.1,0.1,"degree,closeness",0.2308277502655983
test,streamspot_444,0,0.027922309748828412,0,streamspot,43,graph_topo,0.5,0.5,64,64,0.2,0.1,0.1,0.1,"degree,closeness",0.2308277502655983
test,streamspot_142,0,0.1001135416328907,0,streamspot,43,graph_topo,0.5,0.5,64,64,0.2,0.1,0.1,0.1,"degree,closeness",0.2308277502655983
test,streamspot_183,0,0.12560800984501838,0,streamspot,43,graph_topo,0.5,0.5,64,64,0.2,0.1,0.1,0.1,"degree,closeness",0.2308277502655983
test,streamspot_358,1,0.6058590650558472,1,streamspot,43,graph_topo,0.5,0.5,64,64,0.2,0.1,0.1,0.1,"degree,closeness",0.2308277502655983
test,streamspot_437,0,0.08506287634372711,0,streamspot,43,graph_topo,0.5,0.5,64,64,0.2,0.1,0.1,0.1,"degree,closeness",0.2308277502655983
test,streamspot_346,1,0.23932858407497407,1,streamspot,43,graph_topo,0.5,0.5,64,64,0.2,0.1,0.1,0.1,"degree,closeness",0.2308277502655983
test,streamspot_310,1,0.2613831698894501,1,streamspot,43,graph_topo,0.5,0.5,64,64,0.2,0.1,0.1,0.1,"degree,closeness",0.2308277502655983
test,streamspot_249,0,0.1680554285645485,0,streamspot,43,graph_topo,0.5,0.5,64,64,0.2,0.1,0.1,0.1,"degree,closeness",0.2308277502655983
test,streamspot_120,0,0.09121079370379448,0,streamspot,43,graph_topo,0.5,0.5,64,64,0.2,0.1,0.1,0.1,"degree,closeness",0.2308277502655983
test,streamspot_228,0,0.049908995628356934,0,streamspot,43,graph_topo,0.5,0.5,64,64,0.2,0.1,0.1,0.1,"degree,closeness",0.2308277502655983
test,streamspot_367,1,0.2643569350242615,1,streamspot,43,graph_topo,0.5,0.5,64,64,0.2,0.1,0.1,0.1,"degree,closeness",0.2308277502655983
test,streamspot_330,1,0.2744111031293869,1,streamspot,43,graph_topo,0.5,0.5,64,64,0.2,0.1,0.1,0.1,"degree,closeness",0.2308277502655983
test,streamspot_324,1,0.26583064496517184,1,streamspot,43,graph_topo,0.5,0.5,64,64,0.2,0.1,0.1,0.1,"degree,closeness",0.2308277502655983
test,streamspot_27,0,0.2695979207754135,1,streamspot,43,graph_topo,0.5,0.5,64,64,0.2,0.1,0.1,0.1,"degree,closeness",0.2308277502655983
test,streamspot_288,0,0.06390781626105309,0,streamspot,43,graph_topo,0.5,0.5,64,64,0.2,0.1,0.1,0.1,"degree,closeness",0.2308277502655983
test,streamspot_494,0,0.011646312475204468,0,streamspot,43,graph_topo,0.5,0.5,64,64,0.2,0.1,0.1,0.1,"degree,closeness",0.2308277502655983
test,streamspot_20,0,0.29989030957221985,1,streamspot,43,graph_topo,0.5,0.5,64,64,0.2,0.1,0.1,0.1,"degree,closeness",0.2308277502655983
test,streamspot_328,1,0.24014202356338502,1,streamspot,43,graph_topo,0.5,0.5,64,64,0.2,0.1,0.1,0.1,"degree,closeness",0.2308277502655983
test,streamspot_96,0,0.2223344013094902,0,streamspot,43,graph_topo,0.5,0.5,64,64,0.2,0.1,0.1,0.1,"degree,closeness",0.2308277502655983
test,streamspot_364,1,0.23025168478488922,0,streamspot,43,graph_topo,0.5,0.5,64,64,0.2,0.1,0.1,0.1,"degree,closeness",0.2308277502655983
test,streamspot_379,1,0.2506092846393585,1,streamspot,43,graph_topo,0.5,0.5,64,64,0.2,0.1,0.1,0.1,"degree,closeness",0.2308277502655983
test,streamspot_475,0,0.05247780308127403,0,streamspot,43,graph_topo,0.5,0.5,64,64,0.2,0.1,0.1,0.1,"degree,closeness",0.2308277502655983
test,streamspot_69,0,0.054009216278791426,0,streamspot,43,graph_topo,0.5,0.5,64,64,0.2,0.1,0.1,0.1,"degree,closeness",0.2308277502655983
test,streamspot_505,0,0.08871650099754333,0,streamspot,43,graph_topo,0.5,0.5,64,64,0.2,0.1,0.1,0.1,"degree,closeness",0.2308277502655983
test,streamspot_439,0,0.1049762211740017,0,streamspot,43,graph_topo,0.5,0.5,64,64,0.2,0.1,0.1,0.1,"degree,closeness",0.2308277502655983
test,streamspot_64,0,0.03745747841894627,0,streamspot,43,graph_topo,0.5,0.5,64,64,0.2,0.1,0.1,0.1,"degree,closeness",0.2308277502655983
test,streamspot_366,1,0.6442590117454529,1,streamspot,43,graph_topo,0.5,0.5,64,64,0.2,0.1,0.1,0.1,"degree,closeness",0.2308277502655983
test,streamspot_356,1,0.26594030261039736,1,streamspot,43,graph_topo,0.5,0.5,64,64,0.2,0.1,0.1,0.1,"degree,closeness",0.2308277502655983
test,streamspot_392,1,0.5924942493438721,1,streamspot,43,graph_topo,0.5,0.5,64,64,0.2,0.1,0.1,0.1,"degree,closeness",0.2308277502655983
test,streamspot_267,0,0.060701779276132586,0,streamspot,43,graph_topo,0.5,0.5,64,64,0.2,0.1,0.1,0.1,"degree,closeness",0.2308277502655983
test,streamspot_387,1,0.2517212837934494,1,streamspot,43,graph_topo,0.5,0.5,64,64,0.2,0.1,0.1,0.1,"degree,closeness",0.2308277502655983
test,streamspot_386,1,0.6011625051498413,1,streamspot,43,graph_topo,0.5,0.5,64,64,0.2,0.1,0.1,0.1,"degree,closeness",0.2308277502655983
test,streamspot_67,0,0.16613604575395585,0,streamspot,43,graph_topo,0.5,0.5,64,64,0.2,0.1,0.1,0.1,"degree,closeness",0.2308277502655983
test,streamspot_500,0,0.3645906180143356,1,streamspot,43,graph_topo,0.5,0.5,64,64,0.2,0.1,0.1,0.1,"degree,closeness",0.2308277502655983
test,streamspot_112,0,0.0643165074288845,0,streamspot,43,graph_topo,0.5,0.5,64,64,0.2,0.1,0.1,0.1,"degree,closeness",0.2308277502655983
test,streamspot_583,0,0.11509452294558287,0,streamspot,43,graph_topo,0.5,0.5,64,64,0.2,0.1,0.1,0.1,"degree,closeness",0.2308277502655983
test,streamspot_390,1,0.26600686013698577,1,streamspot,43,graph_topo,0.5,0.5,64,64,0.2,0.1,0.1,0.1,"degree,closeness",0.2308277502655983
test,streamspot_338,1,0.25549359917640685,1,streamspot,43,graph_topo,0.5,0.5,64,64,0.2,0.1,0.1,0.1,"degree,closeness",0.2308277502655983
test,streamspot_289,0,0.6287078619003296,1,streamspot,43,graph_topo,0.5,0.5,64,64,0.2,0.1,0.1,0.1,"degree,closeness",0.2308277502655983
test,streamspot_533,0,0.21186433136463165,0,streamspot,43,graph_topo,0.5,0.5,64,64,0.2,0.1,0.1,0.1,"degree,closeness",0.2308277502655983
test,streamspot_302,1,0.24176819622516632,1,streamspot,43,graph_topo,0.5,0.5,64,64,0.2,0.1,0.1,0.1,"degree,closeness",0.2308277502655983
test,streamspot_182,0,0.15859467536211014,0,streamspot,43,graph_topo,0.5,0.5,64,64,0.2,0.1,0.1,0.1,"degree,closeness",0.2308277502655983
test,streamspot_423,0,0.06720434129238129,0,streamspot,43,graph_topo,0.5,0.5,64,64,0.2,0.1,0.1,0.1,"degree,closeness",0.2308277502655983
test,streamspot_314,1,0.6120490908622742,1,streamspot,43,graph_topo,0.5,0.5,64,64,0.2,0.1,0.1,0.1,"degree,closeness",0.2308277502655983
test,streamspot_340,1,0.2454752206802368,1,streamspot,43,graph_topo,0.5,0.5,64,64,0.2,0.1,0.1,0.1,"degree,closeness",0.2308277502655983
test,streamspot_322,1,0.2599539875984192,1,streamspot,43,graph_topo,0.5,0.5,64,64,0.2,0.1,0.1,0.1,"degree,closeness",0.2308277502655983
test,streamspot_321,1,0.26550611257553103,1,streamspot,43,graph_topo,0.5,0.5,64,64,0.2,0.1,0.1,0.1,"degree,closeness",0.2308277502655983
test,streamspot_178,0,0.07308007627725602,0,streamspot,43,graph_topo,0.5,0.5,64,64,0.2,0.1,0.1,0.1,"degree,closeness",0.2308277502655983
test,streamspot_344,1,0.2661966532468796,1,streamspot,43,graph_topo,0.5,0.5,64,64,0.2,0.1,0.1,0.1,"degree,closeness",0.2308277502655983
test,streamspot_342,1,0.2671685487031937,1,streamspot,43,graph_topo,0.5,0.5,64,64,0.2,0.1,0.1,0.1,"degree,closeness",0.2308277502655983
test,streamspot_319,1,0.25712100863456727,1,streamspot,43,graph_topo,0.5,0.5,64,64,0.2,0.1,0.1,0.1,"degree,closeness",0.2308277502655983
test,streamspot_570,0,0.3181186616420746,1,streamspot,43,graph_topo,0.5,0.5,64,64,0.2,0.1,0.1,0.1,"degree,closeness",0.2308277502655983
test,streamspot_454,0,0.037996473535895345,0,streamspot,43,graph_topo,0.5,0.5,64,64,0.2,0.1,0.1,0.1,"degree,closeness",0.2308277502655983
test,streamspot_502,0,0.33083137273788454,1,streamspot,43,graph_topo,0.5,0.5,64,64,0.2,0.1,0.1,0.1,"degree,closeness",0.2308277502655983
test,streamspot_383,1,0.6404225111007691,1,streamspot,43,graph_topo,0.5,0.5,64,64,0.2,0.1,0.1,0.1,"degree,closeness",0.2308277502655983
test,streamspot_391,1,0.6326269388198853,1,streamspot,43,graph_topo,0.5,0.5,64,64,0.2,0.1,0.1,0.1,"degree,closeness",0.2308277502655983
test,streamspot_561,0,0.20551202893257142,0,streamspot,43,graph_topo,0.5,0.5,64,64,0.2,0.1,0.1,0.1,"degree,closeness",0.2308277502655983
test,streamspot_349,1,0.2496745616197586,1,streamspot,43,graph_topo,0.5,0.5,64,64,0.2,0.1,0.1,0.1,"degree,closeness",0.2308277502655983
test,streamspot_462,0,0.042238684743642806,0,streamspot,43,graph_topo,0.5,0.5,64,64,0.2,0.1,0.1,0.1,"degree,closeness",0.2308277502655983
test,streamspot_261,0,0.07657350860536098,0,streamspot,43,graph_topo,0.5,0.5,64,64,0.2,0.1,0.1,0.1,"degree,closeness",0.2308277502655983
test,streamspot_579,0,0.14317973107099533,0,streamspot,43,graph_topo,0.5,0.5,64,64,0.2,0.1,0.1,0.1,"degree,closeness",0.2308277502655983
test,streamspot_320,1,0.2505972534418106,1,streamspot,43,graph_topo,0.5,0.5,64,64,0.2,0.1,0.1,0.1,"degree,closeness",0.2308277502655983
test,streamspot_442,0,0.01054625241085887,0,streamspot,43,graph_topo,0.5,0.5,64,64,0.2,0.1,0.1,0.1,"degree,closeness",0.2308277502655983
val,grasec_data_61_8,1,0.6857167959213257,1,grasec,43,graph_topo,0.5,0.5,64,64,0.2,0.1,0.1,0.1,"degree,closeness",0.2201932668685913
val,grasec_data_42_75,1,0.6053826332092285,1,grasec,43,graph_topo,0.5,0.5,64,64,0.2,0.1,0.1,0.1,"degree,closeness",0.2201932668685913
val,grasec_data_32_51,1,0.4353264391422272,1,grasec,43,graph_topo,0.5,0.5,64,64,0.2,0.1,0.1,0.1,"degree,closeness",0.2201932668685913
val,grasec_data_32_91,1,0.33488512635231016,1,grasec,43,graph_topo,0.5,0.5,64,64,0.2,0.1,0.1,0.1,"degree,closeness",0.2201932668685913
val,grasec_data_19_76,1,0.8923142552375793,1,grasec,43,graph_topo,0.5,0.5,64,64,0.2,0.1,0.1,0.1,"degree,closeness",0.2201932668685913
val,grasec_data_61_82,1,0.636324805021286,1,grasec,43,graph_topo,0.5,0.5,64,64,0.2,0.1,0.1,0.1,"degree,closeness",0.2201932668685913
val,grasec_data_42_23,1,0.4802327215671539,1,grasec,43,graph_topo,0.5,0.5,64,64,0.2,0.1,0.1,0.1,"degree,closeness",0.2201932668685913
val,grasec_data_19_43,1,0.9931877851486206,1,grasec,43,graph_topo,0.5,0.5,64,64,0.2,0.1,0.1,0.1,"degree,closeness",0.2201932668685913
val,grasec_data_57_17,0,0.3465456932783127,1,grasec,43,graph_topo,0.5,0.5,64,64,0.2,0.1,0.1,0.1,"degree,closeness",0.2201932668685913
val,grasec_data_19_65,1,0.9645896434783936,1,grasec,43,graph_topo,0.5,0.5,64,64,0.2,0.1,0.1,0.1,"degree,closeness",0.2201932668685913
val,grasec_data_19_41,1,1.0050394892692567,1,grasec,43,graph_topo,0.5,0.5,64,64,0.2,0.1,0.1,0.1,"degree,closeness",0.2201932668685913
val,grasec_data_57_7,0,0.5822941124439239,1,grasec,43,graph_topo,0.5,0.5,64,64,0.2,0.1,0.1,0.1,"degree,closeness",0.2201932668685913
val,grasec_data_42_4,1,0.25549851208925245,1,grasec,43,graph_topo,0.5,0.5,64,64,0.2,0.1,0.1,0.1,"degree,closeness",0.2201932668685913
val,grasec_data_57_63,0,0.6016525626182556,1,grasec,43,graph_topo,0.5,0.5,64,64,0.2,0.1,0.1,0.1,"degree,closeness",0.2201932668685913
val,grasec_data_47_88,0,0.3029536098241806,1,grasec,43,graph_topo,0.5,0.5,64,64,0.2,0.1,0.1,0.1,"degree,closeness",0.2201932668685913
val,grasec_data_47_10,0,0.666903817653656,1,grasec,43,graph_topo,0.5,0.5,64,64,0.2,0.1,0.1,0.1,"degree,closeness",0.2201932668685913
val,grasec_data_19_37,1,0.9874199867248535,1,grasec,43,graph_topo,0.5,0.5,64,64,0.2,0.1,0.1,0.1,"degree,closeness",0.2201932668685913
val,grasec_data_57_19,0,0.4679116368293762,1,grasec,43,graph_topo,0.5,0.5,64,64,0.2,0.1,0.1,0.1,"degree,closeness",0.2201932668685913
val,grasec_data_46_32,0,0.571604061126709,1,grasec,43,graph_topo,0.5,0.5,64,64,0.2,0.1,0.1,0.1,"degree,closeness",0.2201932668685913
val,grasec_data_57_78,0,0.6105954885482788,1,grasec,43,graph_topo,0.5,0.5,64,64,0.2,0.1,0.1,0.1,"degree,closeness",0.2201932668685913
val,grasec_data_57_32,0,0.6787030816078186,1,grasec,43,graph_topo,0.5,0.5,64,64,0.2,0.1,0.1,0.1,"degree,closeness",0.2201932668685913
val,grasec_data_32_69,1,0.2638611257076263,1,grasec,43,graph_topo,0.5,0.5,64,64,0.2,0.1,0.1,0.1,"degree,closeness",0.2201932668685913
val,grasec_data_19_95,1,1.1658126592636109,1,grasec,43,graph_topo,0.5,0.5,64,64,0.2,0.1,0.1,0.1,"degree,closeness",0.2201932668685913
val,grasec_data_35_32,0,0.5684660613536835,1,grasec,43,graph_topo,0.5,0.5,64,64,0.2,0.1,0.1,0.1,"degree,closeness",0.2201932668685913
val,grasec_data_32_32,1,0.3768446922302246,1,grasec,43,graph_topo,0.5,0.5,64,64,0.2,0.1,0.1,0.1,"degree,closeness",0.2201932668685913
val,grasec_data_47_83,0,0.6180166721343994,1,grasec,43,graph_topo,0.5,0.5,64,64,0.2,0.1,0.1,0.1,"degree,closeness",0.2201932668685913
val,grasec_data_42_1,1,0.4913344502449036,1,grasec,43,graph_topo,0.5,0.5,64,64,0.2,0.1,0.1,0.1,"degree,closeness",0.2201932668685913
val,grasec_data_57_77,0,0.2900847762823105,1,grasec,43,graph_topo,0.5,0.5,64,64,0.2,0.1,0.1,0.1,"degree,closeness",0.2201932668685913
val,grasec_data_47_16,0,0.34606744050979615,1,grasec,43,graph_topo,0.5,0.5,64,64,0.2,0.1,0.1,0.1,"degree,closeness",0.2201932668685913
val,grasec_data_61_0,1,0.6710442423820495,1,grasec,43,graph_topo,0.5,0.5,64,64,0.2,0.1,0.1,0.1,"degree,closeness",0.2201932668685913
val,grasec_data_61_18,1,0.7844200253486633,1,grasec,43,graph_topo,0.5,0.5,64,64,0.2,0.1,0.1,0.1,"degree,closeness",0.2201932668685913
val,grasec_data_57_29,0,0.7254837274551391,1,grasec,43,graph_topo,0.5,0.5,64,64,0.2,0.1,0.1,0.1,"degree,closeness",0.2201932668685913
val,grasec_data_61_20,1,0.8435823321342468,1,grasec,43,graph_topo,0.5,0.5,64,64,0.2,0.1,0.1,0.1,"degree,closeness",0.2201932668685913
val,grasec_data_57_50,0,0.4969161808490753,1,grasec,43,graph_topo,0.5,0.5,64,64,0.2,0.1,0.1,0.1,"degree,closeness",0.2201932668685913
val,grasec_data_35_34,0,0.3167130768299103,1,grasec,43,graph_topo,0.5,0.5,64,64,0.2,0.1,0.1,0.1,"degree,closeness",0.2201932668685913
val,grasec_data_42_35,1,0.2719510138034821,1,grasec,43,graph_topo,0.5,0.5,64,64,0.2,0.1,0.1,0.1,"degree,closeness",0.2201932668685913
val,grasec_data_42_36,1,0.5973552823066711,1,grasec,43,graph_topo,0.5,0.5,64,64,0.2,0.1,0.1,0.1,"degree,closeness",0.2201932668685913
val,grasec_data_32_80,1,0.607478940486908,1,grasec,43,graph_topo,0.5,0.5,64,64,0.2,0.1,0.1,0.1,"degree,closeness",0.2201932668685913
val,grasec_data_47_81,0,0.32314963936805724,1,grasec,43,graph_topo,0.5,0.5,64,64,0.2,0.1,0.1,0.1,"degree,closeness",0.2201932668685913
val,grasec_data_57_72,0,0.30802488178014753,1,grasec,43,graph_topo,0.5,0.5,64,64,0.2,0.1,0.1,0.1,"degree,closeness",0.2201932668685913
val,grasec_data_47_82,0,0.5134332835674286,1,grasec,43,graph_topo,0.5,0.5,64,64,0.2,0.1,0.1,0.1,"degree,closeness",0.2201932668685913
val,grasec_data_61_14,1,0.6724113464355469,1,grasec,43,graph_topo,0.5,0.5,64,64,0.2,0.1,0.1,0.1,"degree,closeness",0.2201932668685913
val,grasec_data_47_7,0,0.33779877722263335,1,grasec,43,graph_topo,0.5,0.5,64,64,0.2,0.1,0.1,0.1,"degree,closeness",0.2201932668685913
val,grasec_data_57_23,0,0.328806409239769,1,grasec,43,graph_topo,0.5,0.5,64,64,0.2,0.1,0.1,0.1,"degree,closeness",0.2201932668685913
val,grasec_data_57_26,0,0.7410223722457886,1,grasec,43,graph_topo,0.5,0.5,64,64,0.2,0.1,0.1,0.1,"degree,closeness",0.2201932668685913
val,grasec_data_57_6,0,0.4103661239147186,1,grasec,43,graph_topo,0.5,0.5,64,64,0.2,0.1,0.1,0.1,"degree,closeness",0.2201932668685913
val,grasec_data_57_59,0,0.4502586662769318,1,grasec,43,graph_topo,0.5,0.5,64,64,0.2,0.1,0.1,0.1,"degree,closeness",0.2201932668685913
val,grasec_data_57_74,0,0.5504850029945374,1,grasec,43,graph_topo,0.5,0.5,64,64,0.2,0.1,0.1,0.1,"degree,closeness",0.2201932668685913
val,grasec_data_46_31,0,0.30014140605926515,1,grasec,43,graph_topo,0.5,0.5,64,64,0.2,0.1,0.1,0.1,"degree,closeness",0.2201932668685913
val,grasec_data_47_84,0,0.2514713317155838,1,grasec,43,graph_topo,0.5,0.5,64,64,0.2,0.1,0.1,0.1,"degree,closeness",0.2201932668685913
val,grasec_data_57_34,0,0.6400989472866059,1,grasec,43,graph_topo,0.5,0.5,64,64,0.2,0.1,0.1,0.1,"degree,closeness",0.2201932668685913
val,grasec_data_42_67,1,0.5705591917037964,1,grasec,43,graph_topo,0.5,0.5,64,64,0.2,0.1,0.1,0.1,"degree,closeness",0.2201932668685913
val,grasec_data_57_14,0,0.5235973834991455,1,grasec,43,graph_topo,0.5,0.5,64,64,0.2,0.1,0.1,0.1,"degree,closeness",0.2201932668685913
val,grasec_data_57_12,0,0.7222851037979126,1,grasec,43,graph_topo,0.5,0.5,64,64,0.2,0.1,0.1,0.1,"degree,closeness",0.2201932668685913
val,grasec_data_57_42,0,0.4151768028736115,1,grasec,43,graph_topo,0.5,0.5,64,64,0.2,0.1,0.1,0.1,"degree,closeness",0.2201932668685913
val,grasec_data_46_28,0,0.48084485679864886,1,grasec,43,graph_topo,0.5,0.5,64,64,0.2,0.1,0.1,0.1,"degree,closeness",0.2201932668685913
val,grasec_data_57_1,0,0.5958978176116944,1,grasec,43,graph_topo,0.5,0.5,64,64,0.2,0.1,0.1,0.1,"degree,closeness",0.2201932668685913
val,grasec_data_32_9,1,1.228022861480713,1,grasec,43,graph_topo,0.5,0.5,64,64,0.2,0.1,0.1,0.1,"degree,closeness",0.2201932668685913
val,grasec_data_19_30,1,0.95250483751297,1,grasec,43,graph_topo,0.5,0.5,64,64,0.2,0.1,0.1,0.1,"degree,closeness",0.2201932668685913
val,grasec_data_57_56,0,0.31583850383758544,1,grasec,43,graph_topo,0.5,0.5,64,64,0.2,0.1,0.1,0.1,"degree,closeness",0.2201932668685913
val,grasec_data_32_54,1,0.3054522335529327,1,grasec,43,graph_topo,0.5,0.5,64,64,0.2,0.1,0.1,0.1,"degree,closeness",0.2201932668685913
val,grasec_data_42_33,1,0.5087063670158386,1,grasec,43,graph_topo,0.5,0.5,64,64,0.2,0.1,0.1,0.1,"degree,closeness",0.2201932668685913
val,grasec_data_57_73,0,0.426687628030777,1,grasec,43,graph_topo,0.5,0.5,64,64,0.2,0.1,0.1,0.1,"degree,closeness",0.2201932668685913
val,grasec_data_42_76,1,0.687843918800354,1,grasec,43,graph_topo,0.5,0.5,64,64,0.2,0.1,0.1,0.1,"degree,closeness",0.2201932668685913
val,grasec_data_61_22,1,0.6840237021446228,1,grasec,43,graph_topo,0.5,0.5,64,64,0.2,0.1,0.1,0.1,"degree,closeness",0.2201932668685913
val,grasec_data_57_66,0,0.21160316616296768,0,grasec,43,graph_topo,0.5,0.5,64,64,0.2,0.1,0.1,0.1,"degree,closeness",0.2201932668685913
val,grasec_data_19_35,1,0.9960977792739868,1,grasec,43,graph_topo,0.5,0.5,64,64,0.2,0.1,0.1,0.1,"degree,closeness",0.2201932668685913
val,grasec_data_42_44,1,0.22808494567871093,1,grasec,43,graph_topo,0.5,0.5,64,64,0.2,0.1,0.1,0.1,"degree,closeness",0.2201932668685913
val,grasec_data_32_84,1,0.3242949306964874,1,grasec,43,graph_topo,0.5,0.5,64,64,0.2,0.1,0.1,0.1,"degree,closeness",0.2201932668685913
val,grasec_data_19_74,1,1.0357549905776977,1,grasec,43,graph_topo,0.5,0.5,64,64,0.2,0.1,0.1,0.1,"degree,closeness",0.2201932668685913
val,grasec_data_42_31,1,0.3463515043258667,1,grasec,43,graph_topo,0.5,0.5,64,64,0.2,0.1,0.1,0.1,"degree,closeness",0.2201932668685913
val,grasec_data_61_83,1,0.7098516225814819,1,grasec,43,graph_topo,0.5,0.5,64,64,0.2,0.1,0.1,0.1,"degree,closeness",0.2201932668685913
val,grasec_data_32_76,1,0.37010772824287413,1,grasec,43,graph_topo,0.5,0.5,64,64,0.2,0.1,0.1,0.1,"degree,closeness",0.2201932668685913
val,grasec_data_57_51,0,0.5227224171161652,1,grasec,43,graph_topo,0.5,0.5,64,64,0.2,0.1,0.1,0.1,"degree,closeness",0.2201932668685913
val,grasec_data_57_57,0,0.7061293721199036,1,grasec,43,graph_topo,0.5,0.5,64,64,0.2,0.1,0.1,0.1,"degree,closeness",0.2201932668685913
val,grasec_data_46_33,0,0.5430061489343643,1,grasec,43,graph_topo,0.5,0.5,64,64,0.2,0.1,0.1,0.1,"degree,closeness",0.2201932668685913
val,grasec_data_47_12,0,0.21230158805847169,0,grasec,43,graph_topo,0.5,0.5,64,64,0.2,0.1,0.1,0.1,"degree,closeness",0.2201932668685913
val,grasec_data_57_48,0,0.524422287940979,1,grasec,43,graph_topo,0.5,0.5,64,64,0.2,0.1,0.1,0.1,"degree,closeness",0.2201932668685913
val,grasec_data_42_28,1,0.2843253195285797,1,grasec,43,graph_topo,0.5,0.5,64,64,0.2,0.1,0.1,0.1,"degree,closeness",0.2201932668685913
val,grasec_data_32_4,1,1.0902691721916198,1,grasec,43,graph_topo,0.5,0.5,64,64,0.2,0.1,0.1,0.1,"degree,closeness",0.2201932668685913
val,grasec_data_19_60,1,1.0132313013076781,1,grasec,43,graph_topo,0.5,0.5,64,64,0.2,0.1,0.1,0.1,"degree,closeness",0.2201932668685913
val,grasec_data_19_5,1,1.0181584358215332,1,grasec,43,graph_topo,0.5,0.5,64,64,0.2,0.1,0.1,0.1,"degree,closeness",0.2201932668685913
val,grasec_data_35_33,0,0.20293542817234994,0,grasec,43,graph_topo,0.5,0.5,64,64,0.2,0.1,0.1,0.1,"degree,closeness",0.2201932668685913
val,grasec_data_19_10,1,0.9779702663421631,1,grasec,43,graph_topo,0.5,0.5,64,64,0.2,0.1,0.1,0.1,"degree,closeness",0.2201932668685913
val,grasec_data_57_2,0,0.2735830366611481,1,grasec,43,graph_topo,0.5,0.5,64,64,0.2,0.1,0.1,0.1,"degree,closeness",0.2201932668685913
val,grasec_data_32_41,1,0.3994204640388489,1,grasec,43,graph_topo,0.5,0.5,64,64,0.2,0.1,0.1,0.1,"degree,closeness",0.2201932668685913
val,grasec_data_47_9,0,0.636892306804657,1,grasec,43,graph_topo,0.5,0.5,64,64,0.2,0.1,0.1,0.1,"degree,closeness",0.2201932668685913
val,grasec_data_46_29,0,0.5600854575634002,1,grasec,43,graph_topo,0.5,0.5,64,64,0.2,0.1,0.1,0.1,"degree,closeness",0.2201932668685913
val,grasec_data_19_25,1,1.0103796362876891,1,grasec,43,graph_topo,0.5,0.5,64,64,0.2,0.1,0.1,0.1,"degree,closeness",0.2201932668685913
val,grasec_data_57_20,0,0.8171614646911621,1,grasec,43,graph_topo,0.5,0.5,64,64,0.2,0.1,0.1,0.1,"degree,closeness",0.2201932668685913
val,grasec_data_47_77,0,0.6420903503894806,1,grasec,43,graph_topo,0.5,0.5,64,64,0.2,0.1,0.1,0.1,"degree,closeness",0.2201932668685913
val,grasec_data_57_71,0,0.3766454041004181,1,grasec,43,graph_topo,0.5,0.5,64,64,0.2,0.1,0.1,0.1,"degree,closeness",0.2201932668685913
val,grasec_data_42_29,1,0.4591116428375244,1,grasec,43,graph_topo,0.5,0.5,64,64,0.2,0.1,0.1,0.1,"degree,closeness",0.2201932668685913
val,grasec_data_57_55,0,0.6676364183425904,1,grasec,43,graph_topo,0.5,0.5,64,64,0.2,0.1,0.1,0.1,"degree,closeness",0.2201932668685913
val,grasec_data_32_62,1,0.6467679500579834,1,grasec,43,graph_topo,0.5,0.5,64,64,0.2,0.1,0.1,0.1,"degree,closeness",0.2201932668685913
val,grasec_data_47_22,0,0.6687236428260803,1,grasec,43,graph_topo,0.5,0.5,64,64,0.2,0.1,0.1,0.1,"degree,closeness",0.2201932668685913
val,grasec_data_57_49,0,0.39769419133663175,1,grasec,43,graph_topo,0.5,0.5,64,64,0.2,0.1,0.1,0.1,"degree,closeness",0.2201932668685913
val,grasec_data_57_11,0,0.856574547290802,1,grasec,43,graph_topo,0.5,0.5,64,64,0.2,0.1,0.1,0.1,"degree,closeness",0.2201932668685913
val,grasec_data_42_42,1,0.5083819210529328,1,grasec,43,graph_topo,0.5,0.5,64,64,0.2,0.1,0.1,0.1,"degree,closeness",0.2201932668685913
val,grasec_data_57_43,0,0.599295711517334,1,grasec,43,graph_topo,0.5,0.5,64,64,0.2,0.1,0.1,0.1,"degree,closeness",0.2201932668685913
val,grasec_data_32_85,1,0.4358536958694458,1,grasec,43,graph_topo,0.5,0.5,64,64,0.2,0.1,0.1,0.1,"degree,closeness",0.2201932668685913
val,grasec_data_57_30,0,0.6090363144874573,1,grasec,43,graph_topo,0.5,0.5,64,64,0.2,0.1,0.1,0.1,"degree,closeness",0.2201932668685913
val,grasec_data_57_80,0,0.6027961254119873,1,grasec,43,graph_topo,0.5,0.5,64,64,0.2,0.1,0.1,0.1,"degree,closeness",0.2201932668685913
val,grasec_data_57_21,0,0.5787707149982453,1,grasec,43,graph_topo,0.5,0.5,64,64,0.2,0.1,0.1,0.1,"degree,closeness",0.2201932668685913
val,grasec_data_61_40,1,0.7754482984542846,1,grasec,43,graph_topo,0.5,0.5,64,64,0.2,0.1,0.1,0.1,"degree,closeness",0.2201932668685913
val,grasec_data_57_70,0,0.3571964383125305,1,grasec,43,graph_topo,0.5,0.5,64,64,0.2,0.1,0.1,0.1,"degree,closeness",0.2201932668685913
val,grasec_data_46_30,0,0.5523087441921234,1,grasec,43,graph_topo,0.5,0.5,64,64,0.2,0.1,0.1,0.1,"degree,closeness",0.2201932668685913
val,grasec_data_57_45,0,0.5812502443790436,1,grasec,43,graph_topo,0.5,0.5,64,64,0.2,0.1,0.1,0.1,"degree,closeness",0.2201932668685913
val,grasec_data_19_71,1,0.992778193950653,1,grasec,43,graph_topo,0.5,0.5,64,64,0.2,0.1,0.1,0.1,"degree,closeness",0.2201932668685913
val,grasec_data_61_21,1,0.6597031950950623,1,grasec,43,graph_topo,0.5,0.5,64,64,0.2,0.1,0.1,0.1,"degree,closeness",0.2201932668685913
val,grasec_data_35_35,0,0.35787365436553953,1,grasec,43,graph_topo,0.5,0.5,64,64,0.2,0.1,0.1,0.1,"degree,closeness",0.2201932668685913
val,grasec_data_19_14,1,0.9703155398368836,1,grasec,43,graph_topo,0.5,0.5,64,64,0.2,0.1,0.1,0.1,"degree,closeness",0.2201932668685913
val,grasec_data_42_30,1,0.251360884308815,1,grasec,43,graph_topo,0.5,0.5,64,64,0.2,0.1,0.1,0.1,"degree,closeness",0.2201932668685913
val,grasec_data_57_75,0,0.5182655632495881,1,grasec,43,graph_topo,0.5,0.5,64,64,0.2,0.1,0.1,0.1,"degree,closeness",0.2201932668685913
val,grasec_data_57_24,0,0.43503677248954775,1,grasec,43,graph_topo,0.5,0.5,64,64,0.2,0.1,0.1,0.1,"degree,closeness",0.2201932668685913
val,grasec_data_19_36,1,1.023348343372345,1,grasec,43,graph_topo,0.5,0.5,64,64,0.2,0.1,0.1,0.1,"degree,closeness",0.2201932668685913
val,grasec_data_57_18,0,0.6464883089065552,1,grasec,43,graph_topo,0.5,0.5,64,64,0.2,0.1,0.1,0.1,"degree,closeness",0.2201932668685913
val,grasec_data_42_54,1,0.5948532938957214,1,grasec,43,graph_topo,0.5,0.5,64,64,0.2,0.1,0.1,0.1,"degree,closeness",0.2201932668685913
val,grasec_data_47_76,0,0.192031067609787,0,grasec,43,graph_topo,0.5,0.5,64,64,0.2,0.1,0.1,0.1,"degree,closeness",0.2201932668685913
val,grasec_data_47_80,0,0.516482013463974,1,grasec,43,graph_topo,0.5,0.5,64,64,0.2,0.1,0.1,0.1,"degree,closeness",0.2201932668685913
val,grasec_data_57_5,0,0.16668861657381057,0,grasec,43,graph_topo,0.5,0.5,64,64,0.2,0.1,0.1,0.1,"degree,closeness",0.2201932668685913
val,grasec_data_32_38,1,0.581950181722641,1,grasec,43,graph_topo,0.5,0.5,64,64,0.2,0.1,0.1,0.1,"degree,closeness",0.2201932668685913
val,grasec_data_19_23,1,0.9408834934234619,1,grasec,43,graph_topo,0.5,0.5,64,64,0.2,0.1,0.1,0.1,"degree,closeness",0.2201932668685913
val,grasec_data_42_88,1,0.7190180420875549,1,grasec,43,graph_topo,0.5,0.5,64,64,0.2,0.1,0.1,0.1,"degree,closeness",0.2201932668685913
val,grasec_data_57_67,0,0.5159335374832154,1,grasec,43,graph_topo,0.5,0.5,64,64,0.2,0.1,0.1,0.1,"degree,closeness",0.2201932668685913
val,grasec_data_19_42,1,1.0083558082580566,1,grasec,43,graph_topo,0.5,0.5,64,64,0.2,0.1,0.1,0.1,"degree,closeness",0.2201932668685913
val,grasec_data_19_32,1,1.0272298097610473,1,grasec,43,graph_topo,0.5,0.5,64,64,0.2,0.1,0.1,0.1,"degree,closeness",0.2201932668685913
val,grasec_data_42_25,1,0.5821356177330017,1,grasec,43,graph_topo,0.5,0.5,64,64,0.2,0.1,0.1,0.1,"degree,closeness",0.2201932668685913
val,grasec_data_61_41,1,0.8193141222000122,1,grasec,43,graph_topo,0.5,0.5,64,64,0.2,0.1,0.1,0.1,"degree,closeness",0.2201932668685913
val,grasec_data_32_35,1,0.6967505216598511,1,grasec,43,graph_topo,0.5,0.5,64,64,0.2,0.1,0.1,0.1,"degree,closeness",0.2201932668685913
val,grasec_data_57_31,0,0.5008977711200714,1,grasec,43,graph_topo,0.5,0.5,64,64,0.2,0.1,0.1,0.1,"degree,closeness",0.2201932668685913
val,grasec_data_57_46,0,0.5095982909202575,1,grasec,43,graph_topo,0.5,0.5,64,64,0.2,0.1,0.1,0.1,"degree,closeness",0.2201932668685913
val,grasec_data_32_96,1,0.34147943258285524,1,grasec,43,graph_topo,0.5,0.5,64,64,0.2,0.1,0.1,0.1,"degree,closeness",0.2201932668685913
val,grasec_data_42_78,1,0.7369756698608398,1,grasec,43,graph_topo,0.5,0.5,64,64,0.2,0.1,0.1,0.1,"degree,closeness",0.2201932668685913
val,grasec_data_57_13,0,0.24658420085906982,1,grasec,43,graph_topo,0.5,0.5,64,64,0.2,0.1,0.1,0.1,"degree,closeness",0.2201932668685913
val,grasec_data_47_78,0,0.43330994844436643,1,grasec,43,graph_topo,0.5,0.5,64,64,0.2,0.1,0.1,0.1,"degree,closeness",0.2201932668685913
val,grasec_data_57_16,0,0.4051804780960083,1,grasec,43,graph_topo,0.5,0.5,64,64,0.2,0.1,0.1,0.1,"degree,closeness",0.2201932668685913
val,grasec_data_32_74,1,0.4643233597278595,1,grasec,43,graph_topo,0.5,0.5,64,64,0.2,0.1,0.1,0.1,"degree,closeness",0.2201932668685913
val,grasec_data_57_47,0,0.845929992198944,1,grasec,43,graph_topo,0.5,0.5,64,64,0.2,0.1,0.1,0.1,"degree,closeness",0.2201932668685913
val,grasec_data_19_17,1,0.9532964944839477,1,grasec,43,graph_topo,0.5,0.5,64,64,0.2,0.1,0.1,0.1,"degree,closeness",0.2201932668685913
val,grasec_data_42_37,1,0.2938771903514862,1,grasec,43,graph_topo,0.5,0.5,64,64,0.2,0.1,0.1,0.1,"degree,closeness",0.2201932668685913
val,grasec_data_57_9,0,0.3606843501329422,1,grasec,43,graph_topo,0.5,0.5,64,64,0.2,0.1,0.1,0.1,"degree,closeness",0.2201932668685913
val,grasec_data_19_26,1,0.9533728122711181,1,grasec,43,graph_topo,0.5,0.5,64,64,0.2,0.1,0.1,0.1,"degree,closeness",0.2201932668685913
val,grasec_data_61_65,1,0.726104474067688,1,grasec,43,graph_topo,0.5,0.5,64,64,0.2,0.1,0.1,0.1,"degree,closeness",0.2201932668685913
val,grasec_data_47_8,0,0.5573058247566223,1,grasec,43,graph_topo,0.5,0.5,64,64,0.2,0.1,0.1,0.1,"degree,closeness",0.2201932668685913
val,grasec_data_19_86,1,1.0409411430358886,1,grasec,43,graph_topo,0.5,0.5,64,64,0.2,0.1,0.1,0.1,"degree,closeness",0.2201932668685913
val,grasec_data_19_24,1,0.9611326575279235,1,grasec,43,graph_topo,0.5,0.5,64,64,0.2,0.1,0.1,0.1,"degree,closeness",0.2201932668685913
val,grasec_data_19_58,1,0.9453852534294128,1,grasec,43,graph_topo,0.5,0.5,64,64,0.2,0.1,0.1,0.1,"degree,closeness",0.2201932668685913
val,grasec_data_42_21,1,0.5516836822032929,1,grasec,43,graph_topo,0.5,0.5,64,64,0.2,0.1,0.1,0.1,"degree,closeness",0.2201932668685913
val,grasec_data_19_91,1,0.9740821719169617,1,grasec,43,graph_topo,0.5,0.5,64,64,0.2,0.1,0.1,0.1,"degree,closeness",0.2201932668685913
val,grasec_data_61_84,1,0.5997440874576568,1,grasec,43,graph_topo,0.5,0.5,64,64,0.2,0.1,0.1,0.1,"degree,closeness",0.2201932668685913
val,grasec_data_57_25,0,0.4974813461303711,1,grasec,43,graph_topo,0.5,0.5,64,64,0.2,0.1,0.1,0.1,"degree,closeness",0.2201932668685913
test,grasec_data_32_25,0,0.49420287609100344,1,grasec,43,graph_topo,0.5,0.5,64,64,0.2,0.1,0.1,0.1,"degree,closeness",0.2201932668685913
test,grasec_data_42_97,1,0.6452914237976074,1,grasec,43,graph_topo,0.5,0.5,64,64,0.2,0.1,0.1,0.1,"degree,closeness",0.2201932668685913
test,grasec_data_61_88,1,0.6324997544288635,1,grasec,43,graph_topo,0.5,0.5,64,64,0.2,0.1,0.1,0.1,"degree,closeness",0.2201932668685913
test,grasec_data_61_25,0,0.44563831984996793,1,grasec,43,graph_topo,0.5,0.5,64,64,0.2,0.1,0.1,0.1,"degree,closeness",0.2201932668685913
test,grasec_data_61_26,0,0.4949301302433014,1,grasec,43,graph_topo,0.5,0.5,64,64,0.2,0.1,0.1,0.1,"degree,closeness",0.2201932668685913
test,grasec_data_32_99,0,0.23097944408655166,1,grasec,43,graph_topo,0.5,0.5,64,64,0.2,0.1,0.1,0.1,"degree,closeness",0.2201932668685913
test,grasec_data_42_20,1,0.5612463593482971,1,grasec,43,graph_topo,0.5,0.5,64,64,0.2,0.1,0.1,0.1,"degree,closeness",0.2201932668685913
test,grasec_data_42_8,0,0.2376552253961563,1,grasec,43,graph_topo,0.5,0.5,64,64,0.2,0.1,0.1,0.1,"degree,closeness",0.2201932668685913
test,grasec_data_19_82,0,0.4498558223247528,1,grasec,43,graph_topo,0.5,0.5,64,64,0.2,0.1,0.1,0.1,"degree,closeness",0.2201932668685913
test,grasec_data_32_26,0,0.46580308824777605,1,grasec,43,graph_topo,0.5,0.5,64,64,0.2,0.1,0.1,0.1,"degree,closeness",0.2201932668685913
test,grasec_data_32_28,0,0.40654551386833193,1,grasec,43,graph_topo,0.5,0.5,64,64,0.2,0.1,0.1,0.1,"degree,closeness",0.2201932668685913
test,grasec_data_42_74,1,0.6365910172462463,1,grasec,43,graph_topo,0.5,0.5,64,64,0.2,0.1,0.1,0.1,"degree,closeness",0.2201932668685913
test,grasec_data_61_93,1,0.7385455965995789,1,grasec,43,graph_topo,0.5,0.5,64,64,0.2,0.1,0.1,0.1,"degree,closeness",0.2201932668685913
test,grasec_data_42_12,0,0.44213112592697146,1,grasec,43,graph_topo,0.5,0.5,64,64,0.2,0.1,0.1,0.1,"degree,closeness",0.2201932668685913
test,grasec_data_32_47,0,0.47908821105957033,1,grasec,43,graph_topo,0.5,0.5,64,64,0.2,0.1,0.1,0.1,"degree,closeness",0.2201932668685913
test,grasec_data_61_66,1,0.6914530277252198,1,grasec,43,graph_topo,0.5,0.5,64,64,0.2,0.1,0.1,0.1,"degree,closeness",0.2201932668685913
test,grasec_data_19_87,1,0.9575281023979187,1,grasec,43,graph_topo,0.5,0.5,64,64,0.2,0.1,0.1,0.1,"degree,closeness",0.2201932668685913
test,grasec_data_61_4,1,0.6773909807205201,1,grasec,43,graph_topo,0.5,0.5,64,64,0.2,0.1,0.1,0.1,"degree,closeness",0.2201932668685913
test,grasec_data_61_78,1,0.762727952003479,1,grasec,43,graph_topo,0.5,0.5,64,64,0.2,0.1,0.1,0.1,"degree,closeness",0.2201932668685913
test,grasec_data_32_68,1,0.20507532805204393,0,grasec,43,graph_topo,0.5,0.5,64,64,0.2,0.1,0.1,0.1,"degree,closeness",0.2201932668685913
test,grasec_data_32_100,0,0.2956527382135391,1,grasec,43,graph_topo,0.5,0.5,64,64,0.2,0.1,0.1,0.1,"degree,closeness",0.2201932668685913
test,grasec_data_42_43,1,0.32031531929969786,1,grasec,43,graph_topo,0.5,0.5,64,64,0.2,0.1,0.1,0.1,"degree,closeness",0.2201932668685913
test,grasec_data_19_49,1,1.009907865524292,1,grasec,43,graph_topo,0.5,0.5,64,64,0.2,0.1,0.1,0.1,"degree,closeness",0.2201932668685913
test,grasec_data_19_85,1,1.1119938254356385,1,grasec,43,graph_topo,0.5,0.5,64,64,0.2,0.1,0.1,0.1,"degree,closeness",0.2201932668685913
test,grasec_data_61_24,0,0.5873554348945618,1,grasec,43,graph_topo,0.5,0.5,64,64,0.2,0.1,0.1,0.1,"degree,closeness",0.2201932668685913
test,grasec_data_61_12,1,0.6687025427818298,1,grasec,43,graph_topo,0.5,0.5,64,64,0.2,0.1,0.1,0.1,"degree,closeness",0.2201932668685913
test,grasec_data_32_29,0,0.31286433935165403,1,grasec,43,graph_topo,0.5,0.5,64,64,0.2,0.1,0.1,0.1,"degree,closeness",0.2201932668685913
test,grasec_data_61_27,0,0.23166754990816116,1,grasec,43,graph_topo,0.5,0.5,64,64,0.2,0.1,0.1,0.1,"degree,closeness",0.2201932668685913
test,grasec_data_19_75,1,1.0362613677978516,1,grasec,43,graph_topo,0.5,0.5,64,64,0.2,0.1,0.1,0.1,"degree,closeness",0.2201932668685913
test,grasec_data_61_23,0,0.3745872795581818,1,grasec,43,graph_topo,0.5,0.5,64,64,0.2,0.1,0.1,0.1,"degree,closeness",0.2201932668685913
test,grasec_data_42_13,0,0.5454942107200622,1,grasec,43,graph_topo,0.5,0.5,64,64,0.2,0.1,0.1,0.1,"degree,closeness",0.2201932668685913
test,grasec_data_32_34,0,0.21418069452047347,0,grasec,43,graph_topo,0.5,0.5,64,64,0.2,0.1,0.1,0.1,"degree,closeness",0.2201932668685913
test,grasec_data_61_57,1,0.6972200632095337,1,grasec,43,graph_topo,0.5,0.5,64,64,0.2,0.1,0.1,0.1,"degree,closeness",0.2201932668685913
test,grasec_data_19_83,0,0.24243735373020173,1,grasec,43,graph_topo,0.5,0.5,64,64,0.2,0.1,0.1,0.1,"degree,closeness",0.2201932668685913
test,grasec_data_42_65,1,0.4819616138935089,1,grasec,43,graph_topo,0.5,0.5,64,64,0.2,0.1,0.1,0.1,"degree,closeness",0.2201932668685913
test,grasec_data_61_67,1,0.7707547187805176,1,grasec,43,graph_topo,0.5,0.5,64,64,0.2,0.1,0.1,0.1,"degree,closeness",0.2201932668685913
test,grasec_data_42_11,0,0.8493755102157593,1,grasec,43,graph_topo,0.5,0.5,64,64,0.2,0.1,0.1,0.1,"degree,closeness",0.2201932668685913
test,grasec_data_42_92,1,0.5998264431953431,1,grasec,43,graph_topo,0.5,0.5,64,64,0.2,0.1,0.1,0.1,"degree,closeness",0.2201932668685913
test,grasec_data_42_9,0,0.6185164332389832,1,grasec,43,graph_topo,0.5,0.5,64,64,0.2,0.1,0.1,0.1,"degree,closeness",0.2201932668685913
test,grasec_data_32_19,1,1.2176952123641969,1,grasec,43,graph_topo,0.5,0.5,64,64,0.2,0.1,0.1,0.1,"degree,closeness",0.2201932668685913
test,grasec_data_61_15,1,0.7628003239631653,1,grasec,43,graph_topo,0.5,0.5,64,64,0.2,0.1,0.1,0.1,"degree,closeness",0.2201932668685913
test,grasec_data_32_27,0,0.44276570677757265,1,grasec,43,graph_topo,0.5,0.5,64,64,0.2,0.1,0.1,0.1,"degree,closeness",0.2201932668685913
test,grasec_data_42_10,0,0.3692067563533783,1,grasec,43,graph_topo,0.5,0.5,64,64,0.2,0.1,0.1,0.1,"degree,closeness",0.2201932668685913
test,grasec_data_61_29,1,0.805004894733429,1,grasec,43,graph_topo,0.5,0.5,64,64,0.2,0.1,0.1,0.1,"degree,closeness",0.2201932668685913
val,streamspot_435,0,0.025599174946546555,0,streamspot,44,graph_topo,0.5,0.5,64,64,0.2,0.1,0.1,0.1,"degree,closeness",0.30513599216938014
val,streamspot_387,1,0.3257886588573456,1,streamspot,44,graph_topo,0.5,0.5,64,64,0.2,0.1,0.1,0.1,"degree,closeness",0.30513599216938014
val,streamspot_160,0,0.03482488095760346,0,streamspot,44,graph_topo,0.5,0.5,64,64,0.2,0.1,0.1,0.1,"degree,closeness",0.30513599216938014
val,streamspot_505,0,0.3168997347354889,1,streamspot,44,graph_topo,0.5,0.5,64,64,0.2,0.1,0.1,0.1,"degree,closeness",0.30513599216938014
val,streamspot_541,0,0.3810577392578125,1,streamspot,44,graph_topo,0.5,0.5,64,64,0.2,0.1,0.1,0.1,"degree,closeness",0.30513599216938014
val,streamspot_50,0,0.10927429646253586,0,streamspot,44,graph_topo,0.5,0.5,64,64,0.2,0.1,0.1,0.1,"degree,closeness",0.30513599216938014
val,streamspot_321,1,0.3295508027076721,1,streamspot,44,graph_topo,0.5,0.5,64,64,0.2,0.1,0.1,0.1,"degree,closeness",0.30513599216938014
val,streamspot_383,1,0.32986574769020083,1,streamspot,44,graph_topo,0.5,0.5,64,64,0.2,0.1,0.1,0.1,"degree,closeness",0.30513599216938014
val,streamspot_372,1,0.32407626509666443,1,streamspot,44,graph_topo,0.5,0.5,64,64,0.2,0.1,0.1,0.1,"degree,closeness",0.30513599216938014
val,streamspot_335,1,0.30675253868103025,1,streamspot,44,graph_topo,0.5,0.5,64,64,0.2,0.1,0.1,0.1,"degree,closeness",0.30513599216938014
val,streamspot_287,0,0.03534548692405224,0,streamspot,44,graph_topo,0.5,0.5,64,64,0.2,0.1,0.1,0.1,"degree,closeness",0.30513599216938014
val,streamspot_469,0,0.040894384309649465,0,streamspot,44,graph_topo,0.5,0.5,64,64,0.2,0.1,0.1,0.1,"degree,closeness",0.30513599216938014
val,streamspot_326,1,0.33219215273857117,1,streamspot,44,graph_topo,0.5,0.5,64,64,0.2,0.1,0.1,0.1,"degree,closeness",0.30513599216938014
val,streamspot_35,0,0.04325481429696083,0,streamspot,44,graph_topo,0.5,0.5,64,64,0.2,0.1,0.1,0.1,"degree,closeness",0.30513599216938014
val,streamspot_256,0,0.1042374063283205,0,streamspot,44,graph_topo,0.5,0.5,64,64,0.2,0.1,0.1,0.1,"degree,closeness",0.30513599216938014
val,streamspot_558,0,0.16166626214981078,0,streamspot,44,graph_topo,0.5,0.5,64,64,0.2,0.1,0.1,0.1,"degree,closeness",0.30513599216938014
val,streamspot_388,1,0.5804285407066345,1,streamspot,44,graph_topo,0.5,0.5,64,64,0.2,0.1,0.1,0.1,"degree,closeness",0.30513599216938014
val,streamspot_180,0,0.019303343445062637,0,streamspot,44,graph_topo,0.5,0.5,64,64,0.2,0.1,0.1,0.1,"degree,closeness",0.30513599216938014
val,streamspot_352,1,0.733520758152008,1,streamspot,44,graph_topo,0.5,0.5,64,64,0.2,0.1,0.1,0.1,"degree,closeness",0.30513599216938014
val,streamspot_327,1,0.32976946234703064,1,streamspot,44,graph_topo,0.5,0.5,64,64,0.2,0.1,0.1,0.1,"degree,closeness",0.30513599216938014
val,streamspot_353,1,0.33739569783210754,1,streamspot,44,graph_topo,0.5,0.5,64,64,0.2,0.1,0.1,0.1,"degree,closeness",0.30513599216938014
val,streamspot_373,1,0.32817825078964236,1,streamspot,44,graph_topo,0.5,0.5,64,64,0.2,0.1,0.1,0.1,"degree,closeness",0.30513599216938014
val,streamspot_577,0,0.42081194519996645,1,streamspot,44,graph_topo,0.5,0.5,64,64,0.2,0.1,0.1,0.1,"degree,closeness",0.30513599216938014
val,streamspot_379,1,0.32956684231758115,1,streamspot,44,graph_topo,0.5,0.5,64,64,0.2,0.1,0.1,0.1,"degree,closeness",0.30513599216938014
val,streamspot_177,0,0.046333077177405355,0,streamspot,44,graph_topo,0.5,0.5,64,64,0.2,0.1,0.1,0.1,"degree,closeness",0.30513599216938014
val,streamspot_362,1,0.3295194208621979,1,streamspot,44,graph_topo,0.5,0.5,64,64,0.2,0.1,0.1,0.1,"degree,closeness",0.30513599216938014
val,streamspot_292,0,0.17274225354194642,0,streamspot,44,graph_topo,0.5,0.5,64,64,0.2,0.1,0.1,0.1,"degree,closeness",0.30513599216938014
val,streamspot_384,1,0.32075339555740356,1,streamspot,44,graph_topo,0.5,0.5,64,64,0.2,0.1,0.1,0.1,"degree,closeness",0.30513599216938014
val,streamspot_394,1,0.346915066242218,1,streamspot,44,graph_topo,0.5,0.5,64,64,0.2,0.1,0.1,0.1,"degree,closeness",0.30513599216938014
val,streamspot_42,0,0.019812501221895217,0,streamspot,44,graph_topo,0.5,0.5,64,64,0.2,0.1,0.1,0.1,"degree,closeness",0.30513599216938014
val,streamspot_318,1,0.44511762261390686,1,streamspot,44,graph_topo,0.5,0.5,64,64,0.2,0.1,0.1,0.1,"degree,closeness",0.30513599216938014
val,streamspot_316,1,0.3449635148048401,1,streamspot,44,graph_topo,0.5,0.5,64,64,0.2,0.1,0.1,0.1,"degree,closeness",0.30513599216938014
val,streamspot_280,0,0.2657662212848663,0,streamspot,44,graph_topo,0.5,0.5,64,64,0.2,0.1,0.1,0.1,"degree,closeness",0.30513599216938014
val,streamspot_365,1,0.3370539367198944,1,streamspot,44,graph_topo,0.5,0.5,64,64,0.2,0.1,0.1,0.1,"degree,closeness",0.30513599216938014
val,streamspot_300,1,0.3645146727561951,1,streamspot,44,graph_topo,0.5,0.5,64,64,0.2,0.1,0.1,0.1,"degree,closeness",0.30513599216938014
val,streamspot_29,0,0.3035194456577301,0,streamspot,44,graph_topo,0.5,0.5,64,64,0.2,0.1,0.1,0.1,"degree,closeness",0.30513599216938014
val,streamspot_129,0,0.16134890913963318,0,streamspot,44,graph_topo,0.5,0.5,64,64,0.2,0.1,0.1,0.1,"degree,closeness",0.30513599216938014
val,streamspot_340,1,0.3406100690364838,1,streamspot,44,graph_topo,0.5,0.5,64,64,0.2,0.1,0.1,0.1,"degree,closeness",0.30513599216938014
val,streamspot_33,0,0.0947531633079052,0,streamspot,44,graph_topo,0.5,0.5,64,64,0.2,0.1,0.1,0.1,"degree,closeness",0.30513599216938014
val,streamspot_527,0,0.5310007691383362,1,streamspot,44,graph_topo,0.5,0.5,64,64,0.2,0.1,0.1,0.1,"degree,closeness",0.30513599216938014
test,streamspot_246,0,0.07603205218911172,0,streamspot,44,graph_topo,0.5,0.5,64,64,0.2,0.1,0.1,0.1,"degree,closeness",0.30513599216938014
test,streamspot_395,1,0.32713220715522767,1,streamspot,44,graph_topo,0.5,0.5,64,64,0.2,0.1,0.1,0.1,"degree,closeness",0.30513599216938014
test,streamspot_378,1,0.34713215827941896,1,streamspot,44,graph_topo,0.5,0.5,64,64,0.2,0.1,0.1,0.1,"degree,closeness",0.30513599216938014
test,streamspot_367,1,0.327145391702652,1,streamspot,44,graph_topo,0.5,0.5,64,64,0.2,0.1,0.1,0.1,"degree,closeness",0.30513599216938014
test,streamspot_408,0,0.014645923674106599,0,streamspot,44,graph_topo,0.5,0.5,64,64,0.2,0.1,0.1,0.1,"degree,closeness",0.30513599216938014
test,streamspot_312,1,0.34251824021339417,1,streamspot,44,graph_topo,0.5,0.5,64,64,0.2,0.1,0.1,0.1,"degree,closeness",0.30513599216938014
test,streamspot_71,0,0.1807148724794388,0,streamspot,44,graph_topo,0.5,0.5,64,64,0.2,0.1,0.1,0.1,"degree,closeness",0.30513599216938014
test,streamspot_302,1,0.35397304892539977,1,streamspot,44,graph_topo,0.5,0.5,64,64,0.2,0.1,0.1,0.1,"degree,closeness",0.30513599216938014
test,streamspot_344,1,0.3201724052429199,1,streamspot,44,graph_topo,0.5,0.5,64,64,0.2,0.1,0.1,0.1,"degree,closeness",0.30513599216938014
test,streamspot_399,1,0.3210418224334717,1,streamspot,44,graph_topo,0.5,0.5,64,64,0.2,0.1,0.1,0.1,"degree,closeness",0.30513599216938014
test,streamspot_493,0,0.12746885865926744,0,streamspot,44,graph_topo,0.5,0.5,64,64,0.2,0.1,0.1,0.1,"degree,closeness",0.30513599216938014
test,streamspot_393,1,0.36051948070526124,1,streamspot,44,graph_topo,0.5,0.5,64,64,0.2,0.1,0.1,0.1,"degree,closeness",0.30513599216938014
test,streamspot_444,0,0.0613185316324234,0,streamspot,44,graph_topo,0.5,0.5,64,64,0.2,0.1,0.1,0.1,"degree,closeness",0.30513599216938014
test,streamspot_162,0,0.03514627888798714,0,streamspot,44,graph_topo,0.5,0.5,64,64,0.2,0.1,0.1,0.1,"degree,closeness",0.30513599216938014
test,streamspot_339,1,0.7366312503814697,1,streamspot,44,graph_topo,0.5,0.5,64,64,0.2,0.1,0.1,0.1,"degree,closeness",0.30513599216938014
test,streamspot_110,0,0.06265800967812538,0,streamspot,44,graph_topo,0.5,0.5,64,64,0.2,0.1,0.1,0.1,"degree,closeness",0.30513599216938014
test,streamspot_497,0,0.21694861203432084,0,streamspot,44,graph_topo,0.5,0.5,64,64,0.2,0.1,0.1,0.1,"degree,closeness",0.30513599216938014
test,streamspot_236,0,0.6294743299484253,1,streamspot,44,graph_topo,0.5,0.5,64,64,0.2,0.1,0.1,0.1,"degree,closeness",0.30513599216938014
test,streamspot_455,0,0.2281187504529953,0,streamspot,44,graph_topo,0.5,0.5,64,64,0.2,0.1,0.1,0.1,"degree,closeness",0.30513599216938014
test,streamspot_360,1,0.627965760231018,1,streamspot,44,graph_topo,0.5,0.5,64,64,0.2,0.1,0.1,0.1,"degree,closeness",0.30513599216938014
test,streamspot_317,1,0.3276358723640442,1,streamspot,44,graph_topo,0.5,0.5,64,64,0.2,0.1,0.1,0.1,"degree,closeness",0.30513599216938014
test,streamspot_238,0,0.5127712845802307,1,streamspot,44,graph_topo,0.5,0.5,64,64,0.2,0.1,0.1,0.1,"degree,closeness",0.30513599216938014
test,streamspot_350,1,0.32978502511978147,1,streamspot,44,graph_topo,0.5,0.5,64,64,0.2,0.1,0.1,0.1,"degree,closeness",0.30513599216938014
test,streamspot_368,1,0.332896888256073,1,streamspot,44,graph_topo,0.5,0.5,64,64,0.2,0.1,0.1,0.1,"degree,closeness",0.30513599216938014
test,streamspot_311,1,0.34019445180892943,1,streamspot,44,graph_topo,0.5,0.5,64,64,0.2,0.1,0.1,0.1,"degree,closeness",0.30513599216938014
test,streamspot_330,1,0.3245572566986084,1,streamspot,44,graph_topo,0.5,0.5,64,64,0.2,0.1,0.1,0.1,"degree,closeness",0.30513599216938014
test,streamspot_345,1,0.3283218502998352,1,streamspot,44,graph_topo,0.5,0.5,64,64,0.2,0.1,0.1,0.1,"degree,closeness",0.30513599216938014
test,streamspot_203,0,0.23993383049964906,0,streamspot,44,graph_topo,0.5,0.5,64,64,0.2,0.1,0.1,0.1,"degree,closeness",0.30513599216938014
test,streamspot_380,1,0.7437138557434082,1,streamspot,44,graph_topo,0.5,0.5,64,64,0.2,0.1,0.1,0.1,"degree,closeness",0.30513599216938014
test,streamspot_500,0,0.5772532939910888,1,streamspot,44,graph_topo,0.5,0.5,64,64,0.2,0.1,0.1,0.1,"degree,closeness",0.30513599216938014
test,streamspot_38,0,0.08027977347373963,0,streamspot,44,graph_topo,0.5,0.5,64,64,0.2,0.1,0.1,0.1,"degree,closeness",0.30513599216938014
test,streamspot_338,1,0.34603080749511717,1,streamspot,44,graph_topo,0.5,0.5,64,64,0.2,0.1,0.1,0.1,"degree,closeness",0.30513599216938014
test,streamspot_64,0,0.1598233848810196,0,streamspot,44,graph_topo,0.5,0.5,64,64,0.2,0.1,0.1,0.1,"degree,closeness",0.30513599216938014
test,streamspot_334,1,0.5083451449871064,1,streamspot,44,graph_topo,0.5,0.5,64,64,0.2,0.1,0.1,0.1,"degree,closeness",0.30513599216938014
test,streamspot_207,0,0.15465984791517257,0,streamspot,44,graph_topo,0.5,0.5,64,64,0.2,0.1,0.1,0.1,"degree,closeness",0.30513599216938014
test,streamspot_122,0,0.08967766016721726,0,streamspot,44,graph_topo,0.5,0.5,64,64,0.2,0.1,0.1,0.1,"degree,closeness",0.30513599216938014
test,streamspot_438,0,0.04048172943294048,0,streamspot,44,graph_topo,0.5,0.5,64,64,0.2,0.1,0.1,0.1,"degree,closeness",0.30513599216938014
test,streamspot_554,0,0.39890903830528257,1,streamspot,44,graph_topo,0.5,0.5,64,64,0.2,0.1,0.1,0.1,"degree,closeness",0.30513599216938014
test,streamspot_304,1,0.3449164152145386,1,streamspot,44,graph_topo,0.5,0.5,64,64,0.2,0.1,0.1,0.1,"degree,closeness",0.30513599216938014
test,streamspot_176,0,0.07166973426938057,0,streamspot,44,graph_topo,0.5,0.5,64,64,0.2,0.1,0.1,0.1,"degree,closeness",0.30513599216938014
test,streamspot_165,0,0.05087177231907845,0,streamspot,44,graph_topo,0.5,0.5,64,64,0.2,0.1,0.1,0.1,"degree,closeness",0.30513599216938014
test,streamspot_343,1,0.33419533371925353,1,streamspot,44,graph_topo,0.5,0.5,64,64,0.2,0.1,0.1,0.1,"degree,closeness",0.30513599216938014
test,streamspot_420,0,0.06561771631240845,0,streamspot,44,graph_topo,0.5,0.5,64,64,0.2,0.1,0.1,0.1,"degree,closeness",0.30513599216938014
test,streamspot_342,1,0.33845068216323854,1,streamspot,44,graph_topo,0.5,0.5,64,64,0.2,0.1,0.1,0.1,"degree,closeness",0.30513599216938014
test,streamspot_392,1,0.3397005915641785,1,streamspot,44,graph_topo,0.5,0.5,64,64,0.2,0.1,0.1,0.1,"degree,closeness",0.30513599216938014
test,streamspot_114,0,0.03145158346742392,0,streamspot,44,graph_topo,0.5,0.5,64,64,0.2,0.1,0.1,0.1,"degree,closeness",0.30513599216938014
test,streamspot_332,1,0.32977741956710815,1,streamspot,44,graph_topo,0.5,0.5,64,64,0.2,0.1,0.1,0.1,"degree,closeness",0.30513599216938014
test,streamspot_346,1,0.3333670675754547,1,streamspot,44,graph_topo,0.5,0.5,64,64,0.2,0.1,0.1,0.1,"degree,closeness",0.30513599216938014
test,streamspot_559,0,0.2624939739704132,0,streamspot,44,graph_topo,0.5,0.5,64,64,0.2,0.1,0.1,0.1,"degree,closeness",0.30513599216938014
test,streamspot_553,0,0.22301499545574188,0,streamspot,44,graph_topo,0.5,0.5,64,64,0.2,0.1,0.1,0.1,"degree,closeness",0.30513599216938014
test,streamspot_224,0,0.041666919738054274,0,streamspot,44,graph_topo,0.5,0.5,64,64,0.2,0.1,0.1,0.1,"degree,closeness",0.30513599216938014
test,streamspot_157,0,0.026215260103344917,0,streamspot,44,graph_topo,0.5,0.5,64,64,0.2,0.1,0.1,0.1,"degree,closeness",0.30513599216938014
test,streamspot_145,0,0.043186727538704874,0,streamspot,44,graph_topo,0.5,0.5,64,64,0.2,0.1,0.1,0.1,"degree,closeness",0.30513599216938014
test,streamspot_273,0,0.11153467148542404,0,streamspot,44,graph_topo,0.5,0.5,64,64,0.2,0.1,0.1,0.1,"degree,closeness",0.30513599216938014
test,streamspot_307,1,0.3376836836338043,1,streamspot,44,graph_topo,0.5,0.5,64,64,0.2,0.1,0.1,0.1,"degree,closeness",0.30513599216938014
test,streamspot_347,1,0.3188339710235596,1,streamspot,44,graph_topo,0.5,0.5,64,64,0.2,0.1,0.1,0.1,"degree,closeness",0.30513599216938014
test,streamspot_337,1,0.6649363040924072,1,streamspot,44,graph_topo,0.5,0.5,64,64,0.2,0.1,0.1,0.1,"degree,closeness",0.30513599216938014
test,streamspot_113,0,0.05896410346031189,0,streamspot,44,graph_topo,0.5,0.5,64,64,0.2,0.1,0.1,0.1,"degree,closeness",0.30513599216938014
test,streamspot_43,0,0.1169839233160019,0,streamspot,44,graph_topo,0.5,0.5,64,64,0.2,0.1,0.1,0.1,"degree,closeness",0.30513599216938014
test,streamspot_325,1,0.3268939971923828,1,streamspot,44,graph_topo,0.5,0.5,64,64,0.2,0.1,0.1,0.1,"degree,closeness",0.30513599216938014
test,streamspot_306,1,0.3370984196662903,1,streamspot,44,graph_topo,0.5,0.5,64,64,0.2,0.1,0.1,0.1,"degree,closeness",0.30513599216938014
test,streamspot_382,1,0.4555004477500916,1,streamspot,44,graph_topo,0.5,0.5,64,64,0.2,0.1,0.1,0.1,"degree,closeness",0.30513599216938014
test,streamspot_319,1,0.33268964290618896,1,streamspot,44,graph_topo,0.5,0.5,64,64,0.2,0.1,0.1,0.1,"degree,closeness",0.30513599216938014
test,streamspot_402,0,0.04464836623519659,0,streamspot,44,graph_topo,0.5,0.5,64,64,0.2,0.1,0.1,0.1,"degree,closeness",0.30513599216938014
test,streamspot_376,1,0.3275556802749634,1,streamspot,44,graph_topo,0.5,0.5,64,64,0.2,0.1,0.1,0.1,"degree,closeness",0.30513599216938014
test,streamspot_266,0,0.10039892569184303,0,streamspot,44,graph_topo,0.5,0.5,64,64,0.2,0.1,0.1,0.1,"degree,closeness",0.30513599216938014
test,streamspot_398,1,0.7348997712135314,1,streamspot,44,graph_topo,0.5,0.5,64,64,0.2,0.1,0.1,0.1,"degree,closeness",0.30513599216938014
test,streamspot_87,0,0.15805326998233796,0,streamspot,44,graph_topo,0.5,0.5,64,64,0.2,0.1,0.1,0.1,"degree,closeness",0.30513599216938014
test,streamspot_322,1,0.33044655323028566,1,streamspot,44,graph_topo,0.5,0.5,64,64,0.2,0.1,0.1,0.1,"degree,closeness",0.30513599216938014
test,streamspot_385,1,0.33047234416008,1,streamspot,44,graph_topo,0.5,0.5,64,64,0.2,0.1,0.1,0.1,"degree,closeness",0.30513599216938014
test,streamspot_371,1,0.3261758029460907,1,streamspot,44,graph_topo,0.5,0.5,64,64,0.2,0.1,0.1,0.1,"degree,closeness",0.30513599216938014
test,streamspot_546,0,0.31730697154998777,1,streamspot,44,graph_topo,0.5,0.5,64,64,0.2,0.1,0.1,0.1,"degree,closeness",0.30513599216938014
test,streamspot_314,1,0.7255150318145752,1,streamspot,44,graph_topo,0.5,0.5,64,64,0.2,0.1,0.1,0.1,"degree,closeness",0.30513599216938014
test,streamspot_315,1,0.33538575768470763,1,streamspot,44,graph_topo,0.5,0.5,64,64,0.2,0.1,0.1,0.1,"degree,closeness",0.30513599216938014
test,streamspot_313,1,0.33142406344413755,1,streamspot,44,graph_topo,0.5,0.5,64,64,0.2,0.1,0.1,0.1,"degree,closeness",0.30513599216938014
test,streamspot_32,0,0.1583661437034607,0,streamspot,44,graph_topo,0.5,0.5,64,64,0.2,0.1,0.1,0.1,"degree,closeness",0.30513599216938014
test,streamspot_78,0,0.09878983497619628,0,streamspot,44,graph_topo,0.5,0.5,64,64,0.2,0.1,0.1,0.1,"degree,closeness",0.30513599216938014
test,streamspot_351,1,0.3185767769813538,1,streamspot,44,graph_topo,0.5,0.5,64,64,0.2,0.1,0.1,0.1,"degree,closeness",0.30513599216938014
test,streamspot_377,1,0.5943219900131226,1,streamspot,44,graph_topo,0.5,0.5,64,64,0.2,0.1,0.1,0.1,"degree,closeness",0.30513599216938014
test,streamspot_82,0,0.1483720988035202,0,streamspot,44,graph_topo,0.5,0.5,64,64,0.2,0.1,0.1,0.1,"degree,closeness",0.30513599216938014
test,streamspot_359,1,0.688342010974884,1,streamspot,44,graph_topo,0.5,0.5,64,64,0.2,0.1,0.1,0.1,"degree,closeness",0.30513599216938014
test,streamspot_361,1,0.3430399775505066,1,streamspot,44,graph_topo,0.5,0.5,64,64,0.2,0.1,0.1,0.1,"degree,closeness",0.30513599216938014
test,streamspot_166,0,0.36507112383842466,1,streamspot,44,graph_topo,0.5,0.5,64,64,0.2,0.1,0.1,0.1,"degree,closeness",0.30513599216938014
test,streamspot_329,1,0.32358580231666567,1,streamspot,44,graph_topo,0.5,0.5,64,64,0.2,0.1,0.1,0.1,"degree,closeness",0.30513599216938014
test,streamspot_85,0,0.4417651355266571,1,streamspot,44,graph_topo,0.5,0.5,64,64,0.2,0.1,0.1,0.1,"degree,closeness",0.30513599216938014
test,streamspot_580,0,0.5039279878139495,1,streamspot,44,graph_topo,0.5,0.5,64,64,0.2,0.1,0.1,0.1,"degree,closeness",0.30513599216938014
test,streamspot_328,1,0.3278577148914337,1,streamspot,44,graph_topo,0.5,0.5,64,64,0.2,0.1,0.1,0.1,"degree,closeness",0.30513599216938014
test,streamspot_244,0,0.40546368062496185,1,streamspot,44,graph_topo,0.5,0.5,64,64,0.2,0.1,0.1,0.1,"degree,closeness",0.30513599216938014
test,streamspot_569,0,0.11843132078647614,0,streamspot,44,graph_topo,0.5,0.5,64,64,0.2,0.1,0.1,0.1,"degree,closeness",0.30513599216938014
test,streamspot_381,1,0.3277866065502167,1,streamspot,44,graph_topo,0.5,0.5,64,64,0.2,0.1,0.1,0.1,"degree,closeness",0.30513599216938014
test,streamspot_16,0,0.1392163887619972,0,streamspot,44,graph_topo,0.5,0.5,64,64,0.2,0.1,0.1,0.1,"degree,closeness",0.30513599216938014
test,streamspot_221,0,0.10387767441570758,0,streamspot,44,graph_topo,0.5,0.5,64,64,0.2,0.1,0.1,0.1,"degree,closeness",0.30513599216938014
test,streamspot_45,0,0.3400318920612335,1,streamspot,44,graph_topo,0.5,0.5,64,64,0.2,0.1,0.1,0.1,"degree,closeness",0.30513599216938014
test,streamspot_386,1,0.34125115275382994,1,streamspot,44,graph_topo,0.5,0.5,64,64,0.2,0.1,0.1,0.1,"degree,closeness",0.30513599216938014
test,streamspot_303,1,0.34340856671333314,1,streamspot,44,graph_topo,0.5,0.5,64,64,0.2,0.1,0.1,0.1,"degree,closeness",0.30513599216938014
test,streamspot_310,1,0.32876870036125183,1,streamspot,44,graph_topo,0.5,0.5,64,64,0.2,0.1,0.1,0.1,"degree,closeness",0.30513599216938014
test,streamspot_49,0,0.1276567481458187,0,streamspot,44,graph_topo,0.5,0.5,64,64,0.2,0.1,0.1,0.1,"degree,closeness",0.30513599216938014
test,streamspot_102,0,0.18420713245868683,0,streamspot,44,graph_topo,0.5,0.5,64,64,0.2,0.1,0.1,0.1,"degree,closeness",0.30513599216938014
test,streamspot_232,0,0.05045156329870224,0,streamspot,44,graph_topo,0.5,0.5,64,64,0.2,0.1,0.1,0.1,"degree,closeness",0.30513599216938014
test,streamspot_584,0,0.49420257806777956,1,streamspot,44,graph_topo,0.5,0.5,64,64,0.2,0.1,0.1,0.1,"degree,closeness",0.30513599216938014
test,streamspot_324,1,0.32869514226913454,1,streamspot,44,graph_topo,0.5,0.5,64,64,0.2,0.1,0.1,0.1,"degree,closeness",0.30513599216938014
test,streamspot_349,1,0.33793078660964965,1,streamspot,44,graph_topo,0.5,0.5,64,64,0.2,0.1,0.1,0.1,"degree,closeness",0.30513599216938014
test,streamspot_348,1,0.31851810216903687,1,streamspot,44,graph_topo,0.5,0.5,64,64,0.2,0.1,0.1,0.1,"degree,closeness",0.30513599216938014
test,streamspot_331,1,0.41151333451271055,1,streamspot,44,graph_topo,0.5,0.5,64,64,0.2,0.1,0.1,0.1,"degree,closeness",0.30513599216938014
test,streamspot_76,0,0.11248371265828609,0,streamspot,44,graph_topo,0.5,0.5,64,64,0.2,0.1,0.1,0.1,"degree,closeness",0.30513599216938014
test,streamspot_269,0,0.029530478268861772,0,streamspot,44,graph_topo,0.5,0.5,64,64,0.2,0.1,0.1,0.1,"degree,closeness",0.30513599216938014
test,streamspot_284,0,0.07231286652386189,0,streamspot,44,graph_topo,0.5,0.5,64,64,0.2,0.1,0.1,0.1,"degree,closeness",0.30513599216938014
test,streamspot_182,0,0.040911513939499856,0,streamspot,44,graph_topo,0.5,0.5,64,64,0.2,0.1,0.1,0.1,"degree,closeness",0.30513599216938014
test,streamspot_305,1,0.7121565818786622,1,streamspot,44,graph_topo,0.5,0.5,64,64,0.2,0.1,0.1,0.1,"degree,closeness",0.30513599216938014
test,streamspot_366,1,0.6489715099334716,1,streamspot,44,graph_topo,0.5,0.5,64,64,0.2,0.1,0.1,0.1,"degree,closeness",0.30513599216938014
test,streamspot_480,0,0.04093731269240379,0,streamspot,44,graph_topo,0.5,0.5,64,64,0.2,0.1,0.1,0.1,"degree,closeness",0.30513599216938014
test,streamspot_426,0,0.023543286696076395,0,streamspot,44,graph_topo,0.5,0.5,64,64,0.2,0.1,0.1,0.1,"degree,closeness",0.30513599216938014
test,streamspot_355,1,0.3376597583293915,1,streamspot,44,graph_topo,0.5,0.5,64,64,0.2,0.1,0.1,0.1,"degree,closeness",0.30513599216938014
test,streamspot_152,0,0.04821436330676079,0,streamspot,44,graph_topo,0.5,0.5,64,64,0.2,0.1,0.1,0.1,"degree,closeness",0.30513599216938014
test,streamspot_204,0,0.052328835055232045,0,streamspot,44,graph_topo,0.5,0.5,64,64,0.2,0.1,0.1,0.1,"degree,closeness",0.30513599216938014
test,streamspot_333,1,0.5090169429779052,1,streamspot,44,graph_topo,0.5,0.5,64,64,0.2,0.1,0.1,0.1,"degree,closeness",0.30513599216938014
test,streamspot_68,0,0.3253361791372299,1,streamspot,44,graph_topo,0.5,0.5,64,64,0.2,0.1,0.1,0.1,"degree,closeness",0.30513599216938014
test,streamspot_442,0,0.05342623703181744,0,streamspot,44,graph_topo,0.5,0.5,64,64,0.2,0.1,0.1,0.1,"degree,closeness",0.30513599216938014
test,streamspot_88,0,0.09082302525639534,0,streamspot,44,graph_topo,0.5,0.5,64,64,0.2,0.1,0.1,0.1,"degree,closeness",0.30513599216938014
test,streamspot_370,1,0.6965391993522644,1,streamspot,44,graph_topo,0.5,0.5,64,64,0.2,0.1,0.1,0.1,"degree,closeness",0.30513599216938014
test,streamspot_574,0,0.5507993906736374,1,streamspot,44,graph_topo,0.5,0.5,64,64,0.2,0.1,0.1,0.1,"degree,closeness",0.30513599216938014
test,streamspot_274,0,0.06619264557957649,0,streamspot,44,graph_topo,0.5,0.5,64,64,0.2,0.1,0.1,0.1,"degree,closeness",0.30513599216938014
test,streamspot_301,1,0.3241822957992554,1,streamspot,44,graph_topo,0.5,0.5,64,64,0.2,0.1,0.1,0.1,"degree,closeness",0.30513599216938014
test,streamspot_396,1,0.3221345663070679,1,streamspot,44,graph_topo,0.5,0.5,64,64,0.2,0.1,0.1,0.1,"degree,closeness",0.30513599216938014
test,streamspot_309,1,0.33346778750419614,1,streamspot,44,graph_topo,0.5,0.5,64,64,0.2,0.1,0.1,0.1,"degree,closeness",0.30513599216938014
test,streamspot_181,0,0.3108659483492374,1,streamspot,44,graph_topo,0.5,0.5,64,64,0.2,0.1,0.1,0.1,"degree,closeness",0.30513599216938014
test,streamspot_423,0,0.07822436243295669,0,streamspot,44,graph_topo,0.5,0.5,64,64,0.2,0.1,0.1,0.1,"degree,closeness",0.30513599216938014
test,streamspot_137,0,0.3604375958442688,1,streamspot,44,graph_topo,0.5,0.5,64,64,0.2,0.1,0.1,0.1,"degree,closeness",0.30513599216938014
test,streamspot_356,1,0.32346348762512206,1,streamspot,44,graph_topo,0.5,0.5,64,64,0.2,0.1,0.1,0.1,"degree,closeness",0.30513599216938014
test,streamspot_568,0,0.11342683434486389,0,streamspot,44,graph_topo,0.5,0.5,64,64,0.2,0.1,0.1,0.1,"degree,closeness",0.30513599216938014
test,streamspot_341,1,0.33015934824943544,1,streamspot,44,graph_topo,0.5,0.5,64,64,0.2,0.1,0.1,0.1,"degree,closeness",0.30513599216938014
test,streamspot_512,0,0.15565107464790345,0,streamspot,44,graph_topo,0.5,0.5,64,64,0.2,0.1,0.1,0.1,"degree,closeness",0.30513599216938014
test,streamspot_357,1,0.34939113855361936,1,streamspot,44,graph_topo,0.5,0.5,64,64,0.2,0.1,0.1,0.1,"degree,closeness",0.30513599216938014
test,streamspot_363,1,0.33191546201705935,1,streamspot,44,graph_topo,0.5,0.5,64,64,0.2,0.1,0.1,0.1,"degree,closeness",0.30513599216938014
test,streamspot_404,0,0.019268207252025604,0,streamspot,44,graph_topo,0.5,0.5,64,64,0.2,0.1,0.1,0.1,"degree,closeness",0.30513599216938014
test,streamspot_354,1,0.32514840364456177,1,streamspot,44,graph_topo,0.5,0.5,64,64,0.2,0.1,0.1,0.1,"degree,closeness",0.30513599216938014
test,streamspot_135,0,0.36019237637519835,1,streamspot,44,graph_topo,0.5,0.5,64,64,0.2,0.1,0.1,0.1,"degree,closeness",0.30513599216938014
test,streamspot_323,1,0.6943485379219055,1,streamspot,44,graph_topo,0.5,0.5,64,64,0.2,0.1,0.1,0.1,"degree,closeness",0.30513599216938014
test,streamspot_369,1,0.33571632504463195,1,streamspot,44,graph_topo,0.5,0.5,64,64,0.2,0.1,0.1,0.1,"degree,closeness",0.30513599216938014
test,streamspot_397,1,0.6893545269966126,1,streamspot,44,graph_topo,0.5,0.5,64,64,0.2,0.1,0.1,0.1,"degree,closeness",0.30513599216938014
test,streamspot_201,0,0.07255846560001374,0,streamspot,44,graph_topo,0.5,0.5,64,64,0.2,0.1,0.1,0.1,"degree,closeness",0.30513599216938014
test,streamspot_308,1,0.3304853975772858,1,streamspot,44,graph_topo,0.5,0.5,64,64,0.2,0.1,0.1,0.1,"degree,closeness",0.30513599216938014
test,streamspot_440,0,0.05199761316180229,0,streamspot,44,graph_topo,0.5,0.5,64,64,0.2,0.1,0.1,0.1,"degree,closeness",0.30513599216938014
test,streamspot_179,0,0.1898813620209694,0,streamspot,44,graph_topo,0.5,0.5,64,64,0.2,0.1,0.1,0.1,"degree,closeness",0.30513599216938014
test,streamspot_374,1,0.6910479187965393,1,streamspot,44,graph_topo,0.5,0.5,64,64,0.2,0.1,0.1,0.1,"degree,closeness",0.30513599216938014
test,streamspot_358,1,0.34400554895401003,1,streamspot,44,graph_topo,0.5,0.5,64,64,0.2,0.1,0.1,0.1,"degree,closeness",0.30513599216938014
test,streamspot_208,0,0.04488750770688057,0,streamspot,44,graph_topo,0.5,0.5,64,64,0.2,0.1,0.1,0.1,"degree,closeness",0.30513599216938014
test,streamspot_156,0,0.03564093746244908,0,streamspot,44,graph_topo,0.5,0.5,64,64,0.2,0.1,0.1,0.1,"degree,closeness",0.30513599216938014
test,streamspot_389,1,0.33747177124023436,1,streamspot,44,graph_topo,0.5,0.5,64,64,0.2,0.1,0.1,0.1,"degree,closeness",0.30513599216938014
test,streamspot_171,0,0.04723968952894211,0,streamspot,44,graph_topo,0.5,0.5,64,64,0.2,0.1,0.1,0.1,"degree,closeness",0.30513599216938014
test,streamspot_190,0,0.04202561490237713,0,streamspot,44,graph_topo,0.5,0.5,64,64,0.2,0.1,0.1,0.1,"degree,closeness",0.30513599216938014
test,streamspot_391,1,0.3498812258243561,1,streamspot,44,graph_topo,0.5,0.5,64,64,0.2,0.1,0.1,0.1,"degree,closeness",0.30513599216938014
test,streamspot_336,1,0.3201967179775238,1,streamspot,44,graph_topo,0.5,0.5,64,64,0.2,0.1,0.1,0.1,"degree,closeness",0.30513599216938014
test,streamspot_539,0,0.30808455049991607,1,streamspot,44,graph_topo,0.5,0.5,64,64,0.2,0.1,0.1,0.1,"degree,closeness",0.30513599216938014
test,streamspot_364,1,0.3418946027755737,1,streamspot,44,graph_topo,0.5,0.5,64,64,0.2,0.1,0.1,0.1,"degree,closeness",0.30513599216938014
test,streamspot_320,1,0.34775508046150205,1,streamspot,44,graph_topo,0.5,0.5,64,64,0.2,0.1,0.1,0.1,"degree,closeness",0.30513599216938014
test,streamspot_83,0,0.31733656823635104,1,streamspot,44,graph_topo,0.5,0.5,64,64,0.2,0.1,0.1,0.1,"degree,closeness",0.30513599216938014
test,streamspot_375,1,0.3267889082431793,1,streamspot,44,graph_topo,0.5,0.5,64,64,0.2,0.1,0.1,0.1,"degree,closeness",0.30513599216938014
test,streamspot_30,0,0.17983836829662322,0,streamspot,44,graph_topo,0.5,0.5,64,64,0.2,0.1,0.1,0.1,"degree,closeness",0.30513599216938014
test,streamspot_390,1,0.33328555822372435,1,streamspot,44,graph_topo,0.5,0.5,64,64,0.2,0.1,0.1,0.1,"degree,closeness",0.30513599216938014
val,grasec_data_46_30,0,0.5600027024745942,1,grasec,44,graph_topo,0.5,0.5,64,64,0.2,0.1,0.1,0.1,"degree,closeness",0.5383233726024628
val,grasec_data_42_20,1,0.7459409832954407,1,grasec,44,graph_topo,0.5,0.5,64,64,0.2,0.1,0.1,0.1,"degree,closeness",0.5383233726024628
val,grasec_data_47_16,0,0.2736822307109833,0,grasec,44,graph_topo,0.5,0.5,64,64,0.2,0.1,0.1,0.1,"degree,closeness",0.5383233726024628
val,grasec_data_61_32,1,0.8861587643623352,1,grasec,44,graph_topo,0.5,0.5,64,64,0.2,0.1,0.1,0.1,"degree,closeness",0.5383233726024628
val,grasec_data_57_72,0,0.43884257674217225,0,grasec,44,graph_topo,0.5,0.5,64,64,0.2,0.1,0.1,0.1,"degree,closeness",0.5383233726024628
val,grasec_data_32_1,1,0.8184350609779358,1,grasec,44,graph_topo,0.5,0.5,64,64,0.2,0.1,0.1,0.1,"degree,closeness",0.5383233726024628
val,grasec_data_42_71,1,0.5750395715236664,1,grasec,44,graph_topo,0.5,0.5,64,64,0.2,0.1,0.1,0.1,"degree,closeness",0.5383233726024628
val,grasec_data_57_59,0,0.7335761070251465,1,grasec,44,graph_topo,0.5,0.5,64,64,0.2,0.1,0.1,0.1,"degree,closeness",0.5383233726024628
val,grasec_data_57_48,0,0.8219479441642761,1,grasec,44,graph_topo,0.5,0.5,64,64,0.2,0.1,0.1,0.1,"degree,closeness",0.5383233726024628
val,grasec_data_46_32,0,0.7222213745117188,1,grasec,44,graph_topo,0.5,0.5,64,64,0.2,0.1,0.1,0.1,"degree,closeness",0.5383233726024628
val,grasec_data_57_25,0,0.7548720955848693,1,grasec,44,graph_topo,0.5,0.5,64,64,0.2,0.1,0.1,0.1,"degree,closeness",0.5383233726024628
val,grasec_data_61_5,1,0.7905571699142456,1,grasec,44,graph_topo,0.5,0.5,64,64,0.2,0.1,0.1,0.1,"degree,closeness",0.5383233726024628
val,grasec_data_57_74,0,0.42777347564697266,0,grasec,44,graph_topo,0.5,0.5,64,64,0.2,0.1,0.1,0.1,"degree,closeness",0.5383233726024628
val,grasec_data_47_17,0,0.5836089491844177,1,grasec,44,graph_topo,0.5,0.5,64,64,0.2,0.1,0.1,0.1,"degree,closeness",0.5383233726024628
val,grasec_data_57_66,0,0.25040398836135863,0,grasec,44,graph_topo,0.5,0.5,64,64,0.2,0.1,0.1,0.1,"degree,closeness",0.5383233726024628
val,grasec_data_19_26,1,0.8499493956565857,1,grasec,44,graph_topo,0.5,0.5,64,64,0.2,0.1,0.1,0.1,"degree,closeness",0.5383233726024628
val,grasec_data_57_77,0,0.20664099752902984,0,grasec,44,graph_topo,0.5,0.5,64,64,0.2,0.1,0.1,0.1,"degree,closeness",0.5383233726024628
val,grasec_data_19_18,1,0.973863399028778,1,grasec,44,graph_topo,0.5,0.5,64,64,0.2,0.1,0.1,0.1,"degree,closeness",0.5383233726024628
val,grasec_data_32_15,1,0.8393145442008972,1,grasec,44,graph_topo,0.5,0.5,64,64,0.2,0.1,0.1,0.1,"degree,closeness",0.5383233726024628
val,grasec_data_19_22,1,0.7391615986824036,1,grasec,44,graph_topo,0.5,0.5,64,64,0.2,0.1,0.1,0.1,"degree,closeness",0.5383233726024628
val,grasec_data_57_56,0,0.4001363754272461,0,grasec,44,graph_topo,0.5,0.5,64,64,0.2,0.1,0.1,0.1,"degree,closeness",0.5383233726024628
val,grasec_data_61_97,1,0.9260761737823486,1,grasec,44,graph_topo,0.5,0.5,64,64,0.2,0.1,0.1,0.1,"degree,closeness",0.5383233726024628
val,grasec_data_32_76,1,0.441437166929245,0,grasec,44,graph_topo,0.5,0.5,64,64,0.2,0.1,0.1,0.1,"degree,closeness",0.5383233726024628
val,grasec_data_42_99,1,0.5890447497367859,1,grasec,44,graph_topo,0.5,0.5,64,64,0.2,0.1,0.1,0.1,"degree,closeness",0.5383233726024628
val,grasec_data_57_43,0,0.8919456005096436,1,grasec,44,graph_topo,0.5,0.5,64,64,0.2,0.1,0.1,0.1,"degree,closeness",0.5383233726024628
val,grasec_data_57_12,0,0.8619867920875549,1,grasec,44,graph_topo,0.5,0.5,64,64,0.2,0.1,0.1,0.1,"degree,closeness",0.5383233726024628
val,grasec_data_47_77,0,0.7016010403633117,1,grasec,44,graph_topo,0.5,0.5,64,64,0.2,0.1,0.1,0.1,"degree,closeness",0.5383233726024628
val,grasec_data_47_85,0,0.37630712389945986,0,grasec,44,graph_topo,0.5,0.5,64,64,0.2,0.1,0.1,0.1,"degree,closeness",0.5383233726024628
val,grasec_data_57_49,0,0.6522498607635498,1,grasec,44,graph_topo,0.5,0.5,64,64,0.2,0.1,0.1,0.1,"degree,closeness",0.5383233726024628
val,grasec_data_57_50,0,0.6447614669799805,1,grasec,44,graph_topo,0.5,0.5,64,64,0.2,0.1,0.1,0.1,"degree,closeness",0.5383233726024628
val,grasec_data_61_29,1,0.8272804379463196,1,grasec,44,graph_topo,0.5,0.5,64,64,0.2,0.1,0.1,0.1,"degree,closeness",0.5383233726024628
val,grasec_data_32_56,1,0.5433691143989563,1,grasec,44,graph_topo,0.5,0.5,64,64,0.2,0.1,0.1,0.1,"degree,closeness",0.5383233726024628
val,grasec_data_19_13,1,0.8282266974449157,1,grasec,44,graph_topo,0.5,0.5,64,64,0.2,0.1,0.1,0.1,"degree,closeness",0.5383233726024628
val,grasec_data_19_79,1,0.9027713060379028,1,grasec,44,graph_topo,0.5,0.5,64,64,0.2,0.1,0.1,0.1,"degree,closeness",0.5383233726024628
val,grasec_data_47_12,0,0.3399073362350464,0,grasec,44,graph_topo,0.5,0.5,64,64,0.2,0.1,0.1,0.1,"degree,closeness",0.5383233726024628
val,grasec_data_61_64,1,0.841767692565918,1,grasec,44,graph_topo,0.5,0.5,64,64,0.2,0.1,0.1,0.1,"degree,closeness",0.5383233726024628
val,grasec_data_47_83,0,0.7144409060478211,1,grasec,44,graph_topo,0.5,0.5,64,64,0.2,0.1,0.1,0.1,"degree,closeness",0.5383233726024628
val,grasec_data_19_84,1,0.5779716074466705,1,grasec,44,graph_topo,0.5,0.5,64,64,0.2,0.1,0.1,0.1,"degree,closeness",0.5383233726024628
val,grasec_data_42_27,1,0.46204007863998414,0,grasec,44,graph_topo,0.5,0.5,64,64,0.2,0.1,0.1,0.1,"degree,closeness",0.5383233726024628
val,grasec_data_19_71,1,0.8864585876464843,1,grasec,44,graph_topo,0.5,0.5,64,64,0.2,0.1,0.1,0.1,"degree,closeness",0.5383233726024628
val,grasec_data_57_73,0,0.6647603034973144,1,grasec,44,graph_topo,0.5,0.5,64,64,0.2,0.1,0.1,0.1,"degree,closeness",0.5383233726024628
val,grasec_data_42_97,1,0.5689847707748413,1,grasec,44,graph_topo,0.5,0.5,64,64,0.2,0.1,0.1,0.1,"degree,closeness",0.5383233726024628
val,grasec_data_61_48,1,0.9571302771568299,1,grasec,44,graph_topo,0.5,0.5,64,64,0.2,0.1,0.1,0.1,"degree,closeness",0.5383233726024628
val,grasec_data_19_20,1,0.8914503931999207,1,grasec,44,graph_topo,0.5,0.5,64,64,0.2,0.1,0.1,0.1,"degree,closeness",0.5383233726024628
val,grasec_data_47_79,0,0.40687495470046997,0,grasec,44,graph_topo,0.5,0.5,64,64,0.2,0.1,0.1,0.1,"degree,closeness",0.5383233726024628
val,grasec_data_57_39,0,0.49375292658805847,0,grasec,44,graph_topo,0.5,0.5,64,64,0.2,0.1,0.1,0.1,"degree,closeness",0.5383233726024628
val,grasec_data_47_76,0,0.20908132940530777,0,grasec,44,graph_topo,0.5,0.5,64,64,0.2,0.1,0.1,0.1,"degree,closeness",0.5383233726024628
val,grasec_data_35_34,0,0.13437269032001495,0,grasec,44,graph_topo,0.5,0.5,64,64,0.2,0.1,0.1,0.1,"degree,closeness",0.5383233726024628
val,grasec_data_32_80,1,0.44718017578125,0,grasec,44,graph_topo,0.5,0.5,64,64,0.2,0.1,0.1,0.1,"degree,closeness",0.5383233726024628
val,grasec_data_35_32,0,0.5180114269256592,0,grasec,44,graph_topo,0.5,0.5,64,64,0.2,0.1,0.1,0.1,"degree,closeness",0.5383233726024628
val,grasec_data_32_88,1,0.6099098324775696,1,grasec,44,graph_topo,0.5,0.5,64,64,0.2,0.1,0.1,0.1,"degree,closeness",0.5383233726024628
val,grasec_data_57_45,0,0.5079036116600036,0,grasec,44,graph_topo,0.5,0.5,64,64,0.2,0.1,0.1,0.1,"degree,closeness",0.5383233726024628
val,grasec_data_42_5,1,0.6696383833885193,1,grasec,44,graph_topo,0.5,0.5,64,64,0.2,0.1,0.1,0.1,"degree,closeness",0.5383233726024628
val,grasec_data_32_53,1,0.4864422678947449,0,grasec,44,graph_topo,0.5,0.5,64,64,0.2,0.1,0.1,0.1,"degree,closeness",0.5383233726024628
val,grasec_data_42_42,1,0.5464038848876953,1,grasec,44,graph_topo,0.5,0.5,64,64,0.2,0.1,0.1,0.1,"degree,closeness",0.5383233726024628
val,grasec_data_32_70,1,0.3509171545505524,0,grasec,44,graph_topo,0.5,0.5,64,64,0.2,0.1,0.1,0.1,"degree,closeness",0.5383233726024628
val,grasec_data_61_58,1,0.8370002031326294,1,grasec,44,graph_topo,0.5,0.5,64,64,0.2,0.1,0.1,0.1,"degree,closeness",0.5383233726024628
val,grasec_data_57_57,0,1.0063628196716308,1,grasec,44,graph_topo,0.5,0.5,64,64,0.2,0.1,0.1,0.1,"degree,closeness",0.5383233726024628
val,grasec_data_57_19,0,0.4850167751312256,0,grasec,44,graph_topo,0.5,0.5,64,64,0.2,0.1,0.1,0.1,"degree,closeness",0.5383233726024628
val,grasec_data_57_78,0,1.0120403289794921,1,grasec,44,graph_topo,0.5,0.5,64,64,0.2,0.1,0.1,0.1,"degree,closeness",0.5383233726024628
val,grasec_data_46_31,0,0.3077371656894684,0,grasec,44,graph_topo,0.5,0.5,64,64,0.2,0.1,0.1,0.1,"degree,closeness",0.5383233726024628
val,grasec_data_32_19,1,0.7493447542190552,1,grasec,44,graph_topo,0.5,0.5,64,64,0.2,0.1,0.1,0.1,"degree,closeness",0.5383233726024628
val,grasec_data_61_55,1,0.8392687976360321,1,grasec,44,graph_topo,0.5,0.5,64,64,0.2,0.1,0.1,0.1,"degree,closeness",0.5383233726024628
val,grasec_data_42_67,1,0.6478832960128784,1,grasec,44,graph_topo,0.5,0.5,64,64,0.2,0.1,0.1,0.1,"degree,closeness",0.5383233726024628
val,grasec_data_19_27,1,0.8817775845527649,1,grasec,44,graph_topo,0.5,0.5,64,64,0.2,0.1,0.1,0.1,"degree,closeness",0.5383233726024628
val,grasec_data_61_79,1,0.9474363684654236,1,grasec,44,graph_topo,0.5,0.5,64,64,0.2,0.1,0.1,0.1,"degree,closeness",0.5383233726024628
val,grasec_data_57_55,0,0.48874261379241946,0,grasec,44,graph_topo,0.5,0.5,64,64,0.2,0.1,0.1,0.1,"degree,closeness",0.5383233726024628
val,grasec_data_57_75,0,0.4977719306945801,0,grasec,44,graph_topo,0.5,0.5,64,64,0.2,0.1,0.1,0.1,"degree,closeness",0.5383233726024628
val,grasec_data_47_78,0,0.4487474083900452,0,grasec,44,graph_topo,0.5,0.5,64,64,0.2,0.1,0.1,0.1,"degree,closeness",0.5383233726024628
val,grasec_data_42_1,1,0.6605906009674072,1,grasec,44,graph_topo,0.5,0.5,64,64,0.2,0.1,0.1,0.1,"degree,closeness",0.5383233726024628
val,grasec_data_57_63,0,1.0210696816444398,1,grasec,44,graph_topo,0.5,0.5,64,64,0.2,0.1,0.1,0.1,"degree,closeness",0.5383233726024628
val,grasec_data_61_73,1,0.8243865132331848,1,grasec,44,graph_topo,0.5,0.5,64,64,0.2,0.1,0.1,0.1,"degree,closeness",0.5383233726024628
val,grasec_data_61_92,1,0.839043378829956,1,grasec,44,graph_topo,0.5,0.5,64,64,0.2,0.1,0.1,0.1,"degree,closeness",0.5383233726024628
val,grasec_data_57_2,0,0.35841494202613833,0,grasec,44,graph_topo,0.5,0.5,64,64,0.2,0.1,0.1,0.1,"degree,closeness",0.5383233726024628
val,grasec_data_19_50,1,0.8611161351203919,1,grasec,44,graph_topo,0.5,0.5,64,64,0.2,0.1,0.1,0.1,"degree,closeness",0.5383233726024628
val,grasec_data_61_57,1,0.8722070336341858,1,grasec,44,graph_topo,0.5,0.5,64,64,0.2,0.1,0.1,0.1,"degree,closeness",0.5383233726024628
val,grasec_data_32_18,1,0.7998793363571167,1,grasec,44,graph_topo,0.5,0.5,64,64,0.2,0.1,0.1,0.1,"degree,closeness",0.5383233726024628
val,grasec_data_57_31,0,0.7528869271278381,1,grasec,44,graph_topo,0.5,0.5,64,64,0.2,0.1,0.1,0.1,"degree,closeness",0.5383233726024628
val,grasec_data_57_70,0,0.4876111924648285,0,grasec,44,graph_topo,0.5,0.5,64,64,0.2,0.1,0.1,0.1,"degree,closeness",0.5383233726024628
val,grasec_data_57_47,0,0.5380285382270813,0,grasec,44,graph_topo,0.5,0.5,64,64,0.2,0.1,0.1,0.1,"degree,closeness",0.5383233726024628
val,grasec_data_32_75,1,0.43266538381576536,0,grasec,44,graph_topo,0.5,0.5,64,64,0.2,0.1,0.1,0.1,"degree,closeness",0.5383233726024628
val,grasec_data_32_54,1,0.290968781709671,0,grasec,44,graph_topo,0.5,0.5,64,64,0.2,0.1,0.1,0.1,"degree,closeness",0.5383233726024628
val,grasec_data_47_82,0,0.5084577023983001,0,grasec,44,graph_topo,0.5,0.5,64,64,0.2,0.1,0.1,0.1,"degree,closeness",0.5383233726024628
val,grasec_data_46_28,0,0.5149731695652008,0,grasec,44,graph_topo,0.5,0.5,64,64,0.2,0.1,0.1,0.1,"degree,closeness",0.5383233726024628
val,grasec_data_47_9,0,0.6646737396717072,1,grasec,44,graph_topo,0.5,0.5,64,64,0.2,0.1,0.1,0.1,"degree,closeness",0.5383233726024628
val,grasec_data_61_45,1,0.7291739225387573,1,grasec,44,graph_topo,0.5,0.5,64,64,0.2,0.1,0.1,0.1,"degree,closeness",0.5383233726024628
val,grasec_data_57_42,0,0.5616764545440673,1,grasec,44,graph_topo,0.5,0.5,64,64,0.2,0.1,0.1,0.1,"degree,closeness",0.5383233726024628
val,grasec_data_57_6,0,0.5641235291957856,1,grasec,44,graph_topo,0.5,0.5,64,64,0.2,0.1,0.1,0.1,"degree,closeness",0.5383233726024628
val,grasec_data_57_11,0,1.0391618967056275,1,grasec,44,graph_topo,0.5,0.5,64,64,0.2,0.1,0.1,0.1,"degree,closeness",0.5383233726024628
val,grasec_data_42_2,1,0.3437079429626465,0,grasec,44,graph_topo,0.5,0.5,64,64,0.2,0.1,0.1,0.1,"degree,closeness",0.5383233726024628
val,grasec_data_61_6,1,0.5043073356151581,0,grasec,44,graph_topo,0.5,0.5,64,64,0.2,0.1,0.1,0.1,"degree,closeness",0.5383233726024628
val,grasec_data_57_10,0,0.6056520193815231,1,grasec,44,graph_topo,0.5,0.5,64,64,0.2,0.1,0.1,0.1,"degree,closeness",0.5383233726024628
val,grasec_data_57_7,0,0.6811850070953369,1,grasec,44,graph_topo,0.5,0.5,64,64,0.2,0.1,0.1,0.1,"degree,closeness",0.5383233726024628
val,grasec_data_46_29,0,0.5266986429691315,0,grasec,44,graph_topo,0.5,0.5,64,64,0.2,0.1,0.1,0.1,"degree,closeness",0.5383233726024628
val,grasec_data_19_48,1,0.9087433576583862,1,grasec,44,graph_topo,0.5,0.5,64,64,0.2,0.1,0.1,0.1,"degree,closeness",0.5383233726024628
val,grasec_data_57_4,0,0.5931075811386108,1,grasec,44,graph_topo,0.5,0.5,64,64,0.2,0.1,0.1,0.1,"degree,closeness",0.5383233726024628
val,grasec_data_47_88,0,0.3742668628692627,0,grasec,44,graph_topo,0.5,0.5,64,64,0.2,0.1,0.1,0.1,"degree,closeness",0.5383233726024628
val,grasec_data_42_45,1,0.5792263865470886,1,grasec,44,graph_topo,0.5,0.5,64,64,0.2,0.1,0.1,0.1,"degree,closeness",0.5383233726024628
val,grasec_data_61_75,1,0.8238508105278015,1,grasec,44,graph_topo,0.5,0.5,64,64,0.2,0.1,0.1,0.1,"degree,closeness",0.5383233726024628
val,grasec_data_47_80,0,0.3917478621006012,0,grasec,44,graph_topo,0.5,0.5,64,64,0.2,0.1,0.1,0.1,"degree,closeness",0.5383233726024628
val,grasec_data_57_71,0,0.4510113179683685,0,grasec,44,graph_topo,0.5,0.5,64,64,0.2,0.1,0.1,0.1,"degree,closeness",0.5383233726024628
val,grasec_data_19_90,1,0.5575216352939606,1,grasec,44,graph_topo,0.5,0.5,64,64,0.2,0.1,0.1,0.1,"degree,closeness",0.5383233726024628
val,grasec_data_47_10,0,0.7635473608970642,1,grasec,44,graph_topo,0.5,0.5,64,64,0.2,0.1,0.1,0.1,"degree,closeness",0.5383233726024628
val,grasec_data_61_86,1,0.903463625907898,1,grasec,44,graph_topo,0.5,0.5,64,64,0.2,0.1,0.1,0.1,"degree,closeness",0.5383233726024628
val,grasec_data_19_81,1,0.5662885963916778,1,grasec,44,graph_topo,0.5,0.5,64,64,0.2,0.1,0.1,0.1,"degree,closeness",0.5383233726024628
val,grasec_data_61_31,1,0.8704646706581116,1,grasec,44,graph_topo,0.5,0.5,64,64,0.2,0.1,0.1,0.1,"degree,closeness",0.5383233726024628
val,grasec_data_57_5,0,0.1477876715362072,0,grasec,44,graph_topo,0.5,0.5,64,64,0.2,0.1,0.1,0.1,"degree,closeness",0.5383233726024628
val,grasec_data_61_72,1,0.8501641511917114,1,grasec,44,graph_topo,0.5,0.5,64,64,0.2,0.1,0.1,0.1,"degree,closeness",0.5383233726024628
val,grasec_data_42_56,1,0.5386182069778442,1,grasec,44,graph_topo,0.5,0.5,64,64,0.2,0.1,0.1,0.1,"degree,closeness",0.5383233726024628
val,grasec_data_57_13,0,0.33291610777378083,0,grasec,44,graph_topo,0.5,0.5,64,64,0.2,0.1,0.1,0.1,"degree,closeness",0.5383233726024628
val,grasec_data_19_38,1,0.905193543434143,1,grasec,44,graph_topo,0.5,0.5,64,64,0.2,0.1,0.1,0.1,"degree,closeness",0.5383233726024628
val,grasec_data_57_29,0,0.6564704179763794,1,grasec,44,graph_topo,0.5,0.5,64,64,0.2,0.1,0.1,0.1,"degree,closeness",0.5383233726024628
val,grasec_data_19_68,1,0.8811227679252625,1,grasec,44,graph_topo,0.5,0.5,64,64,0.2,0.1,0.1,0.1,"degree,closeness",0.5383233726024628
val,grasec_data_19_53,1,0.8816710948944092,1,grasec,44,graph_topo,0.5,0.5,64,64,0.2,0.1,0.1,0.1,"degree,closeness",0.5383233726024628
val,grasec_data_19_67,1,0.928493344783783,1,grasec,44,graph_topo,0.5,0.5,64,64,0.2,0.1,0.1,0.1,"degree,closeness",0.5383233726024628
val,grasec_data_61_84,1,0.812952196598053,1,grasec,44,graph_topo,0.5,0.5,64,64,0.2,0.1,0.1,0.1,"degree,closeness",0.5383233726024628
val,grasec_data_57_23,0,0.4593929827213287,0,grasec,44,graph_topo,0.5,0.5,64,64,0.2,0.1,0.1,0.1,"degree,closeness",0.5383233726024628
val,grasec_data_57_24,0,0.6144143044948578,1,grasec,44,graph_topo,0.5,0.5,64,64,0.2,0.1,0.1,0.1,"degree,closeness",0.5383233726024628
val,grasec_data_42_43,1,0.3477200627326965,0,grasec,44,graph_topo,0.5,0.5,64,64,0.2,0.1,0.1,0.1,"degree,closeness",0.5383233726024628
val,grasec_data_42_46,1,0.4643020391464233,0,grasec,44,graph_topo,0.5,0.5,64,64,0.2,0.1,0.1,0.1,"degree,closeness",0.5383233726024628
val,grasec_data_19_52,1,0.8328562140464782,1,grasec,44,graph_topo,0.5,0.5,64,64,0.2,0.1,0.1,0.1,"degree,closeness",0.5383233726024628
val,grasec_data_46_33,0,0.6997912645339965,1,grasec,44,graph_topo,0.5,0.5,64,64,0.2,0.1,0.1,0.1,"degree,closeness",0.5383233726024628
val,grasec_data_57_9,0,0.354390025138855,0,grasec,44,graph_topo,0.5,0.5,64,64,0.2,0.1,0.1,0.1,"degree,closeness",0.5383233726024628
val,grasec_data_42_90,1,0.5727621614933014,1,grasec,44,graph_topo,0.5,0.5,64,64,0.2,0.1,0.1,0.1,"degree,closeness",0.5383233726024628
val,grasec_data_32_31,1,0.4479372203350067,0,grasec,44,graph_topo,0.5,0.5,64,64,0.2,0.1,0.1,0.1,"degree,closeness",0.5383233726024628
val,grasec_data_57_26,0,0.7803937315940856,1,grasec,44,graph_topo,0.5,0.5,64,64,0.2,0.1,0.1,0.1,"degree,closeness",0.5383233726024628
val,grasec_data_47_7,0,0.30146934390068053,0,grasec,44,graph_topo,0.5,0.5,64,64,0.2,0.1,0.1,0.1,"degree,closeness",0.5383233726024628
val,grasec_data_57_51,0,0.5237286210060119,0,grasec,44,graph_topo,0.5,0.5,64,64,0.2,0.1,0.1,0.1,"degree,closeness",0.5383233726024628
val,grasec_data_61_66,1,0.8654734015464782,1,grasec,44,graph_topo,0.5,0.5,64,64,0.2,0.1,0.1,0.1,"degree,closeness",0.5383233726024628
val,grasec_data_57_21,0,0.7585310339927673,1,grasec,44,graph_topo,0.5,0.5,64,64,0.2,0.1,0.1,0.1,"degree,closeness",0.5383233726024628
val,grasec_data_57_0,0,0.781300938129425,1,grasec,44,graph_topo,0.5,0.5,64,64,0.2,0.1,0.1,0.1,"degree,closeness",0.5383233726024628
val,grasec_data_46_34,0,0.6299428224563599,1,grasec,44,graph_topo,0.5,0.5,64,64,0.2,0.1,0.1,0.1,"degree,closeness",0.5383233726024628
val,grasec_data_47_22,0,0.72581045627594,1,grasec,44,graph_topo,0.5,0.5,64,64,0.2,0.1,0.1,0.1,"degree,closeness",0.5383233726024628
val,grasec_data_19_5,1,0.8329726219177246,1,grasec,44,graph_topo,0.5,0.5,64,64,0.2,0.1,0.1,0.1,"degree,closeness",0.5383233726024628
val,grasec_data_35_33,0,0.1567862331867218,0,grasec,44,graph_topo,0.5,0.5,64,64,0.2,0.1,0.1,0.1,"degree,closeness",0.5383233726024628
val,grasec_data_19_63,1,0.8595782995224,1,grasec,44,graph_topo,0.5,0.5,64,64,0.2,0.1,0.1,0.1,"degree,closeness",0.5383233726024628
val,grasec_data_32_36,1,0.547860461473465,1,grasec,44,graph_topo,0.5,0.5,64,64,0.2,0.1,0.1,0.1,"degree,closeness",0.5383233726024628
val,grasec_data_57_34,0,0.8511843323707581,1,grasec,44,graph_topo,0.5,0.5,64,64,0.2,0.1,0.1,0.1,"degree,closeness",0.5383233726024628
val,grasec_data_57_8,0,0.7671800971031189,1,grasec,44,graph_topo,0.5,0.5,64,64,0.2,0.1,0.1,0.1,"degree,closeness",0.5383233726024628
val,grasec_data_32_49,1,0.36450315117835996,0,grasec,44,graph_topo,0.5,0.5,64,64,0.2,0.1,0.1,0.1,"degree,closeness",0.5383233726024628
val,grasec_data_57_16,0,0.6639268636703491,1,grasec,44,graph_topo,0.5,0.5,64,64,0.2,0.1,0.1,0.1,"degree,closeness",0.5383233726024628
val,grasec_data_42_98,1,0.6559148669242859,1,grasec,44,graph_topo,0.5,0.5,64,64,0.2,0.1,0.1,0.1,"degree,closeness",0.5383233726024628
val,grasec_data_32_60,1,0.539896982908249,1,grasec,44,graph_topo,0.5,0.5,64,64,0.2,0.1,0.1,0.1,"degree,closeness",0.5383233726024628
val,grasec_data_19_58,1,0.8309237599372864,1,grasec,44,graph_topo,0.5,0.5,64,64,0.2,0.1,0.1,0.1,"degree,closeness",0.5383233726024628
val,grasec_data_57_30,0,0.6387787580490112,1,grasec,44,graph_topo,0.5,0.5,64,64,0.2,0.1,0.1,0.1,"degree,closeness",0.5383233726024628
val,grasec_data_19_14,1,0.9011876583099365,1,grasec,44,graph_topo,0.5,0.5,64,64,0.2,0.1,0.1,0.1,"degree,closeness",0.5383233726024628
val,grasec_data_19_28,1,0.9328309893608093,1,grasec,44,graph_topo,0.5,0.5,64,64,0.2,0.1,0.1,0.1,"degree,closeness",0.5383233726024628
val,grasec_data_57_67,0,0.5444518804550171,1,grasec,44,graph_topo,0.5,0.5,64,64,0.2,0.1,0.1,0.1,"degree,closeness",0.5383233726024628
val,grasec_data_57_20,0,1.0268914699554443,1,grasec,44,graph_topo,0.5,0.5,64,64,0.2,0.1,0.1,0.1,"degree,closeness",0.5383233726024628
val,grasec_data_57_60,0,0.44908449053764343,0,grasec,44,graph_topo,0.5,0.5,64,64,0.2,0.1,0.1,0.1,"degree,closeness",0.5383233726024628
val,grasec_data_61_77,1,0.9758148908615112,1,grasec,44,graph_topo,0.5,0.5,64,64,0.2,0.1,0.1,0.1,"degree,closeness",0.5383233726024628
val,grasec_data_57_14,0,0.5280548095703125,0,grasec,44,graph_topo,0.5,0.5,64,64,0.2,0.1,0.1,0.1,"degree,closeness",0.5383233726024628
test,grasec_data_32_29,0,0.20383039563894273,0,grasec,44,graph_topo,0.5,0.5,64,64,0.2,0.1,0.1,0.1,"degree,closeness",0.5383233726024628
test,grasec_data_42_11,0,0.6638442635536194,1,grasec,44,graph_topo,0.5,0.5,64,64,0.2,0.1,0.1,0.1,"degree,closeness",0.5383233726024628
test,grasec_data_61_7,1,0.7358398735523224,1,grasec,44,graph_topo,0.5,0.5,64,64,0.2,0.1,0.1,0.1,"degree,closeness",0.5383233726024628
test,grasec_data_32_47,0,0.7116127431392669,1,grasec,44,graph_topo,0.5,0.5,64,64,0.2,0.1,0.1,0.1,"degree,closeness",0.5383233726024628
test,grasec_data_19_43,1,0.9067269921302795,1,grasec,44,graph_topo,0.5,0.5,64,64,0.2,0.1,0.1,0.1,"degree,closeness",0.5383233726024628
test,grasec_data_32_99,0,0.2615939319133759,0,grasec,44,graph_topo,0.5,0.5,64,64,0.2,0.1,0.1,0.1,"degree,closeness",0.5383233726024628
test,grasec_data_42_10,0,0.5070016086101532,0,grasec,44,graph_topo,0.5,0.5,64,64,0.2,0.1,0.1,0.1,"degree,closeness",0.5383233726024628
test,grasec_data_42_88,1,0.5566433668136597,1,grasec,44,graph_topo,0.5,0.5,64,64,0.2,0.1,0.1,0.1,"degree,closeness",0.5383233726024628
test,grasec_data_42_93,1,0.3981970578432083,0,grasec,44,graph_topo,0.5,0.5,64,64,0.2,0.1,0.1,0.1,"degree,closeness",0.5383233726024628
test,grasec_data_42_82,1,0.5331581175327301,0,grasec,44,graph_topo,0.5,0.5,64,64,0.2,0.1,0.1,0.1,"degree,closeness",0.5383233726024628
test,grasec_data_32_96,1,0.3534821391105652,0,grasec,44,graph_topo,0.5,0.5,64,64,0.2,0.1,0.1,0.1,"degree,closeness",0.5383233726024628
test,grasec_data_42_8,0,0.27965221703052523,0,grasec,44,graph_topo,0.5,0.5,64,64,0.2,0.1,0.1,0.1,"degree,closeness",0.5383233726024628
test,grasec_data_19_47,1,0.9032861828804016,1,grasec,44,graph_topo,0.5,0.5,64,64,0.2,0.1,0.1,0.1,"degree,closeness",0.5383233726024628
test,grasec_data_61_23,0,0.20694880783557892,0,grasec,44,graph_topo,0.5,0.5,64,64,0.2,0.1,0.1,0.1,"degree,closeness",0.5383233726024628
test,grasec_data_32_100,0,0.34773400127887727,0,grasec,44,graph_topo,0.5,0.5,64,64,0.2,0.1,0.1,0.1,"degree,closeness",0.5383233726024628
test,grasec_data_61_98,1,0.883020532131195,1,grasec,44,graph_topo,0.5,0.5,64,64,0.2,0.1,0.1,0.1,"degree,closeness",0.5383233726024628
test,grasec_data_61_25,0,0.47529996037483213,0,grasec,44,graph_topo,0.5,0.5,64,64,0.2,0.1,0.1,0.1,"degree,closeness",0.5383233726024628
test,grasec_data_61_70,1,0.9138372659683227,1,grasec,44,graph_topo,0.5,0.5,64,64,0.2,0.1,0.1,0.1,"degree,closeness",0.5383233726024628
test,grasec_data_61_49,1,0.903911554813385,1,grasec,44,graph_topo,0.5,0.5,64,64,0.2,0.1,0.1,0.1,"degree,closeness",0.5383233726024628
test,grasec_data_32_39,1,0.5521880626678467,1,grasec,44,graph_topo,0.5,0.5,64,64,0.2,0.1,0.1,0.1,"degree,closeness",0.5383233726024628
test,grasec_data_19_33,1,0.8739521741867066,1,grasec,44,graph_topo,0.5,0.5,64,64,0.2,0.1,0.1,0.1,"degree,closeness",0.5383233726024628
test,grasec_data_42_9,0,0.7924434304237366,1,grasec,44,graph_topo,0.5,0.5,64,64,0.2,0.1,0.1,0.1,"degree,closeness",0.5383233726024628
test,grasec_data_61_17,1,0.7483314514160156,1,grasec,44,graph_topo,0.5,0.5,64,64,0.2,0.1,0.1,0.1,"degree,closeness",0.5383233726024628
test,grasec_data_42_17,1,0.41089643239974977,0,grasec,44,graph_topo,0.5,0.5,64,64,0.2,0.1,0.1,0.1,"degree,closeness",0.5383233726024628
test,grasec_data_19_82,0,0.39553911685943605,0,grasec,44,graph_topo,0.5,0.5,64,64,0.2,0.1,0.1,0.1,"degree,closeness",0.5383233726024628
test,grasec_data_42_13,0,0.544590413570404,1,grasec,44,graph_topo,0.5,0.5,64,64,0.2,0.1,0.1,0.1,"degree,closeness",0.5383233726024628
test,grasec_data_32_27,0,0.49621887803077697,0,grasec,44,graph_topo,0.5,0.5,64,64,0.2,0.1,0.1,0.1,"degree,closeness",0.5383233726024628
test,grasec_data_61_26,0,0.5829849481582642,1,grasec,44,graph_topo,0.5,0.5,64,64,0.2,0.1,0.1,0.1,"degree,closeness",0.5383233726024628
test,grasec_data_61_53,1,0.9640428066253662,1,grasec,44,graph_topo,0.5,0.5,64,64,0.2,0.1,0.1,0.1,"degree,closeness",0.5383233726024628
test,grasec_data_19_78,1,0.8862157106399536,1,grasec,44,graph_topo,0.5,0.5,64,64,0.2,0.1,0.1,0.1,"degree,closeness",0.5383233726024628
test,grasec_data_32_22,1,0.7912071824073792,1,grasec,44,graph_topo,0.5,0.5,64,64,0.2,0.1,0.1,0.1,"degree,closeness",0.5383233726024628
test,grasec_data_61_47,1,0.8293883562088012,1,grasec,44,graph_topo,0.5,0.5,64,64,0.2,0.1,0.1,0.1,"degree,closeness",0.5383233726024628
test,grasec_data_42_86,1,0.5879695296287537,1,grasec,44,graph_topo,0.5,0.5,64,64,0.2,0.1,0.1,0.1,"degree,closeness",0.5383233726024628
test,grasec_data_61_24,0,0.5022668659687042,0,grasec,44,graph_topo,0.5,0.5,64,64,0.2,0.1,0.1,0.1,"degree,closeness",0.5383233726024628
test,grasec_data_32_25,0,0.5550443589687347,1,grasec,44,graph_topo,0.5,0.5,64,64,0.2,0.1,0.1,0.1,"degree,closeness",0.5383233726024628
test,grasec_data_19_83,0,0.39665945172309874,0,grasec,44,graph_topo,0.5,0.5,64,64,0.2,0.1,0.1,0.1,"degree,closeness",0.5383233726024628
test,grasec_data_32_26,0,0.4499903365969658,0,grasec,44,graph_topo,0.5,0.5,64,64,0.2,0.1,0.1,0.1,"degree,closeness",0.5383233726024628
test,grasec_data_61_19,1,0.7849539279937744,1,grasec,44,graph_topo,0.5,0.5,64,64,0.2,0.1,0.1,0.1,"degree,closeness",0.5383233726024628
test,grasec_data_32_34,0,0.252816304564476,0,grasec,44,graph_topo,0.5,0.5,64,64,0.2,0.1,0.1,0.1,"degree,closeness",0.5383233726024628
test,grasec_data_61_100,1,0.8773594975471497,1,grasec,44,graph_topo,0.5,0.5,64,64,0.2,0.1,0.1,0.1,"degree,closeness",0.5383233726024628
test,grasec_data_61_69,1,0.8543741822242736,1,grasec,44,graph_topo,0.5,0.5,64,64,0.2,0.1,0.1,0.1,"degree,closeness",0.5383233726024628
test,grasec_data_61_27,0,0.36914766728878023,0,grasec,44,graph_topo,0.5,0.5,64,64,0.2,0.1,0.1,0.1,"degree,closeness",0.5383233726024628
test,grasec_data_32_28,0,0.2591040998697281,0,grasec,44,graph_topo,0.5,0.5,64,64,0.2,0.1,0.1,0.1,"degree,closeness",0.5383233726024628
test,grasec_data_42_12,0,0.4452252149581909,0,grasec,44,graph_topo,0.5,0.5,64,64,0.2,0.1,0.1,0.1,"degree,closeness",0.5383233726024628
